source,smiles
D00594_protomer_1,CCOc1cc(CC(=O)NC(CC(C)C)c2ccccc2N2CCCCC2)ccc1C(=O)[O-]
D00594_protomer_2,CCOc1cc(CC(=O)NC(CC(C)C)c2ccccc2N2CCCCC2)ccc1C(=O)O
D08266_protomer_1,OCC(O)C(O)C(OC1OC(CO)C(O)C(O)C1O)C(O)CO
D08161_protomer_1,C[NH+]1CCc2c(c3ccccc3n2Cc2ccccc2)C1
D08161_protomer_2,CN1CCc2c(c3ccccc3n2Cc2ccccc2)C1
D08157_protomer_1,C[NH+]1C2CCC(C)(C)C1CC(OC(=O)C(O)(c1cccs1)c1cccs1)C2
D08157_protomer_2,CN1C2CCC(C)(C)C1CC(OC(=O)C(O)(c1cccs1)c1cccs1)C2
D01177_protomer_1,CCC(=O)N(c1ccccc1)C1(C(=O)OC)CC[NH+](CCC(=O)OC)CC1
D01177_protomer_2,CCC(=O)N(c1ccccc1)C1(C(=O)OC)CCN(CCC(=O)OC)CC1
D11693_protomer_2,COc1cc(C(C)C)c(Oc2cnc(N)nc2N)cc1S([NH-])(=O)=O
D11693_protomer_1,COc1cc(C(C)C)c(Oc2cnc(N)nc2N)cc1S(N)(=O)=O
D07088_protomer_1,CCOc1ccc(C=C2[NH2+]CCc3cc(OCC)c(OCC)cc32)cc1OCC
D07088_protomer_2,CCOc1ccc(C=C2NCCc3cc(OCC)c(OCC)cc32)cc1OCC
D02593_protomer_1,COc1ccnc(CS(=O)c2nc3cc(OC(F)F)ccc3[n-]2)c1OC
D02593_protomer_2,COc1ccnc(CS(=O)c2nc3cc(OC(F)F)ccc3[nH]2)c1OC
D07298_protomer_1,CCC1(c2ccccc2)C(=O)[N-]C(=O)[N-]C1=O
D07298_protomer_2,CCC1(c2ccccc2)C(=O)NC(=O)NC1=O
D08143_protomer_1,[NH3+]C(C(=O)NC1C(=O)N2C(C(=O)[O-])=C(Cl)CCC12)c1ccccc1
D08143_protomer_2,NC(C(=O)NC1C(=O)N2C(C(=O)O)=C(Cl)CCC12)c1ccccc1
D00400_protomer_3,CCCCC(=O)N(Cc1ccc(-c2ccccc2-c2nn[nH]n2)cc1)C(C(=O)O)C(C)C
D00400_protomer_2,CCCCC(=O)N(Cc1ccc(-c2ccccc2-c2nn[n-]n2)cc1)C(C(=O)[O-])C(C)C
D00400_protomer_1,CCCCC(=O)N(Cc1ccc(-c2ccccc2-c2nn[nH]n2)cc1)C(C(=O)[O-])C(C)C
D10195_protomer_1,CCOc1ccc(Cc2cc(C3SC(CO)C(O)C(O)C3O)c(OC)cc2C)cc1
C16823_protomer_1,CN(CCCCCCN(C)C(=O)Oc1ccc[n+](C)c1)C(=O)Oc1ccc[n+](C)c1
D07563_protomer_2,C=CC[NH+]1CCCC1CNC(=O)c1cc2[n-]nnc2cc1OC
D07563_protomer_3,C=CCN1CCCC1CNC(=O)c1cc2[nH]nnc2cc1OC
D07563_protomer_1,C=CC[NH+]1CCCC1CNC(=O)c1cc2[nH]nnc2cc1OC
D00808_protomer_1,Cc1ccc(C(=O)Nc2ccc(S(=O)(=O)[O-])c3cc(S(=O)(=O)[O-])cc(S(=O)(=O)[O-])c23)cc1NC(=O)c1cccc(NC(=O)Nc2cccc(C(=O)Nc3cc(C(=O)Nc4ccc(S(=O)(=O)[O-])c5cc(S(=O)(=O)[O-])cc(S(=O)(=O)[O-])c45)ccc3C)c2)c1
D08301_protomer_2,COc1ccc2c(c1)OC(C)(C)C(c1ccccc1)C2c1ccc(OCCN2CCCC2)cc1
D08301_protomer_1,COc1ccc2c(c1)OC(C)(C)C(c1ccccc1)C2c1ccc(OCC[NH+]2CCCC2)cc1
D07184_protomer_2,CC(C)(C)NCC(O)COc1ccc(NC(=O)NC2CCCCC2)cc1
D07184_protomer_1,CC(C)(C)[NH2+]CC(O)COc1ccc(NC(=O)NC2CCCCC2)cc1
D07800_protomer_1,CCCCC(=O)OCC(=O)C1(O)C(C)CC2C3CCC4=CC(=O)C=CC4(C)C3(F)C(O)CC21C
D07867_protomer_1,O=C(OC1CC2CC3CC(C1)[NH+]2CC3=O)c1c[nH]c2ccccc12
D07867_protomer_2,O=C(OC1CC2CC3CC(C1)N2CC3=O)c1c[nH]c2ccccc12
D00928_protomer_1,CCOc1ccc2ccccc2c1C(=O)NC1C(=O)N2C1SC(C)(C)C2C(=O)[O-]
D02608_protomer_1,C[NH+]1CC[NH+](CCCN2c3ccccc3Sc3ccccc32)CC1
D02608_protomer_2,CN1CCN(CCCN2c3ccccc3Sc3ccccc32)CC1
D06056_protomer_1,CCCCC[NH+]=C(N)NN=Cc1c[nH]c2ccc(OC)cc12
D06056_protomer_2,CCCCCN=C(N)NN=Cc1c[nH]c2ccc(OC)cc12
D01111_protomer_2,CC(C)C1CCC(C(=O)NC(Cc2ccccc2)C(=O)O)CC1
D01111_protomer_1,CC(C)C1CCC(C(=O)NC(Cc2ccccc2)C(=O)[O-])CC1
D07704_protomer_1,C[NH+](C)CCCC1(c2ccc(F)cc2)OCc2cc(C#N)ccc21
D07704_protomer_2,CN(C)CCCC1(c2ccc(F)cc2)OCc2cc(C#N)ccc21
D02317_protomer_1,[NH3+]C1CCN(c2nc3c(cc2F)c(=O)c(C(=O)[O-])cn3-c2ccc(F)cc2F)C1
D02317_protomer_2,NC1CCN(c2nc3c(cc2F)c(=O)c(C(=O)O)cn3-c2ccc(F)cc2F)C1
D01112_protomer_2,COc1ccc(-c2ccc3cc(C(=O)O)ccc3c2)cc1C12CC3CC(CC(C3)C1)C2
D01112_protomer_1,COc1ccc(-c2ccc3cc(C(=O)[O-])ccc3c2)cc1C12CC3CC(CC(C3)C1)C2
D00986_protomer_1,CC(=O)OCC(=O)C1(O)CCC2C3CCC4=CC(=O)CCC4(C)C3(F)C(O)CC21C
D08214_protomer_1,Cc1ncc([N+](=O)[O-])n1CCOC(=O)c1ccccc1
D03276_protomer_2,CCN(CC)C(C)CN1c2ccccc2Sc2ccccc21
D03276_protomer_1,CC[NH+](CC)C(C)CN1c2ccccc2Sc2ccccc21
D02348_protomer_2,Cc1onc(-c2c(Cl)cccc2Cl)c1C(=O)NC1C(=O)N2C1SC(C)(C)C2C(=O)O
D03716_protomer_1,CCC(=O)[N-]S(=O)(=O)c1ccc(-c2c(-c3ccccc3)noc2C)cc1
D03716_protomer_2,CCC(=O)NS(=O)(=O)c1ccc(-c2c(-c3ccccc3)noc2C)cc1
D02111_protomer_3,CC(C)=CCN1CCC2(C)c3cc(O)ccc3CC1C2C
D02111_protomer_2,CC(C)=CC[NH+]1CCC2(C)c3cc([O-])ccc3CC1C2C
D03218_protomer_2,CNC(=O)c1ccccc1Sc1ccc2c(C=Cc3ccccn3)n[nH]c2c1
D03218_protomer_1,CNC(=O)c1ccccc1Sc1ccc2c(C=Cc3ccccn3)n[n-]c2c1
D07095_protomer_1,O=C(C[NH+]1CC[NH+](Cc2ccc3c(c2)OCO3)CC1)N1c2ccccc2Sc2ccccc21
D07095_protomer_2,O=C(CN1CCN(Cc2ccc3c(c2)OCO3)CC1)N1c2ccccc2Sc2ccccc21
D02889_protomer_1,CC(C)(C)C(=O)OCOC(=O)C1N2C(=O)C([NH+]=CN3CCCCCC3)C2SC1(C)C
D02889_protomer_2,CC(C)(C)C(=O)OCOC(=O)C1N2C(=O)C(N=CN3CCCCCC3)C2SC1(C)C
D00828_protomer_1,CCC1=C(CC2[NH2+]CCc3cc(OC)c(OC)cc32)CC2c3cc(OC)c(OC)cc3CC[NH+]2C1
D00828_protomer_2,CCC1=C(CC2NCCc3cc(OC)c(OC)cc32)CC2c3cc(OC)c(OC)cc3CCN2C1
D00621_protomer_2,CCOC(=O)C(CCc1ccccc1)NC(C)C(=O)N1CCCC1C(=O)O
D00621_protomer_1,CCOC(=O)C(CCc1ccccc1)[NH2+]C(C)C(=O)N1CCCC1C(=O)[O-]
D07761_protomer_1,CC1(C)C(C=C(Cl)Cl)C1C(=O)OC(C#N)c1ccc(F)c(Oc2ccccc2)c1
D00840_protomer_2,CCC(OC(C)=O)C(CC(C)N(C)C)(c1ccccc1)c1ccccc1
D00840_protomer_1,CCC(OC(C)=O)C(CC(C)[NH+](C)C)(c1ccccc1)c1ccccc1
D00530_protomer_1,CCN(C(C)=O)c1cccc(-c2ccnc3c(C#N)cnn23)c1
D04599_protomer_1,CNC(=O)c1c(I)c(C(=O)NCC(=O)Nc2c(I)c(C(=O)[O-])c(I)c(C(=O)NCCO)c2I)c(I)c(N(C)C(C)=O)c1I
D07384_protomer_1,CCC(=O)C(CC[NH+](C)C)(c1ccccc1)c1ccccc1
D07384_protomer_2,CCC(=O)C(CCN(C)C)(c1ccccc1)c1ccccc1
D07649_protomer_1,CON=C(C(=O)NC1C(=O)N2C(C(=O)[O-])=C(C[n+]3cccc4c3CCC4)CSC12)c1csc(N)n1
D00650_protomer_2,[NH-]S(=O)(=O)c1cc2c(cc1C(F)(F)F)[NH2+]C(Cc1ccccc1)[N-]S2(=O)=O
D00650_protomer_3,NS(=O)(=O)c1cc2c(cc1C(F)(F)F)NC(Cc1ccccc1)NS2(=O)=O
D00650_protomer_1,NS(=O)(=O)c1cc2c(cc1C(F)(F)F)[NH2+]C(Cc1ccccc1)[N-]S2(=O)=O
C13072_protomer_1,O=S(=O)([O-])Oc1ccc(C(c2ccc(OS(=O)(=O)[O-])cc2)c2ccccn2)cc1
D00682_protomer_1,CCCCCC(C)(O)C=CC1C(O)CC(O)C1CC=CCCCC(=O)[O-]
D00682_protomer_2,CCCCCC(C)(O)C=CC1C(O)CC(O)C1CC=CCCCC(=O)O
D00627_protomer_1,CCCc1nc2c(C)cc(-c3nc4ccccc4n3C)cc2n1Cc1ccc(-c2ccccc2C(=O)[O-])cc1
D00627_protomer_2,CCCc1nc2c(C)cc(-c3nc4ccccc4n3C)cc2n1Cc1ccc(-c2ccccc2C(=O)O)cc1
D00615_protomer_2,CCOC(=O)C1=C(COCCN)NC(C)=C(C(=O)OC)C1c1ccccc1Cl
D00615_protomer_1,CCOC(=O)C1=C(COCC[NH3+])[NH2+]C(C)=C(C(=O)OC)C1c1ccccc1Cl
D02346_protomer_1,CCCC1CC(C(=O)NC(C(C)O)C2OC(SC)C(O)C(O)C2O)[NH+](C)C1
D02346_protomer_2,CCCC1CC(C(=O)NC(C(C)O)C2OC(SC)C(O)C(O)C2O)N(C)C1
D01719_protomer_1,CN(C(=O)CO)c1c(I)c(C(=O)NCC(O)CO)c(I)c(C(=O)NCC(O)CO)c1I
D02477_protomer_1,C=C1c2c(Cl)ccc([O-])c2C([O-])=C2C(=O)C3(O)C([O-])=C(C(N)=O)C(=O)C([NH+](C)C)C3C(O)C12
D02477_protomer_3,C=C1c2c(Cl)ccc(O)c2C(O)=C2C(=O)C3(O)C(O)=C(C(N)=O)C(=O)C(N(C)C)C3C(O)C12
D02477_protomer_2,C=C1c2c(Cl)ccc(O)c2C([O-])=C2C(=O)C3(O)C([O-])=C(C(N)=O)C(=O)C([NH+](C)C)C3C(O)C12
D08245_protomer_2,CN(CC=Cc1ccccc1)Cc1cccc2ccccc12
D08245_protomer_1,C[NH+](CC=Cc1ccccc1)Cc1cccc2ccccc12
D07223_protomer_1,CC(=O)C1(C)CCC2C3CCC4=CC(=O)CCC4=C3CCC21C
D02085_protomer_1,Cc1[nH]c(=O)c(C#N)cc1-c1ccncc1
D02085_protomer_2,Cc1[n-]c(=O)c(C#N)cc1-c1ccncc1
D02390_protomer_1,O=C([O-])C(O)C(O)C(O)C(O)CO
D02240_protomer_2,CC(=O)Nc1c(I)c(NC(C)=O)c(I)c(C(=O)O)c1I
D02240_protomer_1,CC(=O)Nc1c(I)c(NC(C)=O)c(I)c(C(=O)[O-])c1I
D06239_protomer_1,COc1cc(NCc2ccc3nc(N)nc(N)c3c2C)cc(OC)c1OC
D05374_protomer_2,Fc1ccc(C2CCNCC2COc2ccc3c(c2)OCO3)cc1
D05374_protomer_1,Fc1ccc(C2CC[NH2+]CC2COc2ccc3c(c2)OCO3)cc1
D03753_protomer_2,CCCC(NC(C)C(=O)N1C(C(=O)O)CC2CCCCC21)C(=O)OCC
D03753_protomer_1,CCCC([NH2+]C(C)C(=O)N1C(C(=O)[O-])CC2CCCCC21)C(=O)OCC
D00887_protomer_1,CC(C)c1c(C(=O)Nc2ccccc2)c(-c2ccccc2)c(-c2ccc(F)cc2)n1CCC(O)CC(O)CC(=O)[O-]
D02167_protomer_2,CC(Cc1ccccc1)NCCC(c1ccccc1)c1ccccc1
D02167_protomer_1,CC(Cc1ccccc1)[NH2+]CCC(c1ccccc1)c1ccccc1
D00973_protomer_1,CC(=O)OCC(=O)C1(O)CCC2C3CCC4=CC(=O)CCC4(C)C3C(=O)CC21C
D02504_protomer_1,CNC(=O)CC([NH3+])C(=O)NC(C(=O)NC1C(=O)N2C1SC(C)(C)C2C(=O)[O-])c1ccc([O-])cc1
D02504_protomer_3,CNC(=O)CC(N)C(=O)NC(C(=O)NC1C(=O)N2C1SC(C)(C)C2C(=O)O)c1ccc(O)cc1
D02504_protomer_2,CNC(=O)CC([NH3+])C(=O)NC(C(=O)NC1C(=O)N2C1SC(C)(C)C2C(=O)[O-])c1ccc(O)cc1
D07098_protomer_1,CC[NH+](CC)CCn1c(=O)c(Cc2ccc(OC)cc2)nc2ccccc21
D07098_protomer_2,CCN(CC)CCn1c(=O)c(Cc2ccc(OC)cc2)nc2ccccc21
D02071_protomer_1,C[NH+]1C2CC(OC(=O)C(CO)c3ccccc3)CC1C1OC12
D02071_protomer_2,CN1C2CC(OC(=O)C(CO)c3ccccc3)CC1C1OC12
D00457_protomer_1,Fc1ccccc1C1=NCC(=S)N(CC(F)(F)F)c2ccc(Cl)cc21
D00204_protomer_1,CC1(C)SC2C(NC(=O)C([NH3+])c3ccccc3)C(=O)N2C1C(=O)[O-]
D00204_protomer_2,CC1(C)SC2C(NC(=O)C(N)c3ccccc3)C(=O)N2C1C(=O)O
D00609_protomer_1,COc1cc2nc(N3CCN(C(=O)c4ccco4)CC3)nc(N)c2cc1OC
D01742_protomer_1,COc1cc(N)c(Cl)cc1C(=O)NC1CC[NH+](Cc2ccccc2)CC1
D00219_protomer_2,CC(=O)c1ccc(S(=O)(=O)NC(=O)NC2CCCCC2)cc1
D00219_protomer_1,CC(=O)c1ccc(S(=O)(=O)[N-]C(=O)[NH2+]C2CCCCC2)cc1
D01667_protomer_1,CCOC(=O)C(CCc1ccccc1)[NH2+]C(C)C(=O)N(CC(=O)[O-])C1Cc2ccccc2C1
D01667_protomer_2,CCOC(=O)C(CCc1ccccc1)NC(C)C(=O)N(CC(=O)O)C1Cc2ccccc2C1
D08000_protomer_1,CC(=O)OC1CC2(C)C(CC(O)C3C4(C)CCC(O)C(C)C4CCC32C)C1=C(CCC=C(C)C)C(=O)[O-]
D08000_protomer_2,CC(=O)OC1CC2(C)C(CC(O)C3C4(C)CCC(O)C(C)C4CCC32C)C1=C(CCC=C(C)C)C(=O)O
D08147_protomer_1,CC12C=CC(=O)C=C1CCC1C2C(O)CC2(C)C1CCC2(O)C(=O)OCCl
D02219_protomer_1,C[NH+](CC=CC#CC(C)(C)C)Cc1cccc2ccccc12
D02219_protomer_2,CN(CC=CC#CC(C)(C)C)Cc1cccc2ccccc12
D02066_protomer_1,CC(C)[NH2+]CC(O)c1ccc(O)c([O-])c1
D02066_protomer_2,CC(C)[NH2+]CC(O)c1ccc([O-])c([O-])c1
D02066_protomer_3,CC(C)NCC(O)c1ccc(O)c(O)c1
D07548_protomer_1,COc1cc(OC)c(C(=O)CCC[NH+]2CCCC2)c(OC)c1
D00321_protomer_1,CC(C)(C)NC(=O)C1CCC2C3CCC4NC(=O)C=CC4(C)C3CCC12C
D02345_protomer_1,COC1(NC(=O)Cc2cccs2)C(=O)N2C(C(=O)[O-])=C(COC(N)=O)CSC21
D02345_protomer_2,COC1(NC(=O)Cc2cccs2)C(=O)N2C(C(=O)O)=C(COC(N)=O)CSC21
D00345_protomer_1,CC1Cc2ccccc2N1[N-]C(=O)c1ccc(Cl)c(S([NH-])(=O)=O)c1
D00345_protomer_3,CC1Cc2ccccc2N1NC(=O)c1ccc(Cl)c(S(N)(=O)=O)c1
D00345_protomer_2,CC1Cc2ccccc2N1[N-]C(=O)c1ccc(Cl)c(S(N)(=O)=O)c1
D00653_protomer_3,CCNC1CC(C)S(=O)(=O)c2sc(S(N)(=O)=O)cc21
D00653_protomer_2,CC[NH2+]C1CC(C)S(=O)(=O)c2sc(S([NH-])(=O)=O)cc21
D00653_protomer_1,CC[NH2+]C1CC(C)S(=O)(=O)c2sc(S(N)(=O)=O)cc21
D02374_protomer_2,CC(=O)Oc1c(C)cc(OCC(O)CNC(C)C)c(C)c1C
D02374_protomer_1,CC(=O)Oc1c(C)cc(OCC(O)C[NH2+]C(C)C)c(C)c1C
D07292_protomer_1,COc1ccccc1OC(=O)c1ccccc1OC(C)=O
D07984_protomer_1,COCCCCC(=NOCC[NH3+])c1ccc(C(F)(F)F)cc1
D07984_protomer_2,COCCCCC(=NOCCN)c1ccc(C(F)(F)F)cc1
D00437_protomer_1,COC(=O)C1=C(C)[NH2+]C(C)=C(C(=O)OC)C1c1ccccc1[N+](=O)[O-]
D00437_protomer_2,COC(=O)C1=C(C)NC(C)=C(C(=O)OC)C1c1ccccc1[N+](=O)[O-]
D07878_protomer_1,C[NH+](C)CCOC(C)(c1ccccc1)c1ccccn1
D07878_protomer_2,CN(C)CCOC(C)(c1ccccc1)c1ccccn1
D07062_protomer_2,Cn1c(=O)c2c(ncn2CC(=O)O)n(C)c1=O
D02472_protomer_1,O=C1C(=O)c2ccccc2C([O-])=C1C1CCC(c2ccc(Cl)cc2)CC1
D02472_protomer_2,O=C1C(=O)c2ccccc2C(O)=C1C1CCC(c2ccc(Cl)cc2)CC1
D07139_protomer_1,CCOC(=O)COc1ccc2c(C)c(CC[NH+](CC)CC)c(=O)oc2c1Cl
D07139_protomer_2,CCOC(=O)COc1ccc2c(C)c(CCN(CC)CC)c(=O)oc2c1Cl
D10542_protomer_1,CCc1cc2c(cc1N1CCC([NH+]3CCOCC3)CC1)C(C)(C)c1[nH]c3cc(C#N)ccc3c1C2=O
D10542_protomer_2,CCc1cc2c(cc1N1CCC(N3CCOCC3)CC1)C(C)(C)c1[nH]c3cc(C#N)ccc3c1C2=O
D02769_protomer_1,Nc1ncnc2c1ncn2C1OC(COP(=O)([O-])[O-])C(O)C1O
D02769_protomer_2,Nc1ncnc2c1ncn2C1OC(COP(=O)(O)O)C(O)C1O
D07411_protomer_1,[N-]=[N+]=NCC(=O)NC(CO)C(O)c1ccc([N+](=O)[O-])cc1
D07606_protomer_2,CN(C)C(=O)COC(=O)Cc1ccc(OC(=O)c2ccc(N=C(N)N)cc2)cc1
D07606_protomer_1,CN(C)C(=O)COC(=O)Cc1ccc(OC(=O)c2ccc([NH+]=C(N)N)cc2)cc1
D08880_protomer_2,CC(C)CC(NC(=O)C(CCc1ccccc1)NC(=O)CN1CCOCC1)C(=O)NC(Cc1ccccc1)C(=O)NC(CC(C)C)C(=O)C1(C)CO1
D08880_protomer_1,CC(C)CC(NC(=O)C(CCc1ccccc1)NC(=O)C[NH+]1CCOCC1)C(=O)NC(Cc1ccccc1)C(=O)NC(CC(C)C)C(=O)C1(C)CO1
D08259_protomer_2,Cc1c([O-])cccc1C(=O)NC(CSc1ccccc1)C(O)C[NH+]1CC2CCCCC2CC1C(=O)NC(C)(C)C
D08259_protomer_1,Cc1c(O)cccc1C(=O)NC(CSc1ccccc1)C(O)C[NH+]1CC2CCCCC2CC1C(=O)NC(C)(C)C
D08259_protomer_3,Cc1c(O)cccc1C(=O)NC(CSc1ccccc1)C(O)CN1CC2CCCCC2CC1C(=O)NC(C)(C)C
D01099_protomer_1,CNC(=O)c1c(I)c(NC(=O)CCCCC(=O)Nc2c(I)c(C(=O)[O-])c(I)c(C(=O)NC)c2I)c(I)c(C(=O)[O-])c1I
D01099_protomer_2,CNC(=O)c1c(I)c(NC(=O)CCCCC(=O)Nc2c(I)c(C(=O)O)c(I)c(C(=O)NC)c2I)c(I)c(C(=O)O)c1I
D02125_protomer_1,CC[NH+](CC)CCCC(C)[NH2+]c1ccnc2cc(Cl)ccc12
D02125_protomer_2,CCN(CC)CCCC(C)Nc1ccnc2cc(Cl)ccc12
D02168_protomer_3,CCC1(O)C(=O)OCc2c1cc1n(c2=O)Cc2cc3c(CN(C)C)c(O)ccc3nc2-1
D02168_protomer_1,CCC1(O)C(=O)OCc2c1cc1n(c2=O)Cc2cc3c(C[NH+](C)C)c([O-])ccc3nc2-1
D02168_protomer_2,CCC1(O)C(=O)OCc2c1cc1n(c2=O)Cc2cc3c(C[NH+](C)C)c(O)ccc3nc2-1
D11704_protomer_1,CCN(CC)c1ccc(C(=C2C=CC(=[N+](CC)CC)C=C2)c2cc(S(=O)(=O)[O-])ccc2S(=O)(=O)[O-])cc1
D00136_protomer_1,O=C(CCC[NH+]1CCC(O)(c2ccc(Cl)cc2)CC1)c1ccc(F)cc1
D00136_protomer_2,O=C(CCCN1CCC(O)(c2ccc(Cl)cc2)CC1)c1ccc(F)cc1
D00794_protomer_2,CN1CCN(C2=Nc3ccccc3Oc3ccc(Cl)cc32)CC1
D00794_protomer_1,C[NH+]1CCN(C2=[NH+]c3ccccc3Oc3ccc(Cl)cc32)CC1
D01295_protomer_2,C(=Cc1ccccc1)CN1CCN(C(c2ccccc2)c2ccccc2)CC1
D07195_protomer_1,C[NH+](C)CCN(Cc1ccc(Cl)cc1)c1ccccn1
D07195_protomer_2,CN(C)CCN(Cc1ccc(Cl)cc1)c1ccccn1
D00327_protomer_1,CC1(O)CCC2C3CCC4=CC(=O)CCC4(C)C3(F)C(O)CC21C
D03115_protomer_2,O=S(=O)(c1cccc2cnccc12)N1CCCNCC1
D03770_protomer_1,CC(=O)Nc1c(I)c(NC(C)=O)c(I)c(C(=O)[O-])c1I
D01253_protomer_1,CN1C(=O)CC(=O)N(c2ccccc2)c2cc(Cl)ccc21
D03361_protomer_1,CSCCNc1nc(SCCC(F)(F)F)nc2c1ncn2C1OC(COP(=O)(O)OP(=O)(O)C(Cl)(Cl)P(=O)([O-])O)C(O)C1O
D03361_protomer_2,CSCCNc1nc(SCCC(F)(F)F)nc2c1ncn2C1OC(COP(=O)(O)OP(=O)(O)C(Cl)(Cl)P(=O)([O-])[O-])C(O)C1O
D03361_protomer_3,CSCCNc1nc(SCCC(F)(F)F)nc2c1ncn2C1OC(COP(=O)([O-])OP(=O)([O-])C(Cl)(Cl)P(=O)([O-])[O-])C(O)C1O
D07472_protomer_3,Nc1nc2[nH]cc(CCc3ccc(C(=O)NC(CCC(=O)O)C(=O)O)cc3)c2c(=O)[nH]1
D00236_protomer_2,O=C1C(=O)c2ccccc2C(O)=C1C1CCC(c2ccc(Cl)cc2)CC1
D00236_protomer_1,O=C1C(=O)c2ccccc2C([O-])=C1C1CCC(c2ccc(Cl)cc2)CC1
D04486_protomer_1,CCCCC[NH+](C)CCC(O)(P(=O)([O-])[O-])P(=O)([O-])[O-]
D04486_protomer_2,CCCCC[NH+](C)CCC(O)(P(=O)([O-])[O-])P(=O)([O-])O
D04486_protomer_3,CCCCCN(C)CCC(O)(P(=O)([O-])O)P(=O)(O)O
D02342_protomer_2,CC(C)NCC(O)COc1ccc(COCCOC(C)C)cc1
D02342_protomer_1,CC(C)[NH2+]CC(O)COc1ccc(COCCOC(C)C)cc1
D06034_protomer_2,CC1(C)OC(C)(C)C(C=NCCN=CC2=C([O-])C(C)(C)OC2(C)C)=C1[O-]
D06034_protomer_1,CC1(C)OC(C)(C)C(C=NCCN=CC2=C(O)C(C)(C)OC2(C)C)=C1O
C08859_protomer_1,COC1CC(OC2CCC3(C=O)C4CCC5(C)C(C6=CC(=O)OC6)CCC5(O)C4CCC3(O)C2)OC(C)C1O
D03088_protomer_1,CC[N+]1(CC)CCC(OC(=O)C(O)(c2ccccc2)c2ccccc2)C1
D07509_protomer_2,COC(=O)C1=C(C)NC(C)=C(C(=O)OC2CCCN(Cc3ccccc3)C2)C1c1cccc([N+](=O)[O-])c1
D07509_protomer_1,COC(=O)C1=C(C)[NH2+]C(C)=C(C(=O)OC2CCC[NH+](Cc3ccccc3)C2)C1c1cccc([N+](=O)[O-])c1
D02198_protomer_2,COC1(NC(=O)C(C(=O)[O-])c2ccc(O)cc2)C(=O)N2C(C(=O)[O-])=C(CSc3nnnn3C)COC21
D03812_protomer_1,CC1CC2C3CC(F)C4=CC(=O)C=CC4(C)C3(F)C(O)CC2(C)C1C(=O)CO
D02344_protomer_1,Cn1nnnc1SCC1=C(C(=O)[O-])N2C(=O)C(NC(=O)C(O)c3ccccc3)C2SC1
D02344_protomer_2,Cn1nnnc1SCC1=C(C(=O)O)N2C(=O)C(NC(=O)C(O)c3ccccc3)C2SC1
D08052_protomer_1,CC(=O)C1(O)CCC2C3CCC4=CC(=O)CCC4(C)C3CCC21C
D04641_protomer_1,CCn1c(=O)c2c(nc(C=Cc3ccc(OC)c(OC)c3)n2C)n(CC)c1=O
D00687_protomer_3,OCc1cc(C(O)CNCCCCCCOCCCCc2ccccc2)ccc1O
D00687_protomer_1,[O-]c1ccc(C(O)C[NH2+]CCCCCCOCCCCc2ccccc2)cc1CO
D00687_protomer_2,OCc1cc(C(O)C[NH2+]CCCCCCOCCCCc2ccccc2)ccc1O
D01599_protomer_1,Cc1ccc(S(=O)(=O)[N-]C(=O)[N-]N2CC3CCCC3C2)cc1
D01599_protomer_2,Cc1ccc(S(=O)(=O)NC(=O)NN2CC3CCCC3C2)cc1
D00419_protomer_1,CCCCC(C)(O)CC=CC1C(O)CC(=O)C1CCCCCCC(=O)OC
D07818_protomer_2,O=C(O)Cc1ccccc1Nc1c(Cl)cccc1Cl
D07818_protomer_1,O=C([O-])Cc1ccccc1Nc1c(Cl)cccc1Cl
D00578_protomer_1,CC(c1ncncc1F)C(O)(Cn1cncn1)c1ccc(F)cc1F
D03492_protomer_2,c1ccc(C2(c3ccccc3)CC2C2=NCCN2)cc1
D03492_protomer_1,c1ccc(C2(c3ccccc3)CC2C2=[NH+]CCN2)cc1
D02567_protomer_1,C[NH+](C)CCCC1(c2ccc(F)cc2)OCc2cc(C#N)ccc21
D02567_protomer_2,CN(C)CCCC1(c2ccc(F)cc2)OCc2cc(C#N)ccc21
D00884_protomer_1,CC1CC=CC=CC=CC=CC(OC2OC(C)C(O)C([NH3+])C2O)CC2OC(O)(CC(O)CC3OC3C=CC(=O)O1)CC(O)C2C(=O)[O-]
D00884_protomer_2,CC1CC=CC=CC=CC=CC(OC2OC(C)C(O)C(N)C2O)CC2OC(O)(CC(O)CC3OC3C=CC(=O)O1)CC(O)C2C(=O)O
D00378_protomer_2,CC(C)(C)NCC(O)COc1nsnc1N1CCOCC1
D00378_protomer_1,CC(C)(C)[NH2+]CC(O)COc1nsnc1N1CCOCC1
D01316_protomer_1,CC1COC2(c3ccccc3Cl)c3cc(Cl)ccc3NC(=O)C[NH+]12
D01316_protomer_2,CC1COC2(c3ccccc3Cl)c3cc(Cl)ccc3NC(=O)CN12
D00834_protomer_1,NC(=[NH2+])c1ccc(OCCCCCOc2ccc(C(N)=[NH2+])cc2)cc1
D00834_protomer_2,N=C(N)c1ccc(OCCCCCOc2ccc(C(=N)N)cc2)cc1
D07636_protomer_1,CC(=O)OCC1=C(C(=O)[O-])N2C(=O)C(NC(=O)CSc3ccncc3)C2SC1
D07636_protomer_2,CC(=O)OCC1=C(C(=O)O)N2C(=O)C(NC(=O)CSc3ccncc3)C2SC1
C14214_protomer_1,CCCCOC(=O)c1ccccc1C(=O)OCCCC
D01046_protomer_1,CN(C)c1ccc(C(=C2C=CC(=[N+](C)C)C=C2)c2ccc(N(C)C)cc2)cc1
D00520_protomer_2,CN(C)CCOC(c1ccccc1)c1ccccc1
D00520_protomer_1,C[NH+](C)CCOC(c1ccccc1)c1ccccc1
D07192_protomer_2,CC(Cc1cccc(C(F)(F)F)c1)NCCOC(=O)c1ccccc1
D07192_protomer_1,CC(Cc1cccc(C(F)(F)F)c1)[NH2+]CCOC(=O)c1ccccc1
C11790_protomer_3,CC1C2Cc3ccc(O)cc3C1(C)CCN2CCc1ccccc1
C11790_protomer_1,CC1C2Cc3ccc(O)cc3C1(C)CC[NH+]2CCc1ccccc1
C11790_protomer_2,CC1C2Cc3ccc([O-])cc3C1(C)CC[NH+]2CCc1ccccc1
D02925_protomer_2,CC1(C)SC2C(NC(=O)C([NH3+])c3ccc(O)cc3)C(=O)N2C1C(=O)[O-]
D02925_protomer_3,CC1(C)SC2C(NC(=O)C(N)c3ccc(O)cc3)C(=O)N2C1C(=O)[O-]
D02925_protomer_1,CC1(C)SC2C(NC(=O)C([NH3+])c3ccc([O-])cc3)C(=O)N2C1C(=O)[O-]
D09959_protomer_1,N#CCC(C1CCCC1)n1cc(-c2ncnc3[nH]ccc23)cn1
D10515_protomer_2,O=P([O-])([O-])C(O)(Cn1ccnc1)P(=O)([O-])[O-]
D10515_protomer_1,O=P([O-])([O-])C(O)(Cn1ccnc1)P(=O)([O-])O
D10515_protomer_3,O=P(O)(O)C(O)(Cn1ccnc1)P(=O)(O)O
D02486_protomer_1,CC(=O)Oc1ccccc1C(=O)Nc1ncc([N+](=O)[O-])s1
D08619_protomer_2,Cc1cccc(Nc2ccncc2S(=O)(=O)NC(=O)NC(C)C)c1
D08619_protomer_1,Cc1cccc(Nc2ccncc2S(=O)(=O)[N-]C(=O)[NH2+]C(C)C)c1
D10995_protomer_1,CCC1CN(C(=O)NCC(F)(F)F)CC1c1cnc2cnc3[nH]ccc3n12
D00677_protomer_1,Cn1nc(C(=O)NC2CC3CCCC(C2)[NH+]3C)c2ccccc21
D00677_protomer_2,CN1C2CCCC1CC(NC(=O)c1nn(C)c3ccccc13)C2
D00675_protomer_2,CN(C)CCc1c[nH]c2ccc(Cn3cncn3)cc12
D00675_protomer_1,C[NH+](C)CCc1c[nH]c2ccc(Cn3cncn3)cc12
D07226_protomer_2,CC(C)C(=O)Oc1ccc(CO)cc1C(CCN(C(C)C)C(C)C)c1ccccc1
D07226_protomer_1,CC(C)C(=O)Oc1ccc(CO)cc1C(CC[NH+](C(C)C)C(C)C)c1ccccc1
D00825_protomer_2,CNC1CCC(c2ccc(Cl)c(Cl)c2)c2ccccc21
D00825_protomer_1,C[NH2+]C1CCC(c2ccc(Cl)c(Cl)c2)c2ccccc21
D00362_protomer_2,NCCCCC(NC(CCc1ccccc1)C(=O)O)C(=O)N1CCCC1C(=O)O
D00362_protomer_1,[NH3+]CCCCC([NH2+]C(CCc1ccccc1)C(=O)[O-])C(=O)N1CCCC1C(=O)[O-]
D05731_protomer_1,Cc1c(C(=O)[N-]N2CCCCC2)nn(-c2ccc(Cl)cc2Cl)c1-c1ccc(Cl)cc1
D05731_protomer_2,Cc1c(C(=O)NN2CCCCC2)nn(-c2ccc(Cl)cc2Cl)c1-c1ccc(Cl)cc1
D03101_protomer_1,CC(C=CC=C(C)C=CC1=C(C)CCCC1(C)C)=CC=CC=C(C)C=CC=C(C)C=CC1=C(C)CCCC1(C)C
D03294_protomer_1,O=C([O-])C(O)C(O)C(OC1OC(CO)C(O)C(O)C1O)C(O)CO
C14757_protomer_2,C#CC1(O)CCC2C3CCc4cc(O)ccc4C3C(OC)CC21C
C14757_protomer_1,C#CC1(O)CCC2C3CCc4cc([O-])ccc4C3C(OC)CC21C
D00782_protomer_1,OC(CC[NH+]1CCCC1)(c1ccccc1)C1CCCCC1
D00782_protomer_2,OC(CCN1CCCC1)(c1ccccc1)C1CCCCC1
D07186_protomer_1,CC(C)(Oc1ccc(Cl)cc1)C(=O)OCCCOC(=O)c1cccnc1
D02480_protomer_1,CN(C(=O)C(Cl)Cl)c1ccc(OC(=O)c2ccco2)cc1
D02475_protomer_2,NC1CN(c2c(F)cc3c(=O)c(C(=O)O)cn(C4CC4F)c3c2Cl)CC12CC2
D02475_protomer_1,[NH3+]C1CN(c2c(F)cc3c(=O)c(C(=O)[O-])cn(C4CC4F)c3c2Cl)CC12CC2
D00110_protomer_2,COC(=O)C1C(OC(=O)c2ccccc2)CC2CCC1N2C
D00110_protomer_1,COC(=O)C1C(OC(=O)c2ccccc2)CC2CCC1[NH+]2C
D01744_protomer_1,Cc1nnc2n1-c1sc(Br)cc1C(c1ccccc1Cl)=NC2
D07260_protomer_1,CC12CCC3C(CCC4=C(O)C(=O)CCC43C)C1CCC2=O
D08239_protomer_2,CC(=O)Oc1cc(C(C)C)c(OCCN(C)C)cc1C
D08239_protomer_1,CC(=O)Oc1cc(C(C)C)c(OCC[NH+](C)C)cc1C
D05039_protomer_2,Cc1cc(-c2ccccc2)nnc1NCCN1CCOCC1
D05039_protomer_1,Cc1cc(-c2ccccc2)nnc1NCC[NH+]1CCOCC1
D08247_protomer_1,C=CC[NH+]1CCC23c4c5ccc([O-])c4OC2C(O)C=CC3C1C5
D08247_protomer_2,C=CC[NH+]1CCC23c4c5ccc(O)c4OC2C(O)C=CC3C1C5
D08247_protomer_3,C=CCN1CCC23c4c5ccc(O)c4OC2C(O)C=CC3C1C5
D07140_protomer_1,COc1ccc(C(=O)NCc2cccnc2)cc1C(=O)NCc1cccnc1
D07790_protomer_1,C[NH+]1C2CCC1CC(OC1c3ccccc3CCc3ccccc31)C2
D07790_protomer_2,CN1C2CCC1CC(OC1c3ccccc3CCc3ccccc31)C2
D07727_protomer_2,CN(C)CCCN1c2ccccc2CCc2ccc(Cl)cc21
D07727_protomer_1,C[NH+](C)CCCN1c2ccccc2CCc2ccc(Cl)cc21
D00311_protomer_1,Clc1ccc2c(c1)C(c1ccccc1)=NCc1nncn1-2
D00941_protomer_1,[NH3+]CCC(O)(P(=O)([O-])[O-])P(=O)([O-])[O-]
D00941_protomer_3,NCCC(O)(P(=O)([O-])O)P(=O)([O-])O
D00941_protomer_2,[NH3+]CCC(O)(P(=O)([O-])[O-])P(=O)([O-])O
D07662_protomer_2,O=C(O)COCCN1CCN(C(c2ccccc2)c2ccc(Cl)cc2)CC1
D08009_protomer_2,COc1ccc(CCN(C)CCCC(C#N)(c2cc(OC)c(OC)c(OC)c2)C(C)C)cc1OC
D08009_protomer_1,COc1ccc(CC[NH+](C)CCCC(C#N)(c2cc(OC)c(OC)c(OC)c2)C(C)C)cc1OC
D02623_protomer_2,Cc1ccc(C2(O)CCN(CCCC(=O)c3ccc(F)cc3)CC2)cc1
D02623_protomer_1,Cc1ccc(C2(O)CC[NH+](CCCC(=O)c3ccc(F)cc3)CC2)cc1
D00690_protomer_1,CC1CC2C3CCC4=CC(=O)C=CC4(C)C3(Cl)C(O)CC2(C)C1(OC(=O)c1ccco1)C(=O)CCl
D03825_protomer_2,COc1ccc2c3c1OC1C(O)CCC4C(C2)N(C)CCC341
D03825_protomer_1,COc1ccc2c3c1OC1C(O)CCC4C(C2)[NH+](C)CCC341
D07439_protomer_1,COc1ccc(Cc2nccc3cc(OC)c(OC)cc23)cc1OC
D07907_protomer_1,C#Cc1ccc(Nc2ncnc3cc(OCCOC)c(OCCOC)cc23)cc1
D01013_protomer_1,CC(=O)Nc1c(I)c(NC(C)=O)c(I)c(C(=O)[O-])c1I
D08415_protomer_1,CCCCCCCCCCCCCCCCCC(=O)OCC(=O)OCC(=O)C1(O)CCC2C3CCC4=CC(=O)C=CC4(C)C3C(O)CC21C
D07999_protomer_2,NS(=O)(=O)c1cc(C(=O)[O-])c(NCc2ccco2)cc1Cl
D07999_protomer_1,[NH-]S(=O)(=O)c1cc(C(=O)[O-])c(NCc2ccco2)cc1Cl
D08287_protomer_2,CCn1cc(C(=O)O)c(=O)c2cc(F)c(N3CCNCC3)cc21
D08287_protomer_1,CCn1cc(C(=O)[O-])c(=O)c2cc(F)c(N3CC[NH2+]CC3)cc21
D07557_protomer_2,COc1ccc2c3c1OC1C(OC(C)=O)CCC4C(C2)N(C)CCC341
D07557_protomer_1,COc1ccc2c3c1OC1C(OC(C)=O)CCC4C(C2)[NH+](C)CCC341
D07589_protomer_2,CC(C)(C)N1CCC(c2ccccc2)(c2ccccc2)CC1
D07589_protomer_1,CC(C)(C)[NH+]1CCC(c2ccccc2)(c2ccccc2)CC1
D07674_protomer_1,CCCCCCCCCCCCCCCCCC(=O)OCC(NC(=O)C(Cl)Cl)C(O)c1ccc([N+](=O)[O-])cc1
D00590_protomer_2,CC1CN(c2c(F)c(N)c3c(=O)c(C(=O)O)cn(C4CC4)c3c2F)CC(C)N1
D00590_protomer_1,CC1CN(c2c(F)c(N)c3c(=O)c(C(=O)[O-])cn(C4CC4)c3c2F)CC(C)[NH2+]1
D03824_protomer_2,O=C(OCCN1CCCCC1)C1(C2CCCCC2)CCCCC1
D03824_protomer_1,O=C(OCC[NH+]1CCCCC1)C1(C2CCCCC2)CCCCC1
D00856_protomer_2,O=C(O)C(O)c1ccccc1
D01219_protomer_1,COc1cc2[nH]c(C)c(CC[NH+]3CCN(c4ccccc4)CC3)c2cc1OC
D01219_protomer_2,COc1cc2[nH]c(C)c(CCN3CCN(c4ccccc4)CC3)c2cc1OC
D07831_protomer_2,COc1ccc2c3c1OC1C(O)CCC4C(C2)N(C)CCC341
D07831_protomer_1,COc1ccc2c3c1OC1C(O)CCC4C(C2)[NH+](C)CCC341
D02503_protomer_2,CC1(C)SC2C(NC(=O)C(C(=O)O)c3ccsc3)C(=O)N2C1C(=O)O
D00917_protomer_1,C=CC1=C(C(=O)[O-])N2C(=O)C(NC(=O)C(=NO)c3csc(N)n3)C2SC1
D00917_protomer_2,C=CC1=C(C(=O)O)N2C(=O)C(NC(=O)C(=NO)c3csc(N)n3)C2SC1
D07619_protomer_1,CCOC(=O)COc1ccc2c(C)c(CC[NH+](CC)CC)c(=O)oc2c1
D07619_protomer_2,CCOC(=O)COc1ccc2c(C)c(CCN(CC)CC)c(=O)oc2c1
D02914_protomer_1,CCOC(=O)C1=C(COCC[NH3+])[NH2+]C(C)=C(C(=O)OC)C1c1ccccc1Cl
D02914_protomer_2,CCOC(=O)C1=C(COCCN)NC(C)=C(C(=O)OC)C1c1ccccc1Cl
D04218_protomer_1,CC1CC2C3CC(F)C4=CC(=O)C=CC4(C)C3C(O)CC2(C)C1C(=O)CO
D02697_protomer_3,CCCCC(=O)OCC(=O)C1(O)Cc2c(O)c3c(c(O)c2C(OC2CC(NC(=O)C(F)(F)F)C(O)C(C)O2)C1)C(=O)c1c(OC)cccc1C3=O
D02697_protomer_2,CCCCC(=O)OCC(=O)C1(O)Cc2c([O-])c3c(c([O-])c2C(OC2CC(NC(=O)C(F)(F)F)C(O)C(C)O2)C1)C(=O)c1c(OC)cccc1C3=O
D02697_protomer_1,CCCCC(=O)OCC(=O)C1(O)Cc2c(O)c3c(c([O-])c2C(OC2CC(NC(=O)C(F)(F)F)C(O)C(C)O2)C1)C(=O)c1c(OC)cccc1C3=O
D00364_protomer_1,CCOC(=O)N1CCC(=C2c3ccc(Cl)cc3CCc3cccnc32)CC1
D08074_protomer_2,CC(C)(C)NCC(O)COc1ccccc1C1CCCC1
D08074_protomer_1,CC(C)(C)[NH2+]CC(O)COc1ccccc1C1CCCC1
D07305_protomer_1,c1cnc(N2CC[NH+](Cc3ccc4c(c3)OCO4)CC2)nc1
D07305_protomer_2,c1cnc(N2CCN(Cc3ccc4c(c3)OCO4)CC2)nc1
D00156_protomer_2,CC1(C(=O)O)CCC2(C)CCC3(C)C(=CC(=O)C4C5(C)CCC(O)C(C)(C)C5CCC43C)C2C1
D00156_protomer_1,CC1(C(=O)[O-])CCC2(C)CCC3(C)C(=CC(=O)C4C5(C)CCC(O)C(C)(C)C5CCC43C)C2C1
D06367_protomer_2,CN(C)CC=C(c1ccc(Br)cc1)c1cccnc1
D06367_protomer_1,C[NH+](C)CC=C(c1ccc(Br)cc1)c1cccnc1
D02156_protomer_1,CC12C=CC(=O)C=C1CCC1C2C(O)CC2(C)C1CCC2(O)C(=O)COC(=O)CCC(=O)[O-]
D02156_protomer_2,CC12C=CC(=O)C=C1CCC1C2C(O)CC2(C)C1CCC2(O)C(=O)COC(=O)CCC(=O)O
D07808_protomer_2,CC(CN1CCOCC1)C(C(=O)N1CCCC1)(c1ccccc1)c1ccccc1
D07808_protomer_1,CC(C[NH+]1CCOCC1)C(C(=O)N1CCCC1)(c1ccccc1)c1ccccc1
D07219_protomer_2,CC(C(=O)O)c1ccc2oc(-c3ccc(F)cc3)nc2c1
D02366_protomer_2,CCN(CC)CCCC(C)Nc1ccnc2cc(Cl)ccc12
D02366_protomer_1,CC[NH+](CC)CCCC(C)[NH2+]c1ccnc2cc(Cl)ccc12
D00335_protomer_1,Cc1cnc(C(=O)NCCc2ccc(S(=O)(=O)[N-]C(=O)[NH2+]C3CCCCC3)cc2)cn1
D00335_protomer_2,Cc1cnc(C(=O)NCCc2ccc(S(=O)(=O)NC(=O)NC3CCCCC3)cc2)cn1
D07680_protomer_1,CC[NH+](CC)CCCC(C)[NH2+]c1ccnc2cc(Cl)ccc12
D07680_protomer_2,CCN(CC)CCCC(C)Nc1ccnc2cc(Cl)ccc12
D02624_protomer_2,CN1CCN(C(=O)OC2c3nccnc3C(=O)N2c2ccc(Cl)cn2)CC1
D02624_protomer_1,C[NH+]1CCN(C(=O)OC2c3nccnc3C(=O)N2c2ccc(Cl)cn2)CC1
D00823_protomer_2,CNCCC(Oc1ccc(C(F)(F)F)cc1)c1ccccc1
D02447_protomer_3,O=C(O)CCC(=O)Nc1ccc(S(=O)(=O)Nc2nccs2)cc1
D02447_protomer_1,O=C([O-])CCC(=O)Nc1ccc(S(=O)(=O)[N-]c2nccs2)cc1
D02447_protomer_2,O=C([O-])CCC(=O)Nc1ccc(S(=O)(=O)Nc2nccs2)cc1
D00662_protomer_1,C[NH+]1CCC(=C2c3ccccc3CCc3cccnc32)CC1
D00662_protomer_2,CN1CCC(=C2c3ccccc3CCc3cccnc32)CC1
D06543_protomer_1,CC(C=CC1=C(C)CCCC1(C)C)=CC=CC(C)=CCO
D01406_protomer_1,Cc1c(C)c2c(c(C)c1OC(=O)CCC(=O)[O-])CCC(C)(CCCC(C)CCCC(C)CCCC(C)C)O2
D00769_protomer_2,COC(=O)C(c1ccccc1Cl)N1CCc2sccc2C1
D00712_protomer_2,C=CCC1(C(C)C#CCC)C(=O)N=C([O-])N(C)C1=O
D00712_protomer_1,C=CCC1(C(C)C#CCC)C(=O)N=C(O)N(C)C1=O
D06397_protomer_1,CC12CCC3c4ccc(OC(=O)N(CCCl)CCCl)cc4CCC3C1CCC2OP(=O)([O-])[O-]
D02289_protomer_1,CC(=O)C1CCC2C3CC(C)C4=CC(=O)CCC4(C)C3C(O)CC12C
D07155_protomer_3,Cn1c(=O)c2c(ncn2CCNCC(O)c2ccc(O)c(O)c2)n(C)c1=O
D07155_protomer_2,Cn1c(=O)c2c(ncn2CC[NH2+]CC(O)c2ccc(O)c([O-])c2)n(C)c1=O
D07155_protomer_1,Cn1c(=O)c2c(ncn2CC[NH2+]CC(O)c2ccc([O-])c([O-])c2)n(C)c1=O
D02353_protomer_3,CC1=C(C(=O)O)N2C(=O)C(NC(=O)C(N)c3ccc(O)cc3)C2SC1
D02353_protomer_2,CC1=C(C(=O)[O-])N2C(=O)C(NC(=O)C([NH3+])c3ccc(O)cc3)C2SC1
D02353_protomer_1,CC1=C(C(=O)[O-])N2C(=O)C(NC(=O)C([NH3+])c3ccc([O-])cc3)C2SC1
D00455_protomer_2,COc1ccc2nc(S(=O)Cc3ncc(C)c(OC)c3C)[nH]c2c1
D00455_protomer_1,COc1ccc2nc(S(=O)Cc3ncc(C)c(OC)c3C)[n-]c2c1
D08109_protomer_3,COC1(NC(=O)C(C(=O)O)c2ccc(O)cc2)C(=O)N2C(C(=O)O)=C(CSc3nnnn3C)COC21
D08109_protomer_1,COC1(NC(=O)C(C(=O)[O-])c2ccc(O)cc2)C(=O)N2C(C(=O)[O-])=C(CSc3nnnn3C)COC21
D00647_protomer_3,CN(CCOc1ccc(NS(C)(=O)=O)cc1)CCc1ccc(NS(C)(=O)=O)cc1
D00647_protomer_1,C[NH+](CCOc1ccc([N-]S(C)(=O)=O)cc1)CCc1ccc([N-]S(C)(=O)=O)cc1
D00647_protomer_2,C[NH+](CCOc1ccc(NS(C)(=O)=O)cc1)CCc1ccc([N-]S(C)(=O)=O)cc1
D03879_protomer_1,CC(CCc1ccc(O)cc1)[NH2+]CCc1ccc([O-])c([O-])c1
D03879_protomer_3,CC(CCc1ccc(O)cc1)NCCc1ccc(O)c(O)c1
D03879_protomer_2,CC(CCc1ccc([O-])cc1)[NH2+]CCc1ccc([O-])c([O-])c1
D00822_protomer_2,CN(C)CCCC1(c2ccc(F)cc2)OCc2cc(C#N)ccc21
D00822_protomer_1,C[NH+](C)CCCC1(c2ccc(F)cc2)OCc2cc(C#N)ccc21
D07420_protomer_1,O=C([O-])C[NH+]1CC[NH+](CC(=O)[O-])CC[NH+](C(CO)C(O)CO)CC[NH+](CC(=O)[O-])CC1
D07420_protomer_2,O=C([O-])CN1CCN(CC(=O)[O-])CCN(C(CO)C(O)CO)CCN(CC(=O)[O-])CC1
D08557_protomer_2,CC1(C)SC2C(NC(=O)C(N)c3ccccc3)C(=O)N2C1C(=O)OC1OC(=O)c2ccccc21
D08557_protomer_1,CC1(C)SC2C(NC(=O)C([NH3+])c3ccccc3)C(=O)N2C1C(=O)OC1OC(=O)c2ccccc21
D01007_protomer_1,CCCOC(C(=O)OC1CC[NH+](C)CC1)(c1ccccc1)c1ccccc1
D01007_protomer_2,CCCOC(C(=O)OC1CCN(C)CC1)(c1ccccc1)c1ccccc1
D11422_protomer_1,C=CC(=O)N1CCC(C2CCNc3c(C(N)=O)c(-c4ccc(Oc5ccccc5)cc4)nn32)CC1
D01628_protomer_1,CON=C(C(=O)NC1C(=O)N2C(C(=O)OCOC(=O)C(C)(C)C)=C(C=Cc3scnc3C)CSC12)c1csc(N)n1
D08310_protomer_1,CC[NH+](CC)CCOCCOC(=O)C(CC)(CC)c1ccccc1
D08310_protomer_2,CCN(CC)CCOCCOC(=O)C(CC)(CC)c1ccccc1
D00737_protomer_2,CCCN(CC)C(CC)C(=O)Nc1c(C)cccc1C
D07266_protomer_1,COc1ccc2c(c1)c(CC(=O)NO)c(C)n2C(=O)c1ccc(Cl)cc1
D07637_protomer_1,CC(=O)OCC1=C(C(=O)[O-])N2C(=O)C(NC(=O)CSc3ccncc3)C2SC1
D07637_protomer_2,CC(=O)OCC1=C(C(=O)O)N2C(=O)C(NC(=O)CSc3ccncc3)C2SC1
D01940_protomer_1,CC(=O)Nc1c(I)c(NC(C)=O)c(I)c(C(=O)[O-])c1I
D01940_protomer_2,CC(=O)Nc1c(I)c(NC(C)=O)c(I)c(C(=O)O)c1I
D08145_protomer_1,C[NH+]1CC[NH+](C=C2[NH+]=C3CN=C(c4ccccc4Cl)c4cc([N+](=O)[O-])ccc4N3C2=O)CC1
D08145_protomer_2,CN1CCN(C=C2N=C3CN=C(c4ccccc4Cl)c4cc([N+](=O)[O-])ccc4N3C2=O)CC1
D10222_protomer_1,CCCCCCCCC=CCCCCCCCC(=O)OCC1OC(n2ccc(N)nc2=O)C(F)(F)C1O
D00660_protomer_2,CC1(Cn2ccnn2)C(C(=O)O)N2C(=O)CC2S1(=O)=O
D02966_protomer_2,CCCC1C(=O)N2C(N(C)C)=Nc3ccc(C)cc3N2C1=O
D02966_protomer_1,CCCC1C(=O)N2C(N(C)C)=[NH+]c3ccc(C)cc3N2C1=O
D06891_protomer_2,O=C(O)CN(CCN(CC(=O)O)CC(=O)O)CC(=O)O
D06891_protomer_1,O=C([O-])C[NH+](CC[NH+](CC(=O)[O-])CC(=O)[O-])CC(=O)[O-]
D05225_protomer_1,CCCCC(CC)COC(=O)C=Cc1ccc(OC)cc1
D00723_protomer_1,CC[N+](CC)(CC)CCC(O)(c1ccccc1)C1CCCCC1
D08250_protomer_1,CC12CCC3C4CCC(=O)C=C4CCC3C1CCC2O
D03033_protomer_2,Cn1cnc([N+](=O)[O-])c1Sc1ncnc2nc[n-]c12
D03033_protomer_1,Cn1cnc([N+](=O)[O-])c1Sc1ncnc2nc[nH]c12
D02508_protomer_1,CC(C)(C)C(=O)OCOC(=O)C1N2C(=O)C(NC(=O)C([NH3+])c3ccccc3)C2SC1(C)C
D02508_protomer_2,CC(C)(C)C(=O)OCOC(=O)C1N2C(=O)C(NC(=O)C(N)c3ccccc3)C2SC1(C)C
D00438_protomer_1,COCCOC(=O)C1=C(C)[NH2+]C(C)=C(C(=O)OC(C)C)C1c1cccc([N+](=O)[O-])c1
D00438_protomer_2,COCCOC(=O)C1=C(C)NC(C)=C(C(=O)OC(C)C)C1c1cccc([N+](=O)[O-])c1
D03106_protomer_2,C=C(c1ccc(C(=O)O)cc1)c1cc2c(cc1C)C(C)(C)CCC2(C)C
D03106_protomer_1,C=C(c1ccc(C(=O)[O-])cc1)c1cc2c(cc1C)C(C)(C)CCC2(C)C
D06085_protomer_1,CCCCCCCCCC(=O)CC(=O)OC1CCC2C3CCC4=CC(=O)CCC4(C)C3CCC12C
D06171_protomer_1,CC(C)(C)C(=O)SCC(=O)C1(O)CCC2C3CCC4=CC(=O)CCC4(C)C3C(O)CC21C
D00395_protomer_3,Cc1c(C)c2c(c(C)c1O)CCC(C)(COc1ccc(CC3SC(=O)NC3=O)cc1)O2
D00395_protomer_1,Cc1c(C)c2c(c(C)c1[O-])CCC(C)(COc1ccc(CC3SC(=O)[N-]C3=O)cc1)O2
D00395_protomer_2,Cc1c(C)c2c(c(C)c1O)CCC(C)(COc1ccc(CC3SC(=O)[N-]C3=O)cc1)O2
D00526_protomer_1,O=C([O-])c1cc(=O)c2c(OCC(O)COc3cccc4oc(C(=O)[O-])cc(=O)c34)cccc2o1
D00800_protomer_2,CN(C)CCCN1c2ccccc2Sc2ccc(C(F)(F)F)cc21
D07555_protomer_1,CC(=O)OC1CC(OC2C(O)CC(OC3C(O)CC(OC4CCC5(C)C(CCC6C5CC(O)C5(C)C(C7=CC(=O)OC7)CCC65O)C4)OC3C)OC2C)OC(C)C1O
D01304_protomer_1,COc1cc(N)cn[n+]1-c1ccccc1
D08054_protomer_2,OCCOCCN1CCN(C(c2ccccc2)c2ccc(Cl)cc2)CC1
D07460_protomer_1,C[NH+]1CCc2cccc3c2C1Cc1ccc(O)c([O-])c1-3
D07460_protomer_3,CN1CCc2cccc3c2C1Cc1ccc(O)c(O)c1-3
D07460_protomer_2,C[NH+]1CCc2cccc3c2C1Cc1ccc([O-])c([O-])c1-3
D08062_protomer_1,CC(=O)C1(O)Cc2c(O)c3c(c([O-])c2C(OC2CC([NH3+])C(O)C(C)O2)C1)C(=O)c1ccccc1C3=O
D08062_protomer_3,CC(=O)C1(O)Cc2c(O)c3c(c(O)c2C(OC2CC(N)C(O)C(C)O2)C1)C(=O)c1ccccc1C3=O
D08062_protomer_2,CC(=O)C1(O)Cc2c([O-])c3c(c([O-])c2C(OC2CC([NH3+])C(O)C(C)O2)C1)C(=O)c1ccccc1C3=O
D08062_protomer_4,CC(=O)C1(O)Cc2c(O)c3c(c(O)c2C(OC2CC([NH3+])C(O)C(C)O2)C1)C(=O)c1ccccc1C3=O
D00312_protomer_1,CC12CCC3c4ccc(OS(=O)(=O)[O-])cc4CCC3C1CCC2=O
D08653_protomer_2,CN1C2CCC1CC(=C1c3ccccc3CSc3ccccc31)C2
D08653_protomer_1,C[NH+]1C2CCC1CC(=C1c3ccccc3CSc3ccccc31)C2
D08409_protomer_1,CC12CCC3C(CC=C4CC(O)CCC43C)C1CCC2=O
D09348_protomer_1,COc1cc(Nc2ncc(F)c(Nc3ccc4c(n3)N(COP(=O)([O-])[O-])C(=O)C(C)(C)O4)n2)cc(OC)c1OC
D00854_protomer_2,CCC1NC(=O)C(NC(=O)c2ncccc2[O-])C(C)OC(=O)C(c2ccccc2)NC(=O)C2CC(=O)C(CSC3C[NH+]4CCC3CC4)CN2C(=O)C(Cc2ccc(N(C)C)cc2)N(C)C(=O)C2CCCN2C1=O
D00854_protomer_1,CCC1NC(=O)C(NC(=O)c2ncccc2O)C(C)OC(=O)C(c2ccccc2)NC(=O)C2CC(=O)C(CSC3C[NH+]4CCC3CC4)CN2C(=O)C(Cc2ccc(N(C)C)cc2)N(C)C(=O)C2CCCN2C1=O
D00854_protomer_3,CCC1NC(=O)C(NC(=O)c2ncccc2O)C(C)OC(=O)C(c2ccccc2)NC(=O)C2CC(=O)C(CSC3CN4CCC3CC4)CN2C(=O)C(Cc2ccc(N(C)C)cc2)N(C)C(=O)C2CCCN2C1=O
D02771_protomer_1,C[NH+](C)Cc1nnc2n1-c1ccc(Cl)cc1C(c1ccccc1)=NC2
D02771_protomer_2,CN(C)Cc1nnc2n1-c1ccc(Cl)cc1C(c1ccccc1)=NC2
D03385_protomer_1,CC(=O)Oc1ccccc1C(=O)[O-]
D07097_protomer_2,O=C(O)C(O)C(O)C(O)C(O)C(=O)O
D02258_protomer_1,CC(C)c1c(C(=O)Nc2ccccc2)c(-c2ccccc2)c(-c2ccc(F)cc2)n1CCC(O)CC(O)CC(=O)[O-]
D07201_protomer_1,C=C1CC2C3CCC4=CC(=O)C=CC4(C)C3(F)C(O)CC2(C)C1(O)C(=O)CO
D03711_protomer_1,O=C1CCC(c2ccccc2)(C2CC[NH+](Cc3ccccc3)CC2)C(=O)N1
D03711_protomer_2,O=C1CCC(c2ccccc2)(C2CCN(Cc3ccccc3)CC2)C(=O)N1
D00554_protomer_1,C#CC1(O)CCC2C3CCc4cc([O-])ccc4C3CCC21C
D00554_protomer_2,C#CC1(O)CCC2C3CCc4cc(O)ccc4C3CCC21C
D00164_protomer_1,CCCCCCCCCCCCCCCC(=O)OCC=C(C)C=CC=C(C)C=CC1=C(C)CCCC1(C)C
D00720_protomer_1,C[N+]1(C)CCCC(OC(=O)C(O)(c2ccccc2)c2ccccc2)C1
D00739_protomer_1,CCCCOc1ccc(OCCC[NH+]2CCOCC2)cc1
D00739_protomer_2,CCCCOc1ccc(OCCCN2CCOCC2)cc1
D07699_protomer_1,CCOC(=O)C(CCc1ccccc1)[NH2+]C1CCC[NH+]2CCCC(C(=O)[O-])N2C1=O
D07699_protomer_2,CCOC(=O)C(CCc1ccccc1)NC1CCCN2CCCC(C(=O)O)N2C1=O
D07450_protomer_1,CCOC(=O)C1=C(COCC[NH3+])[NH2+]C(C)=C(C(=O)OC)C1c1ccccc1Cl
D07450_protomer_2,CCOC(=O)C1=C(COCCN)NC(C)=C(C(=O)OC)C1c1ccccc1Cl
D10516_protomer_1,O=C1CCc2ccc(OCCCC[NH+]3CCN(c4cccc(Cl)c4Cl)CC3)cc2N1
D10516_protomer_2,O=C1CCc2ccc(OCCCCN3CCN(c4cccc(Cl)c4Cl)CC3)cc2N1
D04885_protomer_1,CC(=O)C1(C)CCC2C3C=C(C)C4=CC(=O)CCC4(C)C3CCC21C
D08485_protomer_1,C[NH+](C)CCc1c[nH]c2ccc(Cn3cncn3)cc12
D08485_protomer_2,CN(C)CCc1c[nH]c2ccc(Cn3cncn3)cc12
D07807_protomer_2,CC(CN1CC(=O)NC(=O)C1)N1CC(=O)NC(=O)C1
D07807_protomer_1,CC(C[NH+]1CC(=O)NC(=O)C1)[NH+]1CC(=O)NC(=O)C1
D07204_protomer_2,N=C(N)c1ccc(OCCCOc2ccc(C(=N)N)cc2Br)c(Br)c1
D07204_protomer_1,NC(=[NH2+])c1ccc(OCCCOc2ccc(C(N)=[NH2+])cc2Br)c(Br)c1
D00140_protomer_1,CCC1OC(=O)C(C)C(OC2CC(C)(OC)C(O)C(C)O2)C(C)C(OC2OC(C)CC([NH+](C)C)C2O)C(C)(O)CC(C)C(=O)C(C)C(O)C1(C)O
D00140_protomer_2,CCC1OC(=O)C(C)C(OC2CC(C)(OC)C(O)C(C)O2)C(C)C(OC2OC(C)CC(N(C)C)C2O)C(C)(O)CC(C)C(=O)C(C)C(O)C1(C)O
D00148_protomer_1,CC(=CCC1=C(C)C(=O)c2ccccc2C1=O)CCCC(C)CCCC(C)CCCC(C)C
D09876_protomer_2,CN(C)C(=O)NC1CCC(CCN2CCN(c3cccc(Cl)c3Cl)CC2)CC1
D00619_protomer_1,COc1ccc(CC[NH+](C)CCCC(C#N)(c2ccc(OC)c(OC)c2)C(C)C)cc1OC
D00619_protomer_2,COc1ccc(CCN(C)CCCC(C#N)(c2ccc(OC)c(OC)c2)C(C)C)cc1OC
C07174_protomer_1,O=C1N(Cc2ccccc2)C2C[S+]3CCCC3C2N1Cc1ccccc1
D00240_protomer_2,CC1C(NC(=O)C(=NOC(C)(C)C(=O)O)c2csc(N)[nH+]2)C(=O)N1S(=O)(=O)[O-]
D02683_protomer_1,CC[NH+]1CCCC1CNC(=O)c1c(OC)ccc(Br)c1OC
D02683_protomer_2,CCN1CCCC1CNC(=O)c1c(OC)ccc(Br)c1OC
D02172_protomer_1,COc1ccc2c(c1OC)C(=O)OC2C1c2c(cc3c(c2OC)OCO3)CC[NH+]1C
D02172_protomer_2,COc1ccc2c(c1OC)C(=O)OC2C1c2c(cc3c(c2OC)OCO3)CCN1C
D00821_protomer_1,COc1ccc(C(C[NH+](C)C)C2(O)CCCCC2)cc1
D00821_protomer_2,COc1ccc(C(CN(C)C)C2(O)CCCCC2)cc1
D08356_protomer_2,CCC1(c2ccccc2)C(=O)NC(=O)NC1=O
D08356_protomer_1,CCC1(c2ccccc2)C(=O)[N-]C(=O)[N-]C1=O
D02494_protomer_1,CCCCCCCCCCCCCCCCOP(=O)([O-])OCC[N+](C)(C)C
D00652_protomer_3,CCNC1CN(CCCOC)S(=O)(=O)c2sc(S(N)(=O)=O)cc21
D00652_protomer_2,CC[NH2+]C1C[NH+](CCCOC)S(=O)(=O)c2sc(S([NH-])(=O)=O)cc21
D00652_protomer_1,CC[NH2+]C1C[NH+](CCCOC)S(=O)(=O)c2sc(S(N)(=O)=O)cc21
D00079_protomer_1,CCCCCC(O)C=CC1C(O)CC(=O)C1CC=CCCCC(=O)[O-]
D00079_protomer_2,CCCCCC(O)C=CC1C(O)CC(=O)C1CC=CCCCC(=O)O
D07621_protomer_2,CC1(C)SC2C(NC(=O)C(C(=O)Oc3ccc4c(c3)CCC4)c3ccccc3)C(=O)N2C1C(=O)O
D07316_protomer_2,CCCCSc1ccc(C(SCCN(C)C)c2ccccc2)cc1
D07147_protomer_1,CC1OC(OC2C(C)OC(OC3C(C)OC(OC4CCC5(C)C(CCC6C5CCC5(C)C(C7=CC(=O)OC7)C(OC=O)CC65O)C4)CC3OC=O)CC2OC=O)CC(OC=O)C1OC=O
D07686_protomer_2,CN(C)CCC=C1c2ccccc2Sc2ccc(Cl)cc21
D07686_protomer_1,C[NH+](C)CCC=C1c2ccccc2Sc2ccc(Cl)cc21
D00953_protomer_1,C#CC1(OC(C)=O)CCC2C3CCC4=CC(=O)CCC4C3CCC21C
D00786_protomer_2,Cc1ccc(C(=O)c2cc([O-])c([O-])c([N+](=O)[O-])c2)cc1
D00786_protomer_3,Cc1ccc(C(=O)c2cc(O)c(O)c([N+](=O)[O-])c2)cc1
D00786_protomer_1,Cc1ccc(C(=O)c2cc(O)c([O-])c([N+](=O)[O-])c2)cc1
D02406_protomer_3,NC(C(=O)NC1C(=O)N2C(C(=O)O)=C(CSc3cn[nH]n3)CSC12)c1ccc(O)cc1
D02406_protomer_1,[NH3+]C(C(=O)NC1C(=O)N2C(C(=O)[O-])=C(CSc3cn[n-]n3)CSC12)c1ccc([O-])cc1
D02406_protomer_2,[NH3+]C(C(=O)NC1C(=O)N2C(C(=O)[O-])=C(CSc3cn[n-]n3)CSC12)c1ccc(O)cc1
D07538_protomer_1,COc1ccccc1Oc1c(NS(=O)(=O)c2ccc(C(C)(C)C)cc2)nc(-c2ncccn2)nc1OCCO
D07538_protomer_2,COc1ccccc1Oc1c([N-]S(=O)(=O)c2ccc(C(C)(C)C)cc2)nc(-c2ncccn2)nc1OCCO
D00837_protomer_2,Oc1ccc2c(c1)C13CCCCC1(O)C(C2)[NH+](CC1CCC1)CC3
D00837_protomer_3,Oc1ccc2c(c1)C13CCCCC1(O)C(C2)N(CC1CCC1)CC3
D00837_protomer_1,[O-]c1ccc2c(c1)C13CCCCC1(O)C(C2)[NH+](CC1CCC1)CC3
D01179_protomer_1,C[NH2+]CCC(Oc1cccc2ccccc12)c1cccs1
D01179_protomer_2,CNCCC(Oc1cccc2ccccc12)c1cccs1
D07276_protomer_1,COc1c(OC2OC(CO)C(O)C(O)C2O)cc2c(c1OC)-c1ccc(SC)c(=O)cc1C(NC(C)=O)CC2
D00622_protomer_1,CCC(=O)OC(OP(=O)(CCCCc1ccccc1)CC(=O)N1CC(C2CCCCC2)CC1C(=O)[O-])C(C)C
D03622_protomer_2,CN1CCN(C(c2ccccc2)c2ccccc2)CC1
D08216_protomer_1,C[NH+]1CC[NH+]2c3ccccc3Cc3ccccc3C2C1
D08216_protomer_2,CN1CCN2c3ccccc3Cc3ccccc3C2C1
D00561_protomer_1,O=C1NCCN1CC[NH+]1CCC(c2cn(-c3ccc(F)cc3)c3ccc(Cl)cc23)CC1
D00561_protomer_2,O=C1NCCN1CCN1CCC(c2cn(-c3ccc(F)cc3)c3ccc(Cl)cc23)CC1
D02261_protomer_1,C=CC1C[NH+]2CCC1CC2C(O)c1ccnc2ccc(OC)cc12
D02261_protomer_2,C=CC1CN2CCC1CC2C(O)c1ccnc2ccc(OC)cc12
D05756_protomer_1,CN(C(=O)c1c([O-])c2ccccc2n(C)c1=O)c1ccccc1
D05756_protomer_2,CN(C(=O)c1c(O)c2ccccc2n(C)c1=O)c1ccccc1
D02318_protomer_1,CCn1cc(C(=O)[O-])c(=O)c2cc(F)c(N3CC[NH2+]C(C)C3)c(F)c21
D02318_protomer_2,CCn1cc(C(=O)O)c(=O)c2cc(F)c(N3CCNC(C)C3)c(F)c21
D08065_protomer_2,CC#CCC(C)C(O)C=CC1C(O)CC2CC(=CCCCC(=O)O)CC21
D08065_protomer_1,CC#CCC(C)C(O)C=CC1C(O)CC2CC(=CCCCC(=O)[O-])CC21
D02599_protomer_2,Cc1ccccc1C(OCCN(C)C)c1ccccc1
D02599_protomer_1,Cc1ccccc1C(OCC[NH+](C)C)c1ccccc1
D04778_protomer_2,CC(C)N1CCC(N(C(=O)Cc2ccccc2)c2ccc(Cl)cc2)CC1
D04778_protomer_1,CC(C)[NH+]1CCC(N(C(=O)Cc2ccccc2)c2ccc(Cl)cc2)CC1
D02357_protomer_1,CCC(CO)NC(=O)C1C=C2c3cccc4c3c(cn4C)CC2[NH+](C)C1
D02357_protomer_2,CCC(CO)NC(=O)C1C=C2c3cccc4c3c(cn4C)CC2N(C)C1
D00351_protomer_1,CC(=O)N1CCN(c2ccc(OCC3COC(Cn4ccnc4)(c4ccc(Cl)cc4Cl)O3)cc2)CC1
D02359_protomer_1,CC([NH2+]CCc1ccc(O)cc1)C(O)c1ccc([O-])cc1
D02359_protomer_2,CC([NH2+]CCc1ccc([O-])cc1)C(O)c1ccc([O-])cc1
D02359_protomer_3,CC(NCCc1ccc(O)cc1)C(O)c1ccc(O)cc1
D02236_protomer_2,OCCN1CCN(CCC=C2c3ccccc3Sc3ccc(C(F)(F)F)cc32)CC1
D07172_protomer_1,CCC(C)C(C)C1[N-]S(=O)(=O)c2cc(S(N)(=O)=O)c(Cl)cc2[NH2+]1
D07172_protomer_3,CCC(C)C(C)C1Nc2cc(Cl)c(S(N)(=O)=O)cc2S(=O)(=O)N1
D07172_protomer_2,CCC(C)C(C)C1[N-]S(=O)(=O)c2cc(S([NH-])(=O)=O)c(Cl)cc2[NH2+]1
D08244_protomer_2,CCN(CC)CCOC(=O)C(Cc1cccc2ccccc12)CC1CCCO1
D08244_protomer_1,CC[NH+](CC)CCOC(=O)C(Cc1cccc2ccccc12)CC1CCCO1
D02101_protomer_2,COc1ccc2c3c1OC1C(O)C=CC4C(C2)N(C)CCC341
D02101_protomer_1,COc1ccc2c3c1OC1C(O)C=CC4C(C2)[NH+](C)CCC341
D07357_protomer_1,O=[As](O)(O)c1ccc(NCCNc2ccc([As](=O)(O)O)cc2)cc1
D08273_protomer_1,C[NH+]1CCC23c4c5ccc(OC(=O)c6cccnc6)c4OC2C(OC(=O)c2cccnc2)C=CC3C1C5
D08273_protomer_2,CN1CCC23c4c5ccc(OC(=O)c6cccnc6)c4OC2C(OC(=O)c2cccnc2)C=CC3C1C5
D08235_protomer_2,O=C1NC2CCCCN2C12CCN(CCCN1c3ccccc3CCc3ccc(Cl)cc31)CC2
D08235_protomer_1,O=C1NC2CCCC[NH+]2C12CC[NH+](CCCN1c3ccccc3CCc3ccc(Cl)cc31)CC2
D11816_protomer_2,CC(C)NC(=O)COc1cccc(-c2ncc3c(Nc4ccc5[n-]ncc5c4)cccc3n2)c1
D11816_protomer_1,CC(C)NC(=O)COc1cccc(-c2ncc3c(Nc4ccc5[nH]ncc5c4)cccc3n2)c1
D03477_protomer_2,C[NH+](C)C1C(=O)C(C(N)=O)=C([O-])C2(O)C(=O)C3=C([O-])c4c([O-])ccc(Cl)c4C(C)(O)C3CC12
D03477_protomer_3,CN(C)C1C(=O)C(C(N)=O)=C(O)C2(O)C(=O)C3=C(O)c4c(O)ccc(Cl)c4C(C)(O)C3CC12
D03477_protomer_1,C[NH+](C)C1C(=O)C(C(N)=O)=C([O-])C2(O)C(=O)C3=C([O-])c4c(O)ccc(Cl)c4C(C)(O)C3CC12
D00394_protomer_1,CC(CN1c2ccccc2CCc2ccccc21)C[NH+](C)C
D00394_protomer_2,CC(CN(C)C)CN1c2ccccc2CCc2ccccc21
D07520_protomer_2,CC(C)COCC(CN(Cc1ccccc1)c1ccccc1)N1CCCC1
D07520_protomer_1,CC(C)COCC(CN(Cc1ccccc1)c1ccccc1)[NH+]1CCCC1
D07575_protomer_1,O=C1OC(C(O)CO)C([O-])=C1O
D07575_protomer_2,O=C1OC(C(O)CO)C(O)=C1[O-]
D08325_protomer_2,CN1CCCN=C1COC(=O)C(O)(c1ccccc1)C1CCCCC1
D07736_protomer_1,CCOC(=O)COc1ccc2c(C)c(CC[NH+](CC)CC)c(=O)oc2c1Cl
D07736_protomer_2,CCOC(=O)COc1ccc2c(C)c(CCN(CC)CC)c(=O)oc2c1Cl
D04140_protomer_1,COC(=O)Nc1nc2ccc(Sc3ccccc3)cc2[nH]1
D04140_protomer_2,COC(=O)Nc1nc2ccc(Sc3ccccc3)cc2[n-]1
D11691_protomer_2,O=C(Cc1ccc(-c2ccc(OCCN3CCOCC3)cc2)cn1)NCc1ccccc1
D11691_protomer_1,O=C(Cc1ccc(-c2ccc(OCC[NH+]3CCOCC3)cc2)cn1)NCc1ccccc1
D03428_protomer_2,Cc1cc(=O)c(C(=O)NC(C(=O)NC2C(=O)N3C(C(=O)[O-])=C(CSc4nnnn4C)CSC23)c2ccc([O-])cc2)c[n-]1
D03428_protomer_3,Cc1cc(=O)c(C(=O)NC(C(=O)NC2C(=O)N3C(C(=O)O)=C(CSc4nnnn4C)CSC23)c2ccc(O)cc2)c[nH]1
D03428_protomer_1,Cc1cc(=O)c(C(=O)NC(C(=O)NC2C(=O)N3C(C(=O)[O-])=C(CSc4nnnn4C)CSC23)c2ccc(O)cc2)c[n-]1
D03717_protomer_1,CCC(=O)[N-]S(=O)(=O)c1ccc(-c2c(-c3ccccc3)noc2C)cc1
D00389_protomer_1,CC12C=CC(=O)C=C1CCC1C2CCC2(C)C1CCC2(C)O
D07640_protomer_1,C=CC1=C(C(=O)[O-])N2C(=O)C(NC(=O)C(=NOCC(=O)[O-])c3csc(N)n3)C2SC1
D07640_protomer_2,C=CC1=C(C(=O)O)N2C(=O)C(NC(=O)C(=NOCC(=O)O)c3csc(N)n3)C2SC1
D00286_protomer_1,CC1CC(OC(=O)C(O)c2ccccc2)CC(C)(C)C1
D03197_protomer_2,Oc1ccc2c(c1)C13CCCCC1(O)C(C2)[NH+](CC1CCC1)CC3
D03197_protomer_1,[O-]c1ccc2c(c1)C13CCCCC1(O)C(C2)[NH+](CC1CCC1)CC3
D03197_protomer_3,Oc1ccc2c(c1)C13CCCCC1(O)C(C2)N(CC1CCC1)CC3
D06379_protomer_2,O=P([O-])([O-])C(O)(Cn1ccnc1)P(=O)([O-])[O-]
D06379_protomer_1,O=P([O-])([O-])C(O)(Cn1ccnc1)P(=O)([O-])O
D00385_protomer_1,CC12C=CC(=O)C=C1CCC1C3CC(O)C(O)(C(=O)CO)C3(C)CC(O)C12F
D07655_protomer_2,CON=C(C(=O)NC1C(=O)N2C(C(=O)O)=C(Cn3nnc(C)n3)CSC12)c1csc(N)n1
D07655_protomer_1,CON=C(C(=O)NC1C(=O)N2C(C(=O)[O-])=C(Cn3nnc(C)n3)CSC12)c1csc(N)n1
D02815_protomer_1,CC(C=CC1=C(C)CCCC1(C)C)=CC=CC(C)=CC(=O)[O-]
D02815_protomer_2,CC(C=CC1=C(C)CCCC1(C)C)=CC=CC(C)=CC(=O)O
D05443_protomer_1,CC1(C)C(C=C(Cl)Cl)C1C(=O)OCc1cccc(Oc2ccccc2)c1
D00680_protomer_1,CCC(CO)NC(=O)C1C=C2c3cccc4[nH]cc(c34)CC2[NH+](C)C1
D00680_protomer_2,CCC(CO)NC(=O)C1C=C2c3cccc4[nH]cc(c34)CC2N(C)C1
D01379_protomer_1,CC1OC(OC2C=C3CCC4C(CCC5(C)C(c6ccc(=O)oc6)CCC45O)C3(C)CC2)C(O)C(O)C1O
D00406_protomer_1,Nc1ncnc2c1ncn2C1OC(CO)C(O)C1O
D11048_protomer_1,CCC1CN(C(=O)NCC(F)(F)F)CC1c1cnc2cnc3[nH]ccc3n12
D07101_protomer_2,CCN(CC)CCNC(=O)c1cc(Br)c(N)cc1OC
D07101_protomer_1,CC[NH+](CC)CCNC(=O)c1cc(Br)c(N)cc1OC
D00355_protomer_2,Cc1c(OCC(F)(F)F)ccnc1CS(=O)c1nc2ccccc2[n-]1
D00355_protomer_1,Cc1c(OCC(F)(F)F)ccnc1CS(=O)c1nc2ccccc2[nH]1
D07188_protomer_1,CN(C)C(=O)CCCOC(=O)C(C)(C)Oc1ccc(Cl)cc1
D01036_protomer_1,COc1ccc2c(c1OC)C(=O)OC2C1c2c(cc3c(c2OC)OCO3)CC[NH+]1C
D01036_protomer_2,COc1ccc2c(c1OC)C(=O)OC2C1c2c(cc3c(c2OC)OCO3)CCN1C
D00203_protomer_2,CC1C=CC=CC=CC=CC=CC=CC=CC(OC2OC(C)C(O)C(N)C2O)CC2OC(O)(CC(O)CC(O)C(O)CCC(O)CC(O)CC(=O)OC(C)C(C)C1O)CC(O)C2C(=O)O
D00203_protomer_1,CC1C=CC=CC=CC=CC=CC=CC=CC(OC2OC(C)C(O)C([NH3+])C2O)CC2OC(O)(CC(O)CC(O)C(O)CCC(O)CC(O)CC(=O)OC(C)C(C)C1O)CC(O)C2C(=O)[O-]
D07425_protomer_1,COc1ccc(Cc2nccc3cc(OC)c(OC)cc23)cc1OC
D02361_protomer_2,CCC(=O)c1ccc2c(c1)N(CC(C)N(C)C)c1ccccc1S2
D02361_protomer_1,CCC(=O)c1ccc2c(c1)N(CC(C)[NH+](C)C)c1ccccc1S2
D10727_protomer_1,O[Si](O)(O)O
D02450_protomer_1,COc1cc([N-]S(=O)(=O)c2ccc(N)cc2)nc(C)n1
D02450_protomer_2,COc1cc(NS(=O)(=O)c2ccc(N)cc2)nc(C)n1
D02611_protomer_1,CCOC(=O)C1(c2ccccc2)CC[NH+](CCC(O)c2ccccc2)CC1
D02611_protomer_2,CCOC(=O)C1(c2ccccc2)CCN(CCC(O)c2ccccc2)CC1
D07347_protomer_3,Cc1ncc(COC(=O)CCC(=O)OCCN(C)C)c(CO)c1O
D07347_protomer_2,Cc1ncc(COC(=O)CCC(=O)OCC[NH+](C)C)c(CO)c1O
D07347_protomer_1,Cc1ncc(COC(=O)CCC(=O)OCC[NH+](C)C)c(CO)c1[O-]
D07206_protomer_2,N=C(N)c1ccc(OCCCCCCOc2ccc(C(=N)N)cc2)cc1
D07206_protomer_1,NC(=[NH2+])c1ccc(OCCCCCCOc2ccc(C(N)=[NH2+])cc2)cc1
D02231_protomer_1,Cc1onc(-c2ccccc2Cl)c1C(=O)NC1C(=O)N2C1SC(C)(C)C2C(=O)[O-]
D00947_protomer_1,CC(=O)NCC1CN(c2ccc(N3CCOCC3)c(F)c2)C(=O)O1
D07391_protomer_2,CCC(=O)C1(c2ccccc2)CCN(CCOCCO)CC1
D07391_protomer_1,CCC(=O)C1(c2ccccc2)CC[NH+](CCOCCO)CC1
D02485_protomer_2,CCCCN(CCCC)CCC(O)c1cc2c(Cl)cc(Cl)cc2c2cc(C(F)(F)F)ccc12
D02485_protomer_1,CCCC[NH+](CCCC)CCC(O)c1cc2c(Cl)cc(Cl)cc2c2cc(C(F)(F)F)ccc12
D07516_protomer_1,C[NH+](C)CCCOc1nn(Cc2ccccc2)c2ccccc12
D07516_protomer_2,CN(C)CCCOc1nn(Cc2ccccc2)c2ccccc12
D03127_protomer_1,CC[NH+](CC)CCOC(=O)c1cccc(-c2ccccc2)c1O
D03127_protomer_2,CC[NH+](CC)CCOC(=O)c1cccc(-c2ccccc2)c1[O-]
D03127_protomer_3,CCN(CC)CCOC(=O)c1cccc(-c2ccccc2)c1O
D00277_protomer_1,CCCC1CC(C(=O)NC(C(C)Cl)C2OC(SC)C(O)C(O)C2O)[NH+](C)C1
D00277_protomer_2,CCCC1CC(C(=O)NC(C(C)Cl)C2OC(SC)C(O)C(O)C2O)N(C)C1
D00632_protomer_3,CC(CCc1ccc(O)cc1)NCCc1ccc(O)c(O)c1
D00632_protomer_2,CC(CCc1ccc(O)cc1)[NH2+]CCc1ccc([O-])c([O-])c1
D00632_protomer_1,CC(CCc1ccc([O-])cc1)[NH2+]CCc1ccc([O-])c([O-])c1
D08413_protomer_1,CC12C=CC(=O)C=C1CCC1C2C(O)CC2(C)C1CCC2(O)C(=O)COC(=O)c1cccc(S(=O)(=O)[O-])c1
D03768_protomer_1,CC(=O)Nc1c(I)c(NC(C)=O)c(I)c(C(=O)[O-])c1I
D00923_protomer_1,CON=C(C(=O)NC1C(=O)N2C(C(=O)[O-])=CCSC12)c1csc(N)n1
C17734_protomer_1,CC(=O)OC1CCC2(C)C(CCC3(C)C2C(=O)C=C2C4CC(C)(C(=O)[O-])CCC4(C)CCC23C)C1(C)C
C17734_protomer_2,CC(=O)OC1CCC2(C)C(CCC3(C)C2C(=O)C=C2C4CC(C)(C(=O)O)CCC4(C)CCC23C)C1(C)C
D07326_protomer_2,CN1CCN(C=C2N=C3CN=C(c4ccccc4Cl)c4cc([N+](=O)[O-])ccc4N3C2=O)CC1
D07326_protomer_1,C[NH+]1CC[NH+](C=C2[NH+]=C3CN=C(c4ccccc4Cl)c4cc([N+](=O)[O-])ccc4N3C2=O)CC1
D07802_protomer_2,CC1CC2C3CCC4=CC(=O)C=CC4(C)C3(F)C(O)CC2(C)C1(O)C(=O)COP(=O)(O)O
D02509_protomer_1,CC(=[NH2+])N1CCC(SC2=C(C(=O)[O-])N3C(=O)C(C(C)O)C3C2)C1
D02509_protomer_2,CC(=N)N1CCC(SC2=C(C(=O)O)N3C(=O)C(C(C)O)C3C2)C1
D02537_protomer_1,CCCCc1oc2ccc([N-]S(C)(=O)=O)cc2c1C(=O)c1ccc(OCCC[NH+](CCCC)CCCC)cc1
D02537_protomer_2,CCCCc1oc2ccc(NS(C)(=O)=O)cc2c1C(=O)c1ccc(OCCC[NH+](CCCC)CCCC)cc1
D02537_protomer_3,CCCCc1oc2ccc(NS(C)(=O)=O)cc2c1C(=O)c1ccc(OCCCN(CCCC)CCCC)cc1
D08296_protomer_1,CC(=C(OCCOc1ccc(Cl)cc1)c1ccc(Cl)cc1Cl)n1ccnc1
D00415_protomer_2,CN(C)CCc1c[nH]c2ccc(CC3COC(=O)N3)cc12
D00415_protomer_1,C[NH+](C)CCc1c[nH]c2ccc(CC3COC(=O)N3)cc12
D05084_protomer_1,CON=C1CC2(CC3CC(CC=C(C)CC(C)C=CC=C4COC5C(O)C(C)=CC(C(=O)O3)C45O)O2)OC(C(C)=CC(C)C)C1C
D02097_protomer_1,Cc1ccsc1C(=CCC[NH+]1CCCC(C(=O)[O-])C1)c1sccc1C
D02097_protomer_2,Cc1ccsc1C(=CCCN1CCCC(C(=O)O)C1)c1sccc1C
D08194_protomer_2,COC(=O)C1C2CC3c4[nH]c5ccccc5c4CCN3CC2CC(OC(=O)c2cc(OC)c(OC)c(OC)c2)C1OC
D08194_protomer_1,COC(=O)C1C2CC3c4[nH]c5ccccc5c4CC[NH+]3CC2CC(OC(=O)c2cc(OC)c(OC)c(OC)c2)C1OC
D03843_protomer_1,CCCC1(CCc2ccccc2)CC([O-])=C(C(CC)c2cccc(NS(=O)(=O)c3ccc(C(F)(F)F)cn3)c2)C(=O)O1
D03843_protomer_2,CCCC1(CCc2ccccc2)CC([O-])=C(C(CC)c2cccc([N-]S(=O)(=O)c3ccc(C(F)(F)F)cn3)c2)C(=O)O1
D00596_protomer_2,CN(CCOc1ccc(CC2SC(=O)NC2=O)cc1)c1ccccn1
D00596_protomer_1,CN(CCOc1ccc(CC2SC(=O)[N-]C2=O)cc1)c1ccccn1
D08117_protomer_1,CC1C[NH+](C2CCC(C#N)(c3ccc(F)cc3)CC2)CCC1(C(=O)[O-])c1ccccc1
D08117_protomer_2,CC1CN(C2CCC(C#N)(c3ccc(F)cc3)CC2)CCC1(C(=O)O)c1ccccc1
D03895_protomer_2,CC(O)C1C(=O)N2C(C(=O)[O-])=C(SC3C[NH2+]C(C[N-]S([NH-])(=O)=O)C3)C(C)C12
D03895_protomer_1,CC(O)C1C(=O)N2C(C(=O)[O-])=C(SC3C[NH2+]C(CNS([NH-])(=O)=O)C3)C(C)C12
D03895_protomer_3,CC(O)C1C(=O)N2C(C(=O)O)=C(SC3CNC(CNS(N)(=O)=O)C3)C(C)C12
D03424_protomer_1,CON=C(C(=O)NC1C(=O)N2C(C(=O)[O-])=C(C)CSC12)c1csc(N)n1
D03424_protomer_2,CON=C(C(=O)NC1C(=O)N2C(C(=O)O)=C(C)CSC12)c1csc(N)n1
C01946_protomer_2,COC1CC(OC2C(C)C(=O)OC(C)C(C)C(O)C(C)C(=O)C3(CO3)CC(C)C(OC3OC(C)CC(N(C)C)C3O)C2C)OC(C)C1O
C01946_protomer_1,COC1CC(OC2C(C)C(=O)OC(C)C(C)C(O)C(C)C(=O)C3(CO3)CC(C)C(OC3OC(C)CC([NH+](C)C)C3O)C2C)OC(C)C1O
D07733_protomer_1,Cc1onc(-c2ccccc2Cl)c1C(=O)NC1C(=O)N2C1SC(C)(C)C2C(=O)[O-]
D07733_protomer_2,Cc1onc(-c2ccccc2Cl)c1C(=O)NC1C(=O)N2C1SC(C)(C)C2C(=O)O
D03290_protomer_1,O=C([O-])c1cc(Cc2ccc([O-])c(C(=O)[O-])c2)ccc1[O-]
D03290_protomer_2,O=C([O-])c1cc(Cc2ccc(O)c(C(=O)[O-])c2)ccc1[O-]
D03290_protomer_3,O=C(O)c1cc(Cc2ccc(O)c(C(=O)O)c2)ccc1O
D02081_protomer_2,CC(=O)Oc1c(C)cc(OCC(O)CNC(C)C)c(C)c1C
D02081_protomer_1,CC(=O)Oc1c(C)cc(OCC(O)C[NH2+]C(C)C)c(C)c1C
D02251_protomer_2,CCN1CCN(C(=O)NC(C(=O)NC2C(=O)N3C2SC(C)(C)C3C(=O)O)c2ccccc2)C(=O)C1=O
D00456_protomer_1,Cc1nccn1CC1CCc2c(c3ccccc3n2C)C1=O
D02629_protomer_2,O=C1NCN(c2ccccc2)C12CCN(CCCC(c1ccc(F)cc1)c1ccc(F)cc1)CC2
D02629_protomer_1,O=C1NCN(c2ccccc2)C12CC[NH+](CCCC(c1ccc(F)cc1)c1ccc(F)cc1)CC2
D03363_protomer_1,CC12CCC(=O)C=C1C=CC1C2CCC2(C)C1CCC21CCC(=O)O1
D03469_protomer_2,CCN(CC)CCCC(C)Nc1ccnc2cc(Cl)ccc12
D03469_protomer_1,CC[NH+](CC)CCCC(C)[NH2+]c1ccnc2cc(Cl)ccc12
D01068_protomer_1,CCC1(O)CC2C[NH+](CCc3c([nH]c4ccccc34)C(C(=O)OC)(c3cc4c(cc3OC)[NH+](C)C3C(O)(C(=O)OC)C(OC(C)=O)C5(CC)C=CC[NH+]6CCC43C65)C2)C1
D01068_protomer_2,CCC1(O)CC2CN(CCc3c([nH]c4ccccc34)C(C(=O)OC)(c3cc4c(cc3OC)N(C)C3C(O)(C(=O)OC)C(OC(C)=O)C5(CC)C=CCN6CCC43C65)C2)C1
D07593_protomer_1,O=C1CC2(CCCC2)CC(=O)N1CCCC[NH+]1CCN(c2ncccn2)CC1
D07593_protomer_2,O=C1CC2(CCCC2)CC(=O)N1CCCCN1CCN(c2ncccn2)CC1
D07675_protomer_1,O=C([O-])CCC(=O)OCC(NC(=O)C(Cl)Cl)C(O)c1ccc([N+](=O)[O-])cc1
D07675_protomer_2,O=C(O)CCC(=O)OCC(NC(=O)C(Cl)Cl)C(O)c1ccc([N+](=O)[O-])cc1
D05134_protomer_1,COc1nc(N)nc2c1ncn2C1OC(CO)C(O)C1O
D00661_protomer_2,CC1OC2(CS1)CN1CCC2CC1
D00661_protomer_1,CC1OC2(CS1)C[NH+]1CCC2CC1
D05026_protomer_1,COC1=C(C(=O)[O-])N2C(=O)C(NC(=O)C([NH3+])C3=CCC=CC3)C2SC1
D05026_protomer_2,COC1=C(C(=O)O)N2C(=O)C(NC(=O)C(N)C3=CCC=CC3)C2SC1
D07990_protomer_1,COc1ccc(CC(C)[NH2+]CC(O)c2ccc([O-])c(NC=O)c2)cc1
D07990_protomer_2,COc1ccc(CC(C)[NH2+]CC(O)c2ccc(O)c(NC=O)c2)cc1
D07990_protomer_3,COc1ccc(CC(C)NCC(O)c2ccc(O)c(NC=O)c2)cc1
D11630_protomer_1,Cn1c(=O)c2[n-]cnc2n(C)c1=O
D11630_protomer_2,Cn1c(=O)c2[nH]cnc2n(C)c1=O
D07869_protomer_1,COc1cc2c(cc1OC)C(=O)C(CC1CC[NH+](Cc3ccccc3)CC1)C2
D07869_protomer_2,COc1cc2c(cc1OC)C(=O)C(CC1CCN(Cc3ccccc3)CC1)C2
D07166_protomer_2,COC(=O)C1C2CC3c4[nH]c5ccc(OC)cc5c4CCN3CC2CC(OC(=O)c2cc(OC)c(OC)c(OC)c2)C1OC
D07166_protomer_1,COC(=O)C1C2CC3c4[nH]c5ccc(OC)cc5c4CC[NH+]3CC2CC(OC(=O)c2cc(OC)c(OC)c(OC)c2)C1OC
D02535_protomer_1,COC1CC(=C(c2cccs2)c2cccs2)C[N+](C)(C)C1
D02621_protomer_1,COc1ccccc1N1CC[NH+](CCCC(=O)c2ccc(F)cc2)CC1
D02621_protomer_2,COc1ccccc1N1CCN(CCCC(=O)c2ccc(F)cc2)CC1
D02070_protomer_1,C[N+]1(C)C2CCC1CC(OC(=O)C(O)c1ccccc1)C2
D02427_protomer_2,Cc1ccc(S(=O)(=O)NC(=O)NC2C3CCC(C)(C2O)C3(C)C)cc1
D02427_protomer_1,Cc1ccc(S(=O)(=O)[N-]C(=O)[NH2+]C2C3CCC(C)(C2O)C3(C)C)cc1
D07799_protomer_1,CC1CC2C3CCC4=CC(=O)C=CC4(C)C3(F)C(O)CC2(C)C1(O)C(=O)COC(=O)CC(C)(C)C
D00983_protomer_1,CC1(C)OC2CC3C4CCC5=CC(=O)C=CC5(C)C4(F)C(O)CC3(C)C2(C(=O)CO)O1
D00959_protomer_1,CCC(=O)OC1CCC2C3CCC4=CC(=O)CCC4(C)C3CCC12C
D07992_protomer_1,CCC(=O)OC(OP(=O)(CCCCc1ccccc1)CC(=O)N1CC(C2CCCCC2)CC1C(=O)[O-])C(C)C
D07992_protomer_2,CCC(=O)OC(OP(=O)(CCCCc1ccccc1)CC(=O)N1CC(C2CCCCC2)CC1C(=O)O)C(C)C
D02130_protomer_1,C[NH+]1C2CCC1CC(OC(=O)c1c[nH]c3ccccc13)C2
D02130_protomer_2,CN1C2CCC1CC(OC(=O)c1c[nH]c3ccccc13)C2
D04147_protomer_1,CC(Cc1ccccc1)[NH2+]CCn1cnc2c1c(=O)n(C)c(=O)n2C
D04147_protomer_2,CC(Cc1ccccc1)NCCn1cnc2c1c(=O)n(C)c(=O)n2C
D06299_protomer_1,Nc1ncnc2c1ncn2C1OC(COP(=O)([O-])[O-])C(O)C1O
D06299_protomer_2,Nc1ncnc2c1ncn2C1OC(COP(=O)(O)O)C(O)C1O
D00930_protomer_1,CC(C=CC(C)C(C)(C)O)C1CCC2C(=CC=C3CC(O)CC(O)C3)CCCC21C
D00721_protomer_1,CC[N+](C)(CC)CCOC(=O)C1c2ccccc2Oc2ccccc21
D07797_protomer_1,CC1CC2C3CCC4=CC(=O)C=CC4(C)C3(F)C(O)CC2(C)C1(O)C(=O)COC(=O)c1ccncc1
D11426_protomer_1,CC12CCC[NH+]1CC1=N[N-]C(=O)c3cc(F)cc4[nH]c2c1c34
D11426_protomer_2,CC12CCCN1CC1=NNC(=O)c3cc(F)cc4[nH]c2c1c34
D08066_protomer_2,Cc1ccc(NC(=O)c2ccc(CN3CCN(C)CC3)cc2)cc1Nc1nccc(-c2cccnc2)n1
D07308_protomer_1,CC[NH+](CC)CCCN1c2ccccc2Sc2ccc(Cl)cc21
D07308_protomer_2,CCN(CC)CCCN1c2ccccc2Sc2ccc(Cl)cc21
D08190_protomer_1,Cc1c([NH+](C)CS(=O)(=O)[O-])c(=O)n(-c2ccccc2)n1C
D08190_protomer_2,Cc1c(N(C)CS(=O)(=O)[O-])c(=O)n(-c2ccccc2)n1C
D06413_protomer_1,Cc1cn(-c2cc(NC(=O)c3ccc(C)c(Nc4nccc(-c5cccnc5)n4)c3)cc(C(F)(F)F)c2)cn1
D07833_protomer_2,CC(C)C1(NC(=O)C2CC3c4cccc5[nH]cc(c45)CC3N(C)C2)OC2(O)C3CCCN3C(=O)C(Cc3ccccc3)N2C1=O
D07833_protomer_1,CC(C)C1(NC(=O)C2CC3c4cccc5[nH]cc(c45)CC3[NH+](C)C2)OC2(O)C3CCCN3C(=O)C(Cc3ccccc3)N2C1=O
D08643_protomer_2,COc1cc(C(=O)NCc2ccc(OCCN(C)C)cc2)cc(OC)c1OC
D08643_protomer_1,COc1cc(C(=O)NCc2ccc(OCC[NH+](C)C)cc2)cc(OC)c1OC
D07224_protomer_1,CC[N+](C)(C)C(C)CC(c1ccccc1)c1ccccc1
D00112_protomer_1,CC1OC(OC2CC(O)C3(CO)C4C(O)CC5(C)C(C6=CC(=O)OC6)CCC5(O)C4CCC3(O)C2)C(O)C(O)C1O
D07951_protomer_1,C[N+]1(CC(=O)c2ccc(-c3ccccc3)cc2)C2CCC1CC(OC(=O)C(CO)c1ccccc1)C2
D03496_protomer_1,Cc1nccn1CC1CCc2c(c3cccc4c3n2CCC4)C1=O
D06877_protomer_1,CC[N+](C)(CC)CCOC(=O)C(O)(c1ccccc1)C1CCCCC1
D01062_protomer_1,CCCCCCCCCCCCCCCC[n+]1ccccc1
D04605_protomer_1,C[NH+](C)CCCn1c2c(c3ccccc31)CCCCCC2
D04605_protomer_2,CN(C)CCCn1c2c(c3ccccc31)CCCCCC2
D10514_protomer_1,COc1cc2ncnc(Nc3ccc(F)c(Cl)c3)c2cc1NC(=O)C=CC[NH+]1CCCCC1
D10514_protomer_2,COc1cc2ncnc(Nc3ccc(F)c(Cl)c3)c2cc1NC(=O)C=CCN1CCCCC1
D08092_protomer_3,CC(COc1ccccc1)NC(C)C(O)c1ccc(O)cc1
D08092_protomer_1,CC(COc1ccccc1)[NH2+]C(C)C(O)c1ccc([O-])cc1
D08092_protomer_2,CC(COc1ccccc1)[NH2+]C(C)C(O)c1ccc(O)cc1
D08226_protomer_2,CCc1c(C)[nH]c2c1C(=O)C(CN1CCOCC1)CC2
D08226_protomer_1,CCc1c(C)[nH]c2c1C(=O)C(C[NH+]1CCOCC1)CC2
D03199_protomer_2,CC(CC1c2ccccc2CCc2ccccc21)CN(C)C
D03199_protomer_1,CC(CC1c2ccccc2CCc2ccccc21)C[NH+](C)C
D00643_protomer_1,C=CC1C[NH+]2CCC1CC2C(O)c1ccnc2ccc(OC)cc12
D00643_protomer_2,C=CC1CN2CCC1CC2C(O)c1ccnc2ccc(OC)cc12
D08179_protomer_1,CC[NH+](CC)CCCC(C)[NH2+]c1c2ccc(Cl)cc2nc2ccc(OC)cc12
D08179_protomer_2,CCN(CC)CCCC(C)Nc1c2ccc(Cl)cc2nc2ccc(OC)cc12
D08674_protomer_2,CCC(C)[NH+](CC(OC(=O)c1ccc(O)cc1)c1cccn1Cc1ccccc1Cl)C(C)CC
D08674_protomer_1,CCC(C)[NH+](CC(OC(=O)c1ccc([O-])cc1)c1cccn1Cc1ccccc1Cl)C(C)CC
D08674_protomer_3,CCC(C)N(CC(OC(=O)c1ccc(O)cc1)c1cccn1Cc1ccccc1Cl)C(C)CC
D02288_protomer_1,CCCCC(=O)OC1(C(=O)CO)CCC2C3CCC4=CC(=O)CCC4(C)C3C(O)CC21C
D00431_protomer_1,Cc1ccccc1N1C(=O)c2cc(S([NH-])(=O)=O)c(Cl)cc2[NH2+]C1C
D00431_protomer_2,Cc1ccccc1N1C(=O)c2cc(S(N)(=O)=O)c(Cl)cc2[NH2+]C1C
D00431_protomer_3,Cc1ccccc1N1C(=O)c2cc(S(N)(=O)=O)c(Cl)cc2NC1C
D05200_protomer_1,C[NH+]1Cc2c(N)cccc2C(c2ccccc2)C1
D05200_protomer_2,CN1Cc2c(N)cccc2C(c2ccccc2)C1
D03260_protomer_3,CCCc1nc(C)c2c(=O)[nH]c(-c3cc(S(=O)(=O)N4CCN(CC)CC4)ccc3OCC)nn12
D03423_protomer_2,CCN1CCN(C(=O)NC(C(=O)NC2(OC)C(=O)N3C(C(=O)O)=C(CSc4nnnn4C)CSC32)C(C)O)C(=O)C1=O
D03423_protomer_1,CCN1CCN(C(=O)NC(C(=O)NC2(OC)C(=O)N3C(C(=O)[O-])=C(CSc4nnnn4C)CSC32)C(C)O)C(=O)C1=O
D02483_protomer_1,COC1OC2OC3(C)CCC4C(C)CCC(C1C)C24OO3
D10528_protomer_1,CC12CCC(=O)C=C1CCC1C2C(O)CC2(C=O)C(C(=O)CO)CCC12
D01147_protomer_2,CC1CCc2c(N3CCC(O)CC3)c(F)cc3c(=O)c(C(=O)O)cn1c23
D01147_protomer_1,CC1CCc2c(N3CCC(O)CC3)c(F)cc3c(=O)c(C(=O)[O-])cn1c23
D00752_protomer_1,COc1c(C)c2c(c(O)c1CC=C(C)CCC(=O)OCC[NH+]1CCOCC1)C(=O)OC2
D00752_protomer_3,COc1c(C)c2c(c(O)c1CC=C(C)CCC(=O)OCCN1CCOCC1)C(=O)OC2
D00752_protomer_2,COc1c(C)c2c(c([O-])c1CC=C(C)CCC(=O)OCC[NH+]1CCOCC1)C(=O)OC2
D11780_protomer_2,Nc1nc2c(c(=O)[n-]1)[NH2+]C1C([NH2+]2)OC2COP(=O)([O-])OC2C1(O)O
D11780_protomer_3,Nc1nc2c(c(=O)[nH]1)NC1C(N2)OC2COP(=O)(O)OC2C1(O)O
D11780_protomer_1,Nc1nc2c(c(=O)[nH]1)[NH2+]C1C([NH2+]2)OC2COP(=O)([O-])OC2C1(O)O
D08664_protomer_2,CC(C)C([NH3+])C(=O)OCCOCn1cnc2c(=O)[n-]c(N)nc21
D08664_protomer_3,CC(C)C(N)C(=O)OCCOCn1cnc2c(=O)[nH]c(N)nc21
D00129_protomer_1,C=C1C(=CC=C2CCCC3(C)C2CCC3C(C)CCCC(C)(C)O)CC(O)CC1O
D00199_protomer_2,CCC1C2CC3C4N(C)c5ccccc5C45CC(C2C5O)N3C1O
D00199_protomer_1,CCC1C2CC3C4[NH+](C)c5ccccc5C45CC(C2C5O)[NH+]3C1O
D02548_protomer_1,CC[NH+](CC)CCCC(C)[NH2+]c1c2ccc(Cl)cc2nc2ccc(OC)cc12
D02548_protomer_2,CCN(CC)CCCC(C)Nc1c2ccc(Cl)cc2nc2ccc(OC)cc12
D02221_protomer_1,CC1(C)SC2C(NC(=O)C(NC(=O)N3CCN(S(C)(=O)=O)C3=O)c3ccccc3)C(=O)N2C1C(=O)[O-]
D02212_protomer_1,CC(C)[N+]1(C)C2CCC1CC(OC(=O)C(CO)c1ccccc1)C2
D02349_protomer_2,CNCC(O)c1ccc(OC(=O)C(C)(C)C)c(OC(=O)C(C)(C)C)c1
D02349_protomer_1,C[NH2+]CC(O)c1ccc(OC(=O)C(C)(C)C)c(OC(=O)C(C)(C)C)c1
D07320_protomer_2,CCN=C1Nc2ccc(Cl)cc2C(C)(c2ccccc2)O1
D07320_protomer_1,CC[NH+]=C1Nc2ccc(Cl)cc2C(C)(c2ccccc2)O1
C07621_protomer_1,CCC(c1ccc2cc(OC)ccc2c1)C(C)(C)C(=O)[O-]
C07621_protomer_2,CCC(c1ccc2cc(OC)ccc2c1)C(C)(C)C(=O)O
D09216_protomer_2,CC(=O)OCCN1CCN(CCCN2c3ccccc3Sc3ccc(Cl)cc32)CC1
D09032_protomer_1,CCC12C=CC[NH+]3CCC4(c5cc(C6(C(=O)OC)CC7CC(C(C)(F)F)C[NH+](Cc8c6[nH]c6ccccc86)C7)c(OC)cc5[NH+](C)C4C(O)(C(=O)OC)C1OC(C)=O)C32
D09032_protomer_2,CCC12C=CCN3CCC4(c5cc(C6(C(=O)OC)CC7CC(C(C)(F)F)CN(Cc8c6[nH]c6ccccc86)C7)c(OC)cc5N(C)C4C(O)(C(=O)OC)C1OC(C)=O)C32
D07729_protomer_2,COC(=O)C(c1ccccc1Cl)N1CCc2sccc2C1
D08227_protomer_1,CC1CC2C3CCC4=CC(=O)C=CC4(C)C3(Cl)C(O)CC2(C)C1(O)C(=O)CCl
D10510_protomer_1,Cc1ccccc1C(O)(c1ccccc1C)C1C[NH+]2CCC1CC2
D10510_protomer_2,Cc1ccccc1C(O)(c1ccccc1C)C1CN2CCC1CC2
D00498_protomer_2,CC(C)=CC[NH+]1CCC2(C)c3cc([O-])ccc3CC1C2C
D00498_protomer_3,CC(C)=CCN1CCC2(C)c3cc(O)ccc3CC1C2C
D08682_protomer_2,CC(=O)CC(c1ccccc1)c1c([O-])c2ccccc2oc1=O
D08682_protomer_1,CC(=O)CC(c1ccccc1)c1c(O)c2ccccc2oc1=O
D07765_protomer_2,CN1CCC(=C2c3ccccc3C=Cc3ccccc32)CC1
D07765_protomer_1,C[NH+]1CCC(=C2c3ccccc3C=Cc3ccccc32)CC1
D07966_protomer_1,Nc1nc(F)nc2c1ncn2C1OC(CO)C(O)C1O
D07650_protomer_1,COCC1=C(C(=O)[O-])N2C(=O)C(NC(=O)C(=NOC)c3csc(N)n3)C2SC1
D07650_protomer_2,COCC1=C(C(=O)O)N2C(=O)C(NC(=O)C(=NOC)c3csc(N)n3)C2SC1
D00684_protomer_1,Cc1ccc(C(=O)Oc2ccc(C(O)C[NH2+]C(C)(C)C)cc2OC(=O)c2ccc(C)cc2)cc1
D00684_protomer_2,Cc1ccc(C(=O)Oc2ccc(C(O)CNC(C)(C)C)cc2OC(=O)c2ccc(C)cc2)cc1
C06624_protomer_2,C[NH+](C)C1C(=O)C(C(N)=O)=C([O-])C2(O)C(=O)C3=C([O-])c4c([O-])cccc4C(C)(O)C3C(O)C12
C06624_protomer_1,C[NH+](C)C1C(=O)C(C(N)=O)=C([O-])C2(O)C(=O)C3=C([O-])c4c(O)cccc4C(C)(O)C3C(O)C12
C06624_protomer_3,CN(C)C1C(=O)C(C(N)=O)=C(O)C2(O)C(=O)C3=C(O)c4c(O)cccc4C(C)(O)C3C(O)C12
D11817_protomer_1,CNC(=O)c1nnc(NC(=O)C2CC2)cc1Nc1cccc(-c2ncn(C)n2)c1OC
D02090_protomer_2,CN1CCN(C(c2ccccc2)c2ccccc2)CC1
D00002_protomer_1,NC(=O)c1ccc[n+](C2OC(COP(=O)([O-])OP(=O)([O-])OCC3OC(n4cnc5c(N)ncnc54)C(O)C3O)C(O)C2O)c1
D00002_protomer_2,NC(=O)c1ccc[n+](C2OC(COP(=O)(O)OP(=O)(O)OCC3OC(n4cnc5c(N)ncnc54)C(O)C3O)C(O)C2O)c1
D06238_protomer_1,COc1cc(NCc2ccc3nc(N)nc(N)c3c2C)cc(OC)c1OC
D00308_protomer_3,O=C(CCCN1CC=C(n2c(=O)[nH]c3ccccc32)CC1)c1ccc(F)cc1
D00308_protomer_2,O=C(CCC[NH+]1CC=C(n2c(=O)[nH]c3ccccc32)CC1)c1ccc(F)cc1
D00308_protomer_1,O=C(CCC[NH+]1CC=C(n2c(=O)[n-]c3ccccc32)CC1)c1ccc(F)cc1
D07091_protomer_1,c1ccc(C(CC[NH+]2CCCCC2)c2ccccc2)cc1
D07091_protomer_2,c1ccc(C(CCN2CCCCC2)c2ccccc2)cc1
D08375_protomer_1,Cc1ccnc(NC(=O)C(C)c2cccc(C(=O)c3ccccc3)c2)c1
D09647_protomer_1,CN(C)c1cc(C[NH2+]CC(C)(C)C)c(O)c2c1CC1CC3C([NH+](C)C)C(=O)C(C(N)=O)=C([O-])C3(O)C(=O)C1=C2[O-]
D09647_protomer_2,CN(C)c1cc(C[NH2+]CC(C)(C)C)c([O-])c2c1CC1CC3C([NH+](C)C)C(=O)C(C(N)=O)=C([O-])C3(O)C(=O)C1=C2[O-]
D09647_protomer_3,CN(C)c1cc(CNCC(C)(C)C)c(O)c2c1CC1CC3C(N(C)C)C(=O)C(C(N)=O)=C(O)C3(O)C(=O)C1=C2O
D00819_protomer_1,CCc1nn(CCC[NH+]2CCN(c3cccc(Cl)c3)CC2)c(=O)n1CCOc1ccccc1
D00819_protomer_2,CCc1nn(CCCN2CCN(c3cccc(Cl)c3)CC2)c(=O)n1CCOc1ccccc1
D07303_protomer_2,CN1C2CCC1CC(=C1c3ccccc3CSc3ccccc31)C2
D07303_protomer_1,C[NH+]1C2CCC1CC(=C1c3ccccc3CSc3ccccc31)C2
D01137_protomer_2,CC(O)CN1CCN(CC(=O)[O-])CCN(CC(=O)[O-])CCN(CC(=O)[O-])CC1
D00356_protomer_1,CC(C)OC(=O)CCCC=CCC1C(O)CC(O)C1CCC(O)CCc1ccccc1
D02186_protomer_1,COC1CC(OC2C(C)C(=O)OC(C)C(C)C(O)C(C)C(=O)C3(CO3)CC(C)C(OC3OC(C)CC([NH+](C)C)C3O)C2C)OC(C)C1O
D02186_protomer_2,COC1CC(OC2C(C)C(=O)OC(C)C(C)C(O)C(C)C(=O)C3(CO3)CC(C)C(OC3OC(C)CC(N(C)C)C3O)C2C)OC(C)C1O
D08122_protomer_1,CCC(=O)C(CC(C)[NH+](C)C)(c1ccccc1)c1ccccc1
D08122_protomer_2,CCC(=O)C(CC(C)N(C)C)(c1ccccc1)c1ccccc1
D01095_protomer_1,CCOC1OC(C(COCc2ccccc2)OCc2ccccc2)C(OCc2ccccc2)C1O
D00955_protomer_1,CCCCCCCCCC(=O)OC1CCC2C3CCC4=CC(=O)CCC4C3CCC12C
D07887_protomer_2,CN1CCCC1Cc1c[nH]c2ccc(CCS(=O)(=O)c3ccccc3)cc12
D07887_protomer_1,C[NH+]1CCCC1Cc1c[nH]c2ccc(CCS(=O)(=O)c3ccccc3)cc12
D00779_protomer_2,OC(CCN1CCCCC1)(c1ccccc1)C1CC2C=CC1C2
D00779_protomer_1,OC(CC[NH+]1CCCCC1)(c1ccccc1)C1CC2C=CC1C2
D07230_protomer_1,C=C1CC2C3CCC4=CC(=O)C=CC4(C)C3C(O)CC2(C)C1(O)C(=O)CO
D00195_protomer_1,COc1ccc2c3c1OC1C(O)C=CC4C(C2)[NH+](C)CCC341
D00195_protomer_2,COc1ccc2c3c1OC1C(O)C=CC4C(C2)N(C)CCC341
D04720_protomer_1,CC1CC(=O)[N-]N=C1c1ccc(NN=C(C#N)C#N)cc1
D04720_protomer_2,CC1CC(=O)NN=C1c1ccc(NN=C(C#N)C#N)cc1
D08316_protomer_2,CCN(CC)CCc1nc(-c2ccccc2)no1
D08316_protomer_1,CC[NH+](CC)CCc1nc(-c2ccccc2)no1
C11752_protomer_1,CC1(C)SC2C(NC(=O)C(C(=O)Oc3ccccc3)c3ccccc3)C(=O)N2C1C(=O)[O-]
C11752_protomer_2,CC1(C)SC2C(NC(=O)C(C(=O)Oc3ccccc3)c3ccccc3)C(=O)N2C1C(=O)O
D02160_protomer_3,Cc1ncc(CSSCc2cnc(C)c(O)c2CO)c(CO)c1O
D02160_protomer_1,Cc1ncc(CSSCc2cnc(C)c(O)c2CO)c(CO)c1[O-]
D02160_protomer_2,Cc1ncc(CSSCc2cnc(C)c([O-])c2CO)c(CO)c1[O-]
D01663_protomer_1,C=CC1C[NH+]2CCC1CC2C(OC(=O)OCC)c1ccnc2ccc(OC)cc12
D01663_protomer_2,C=CC1CN2CCC1CC2C(OC(=O)OCC)c1ccnc2ccc(OC)cc12
D00373_protomer_1,CSc1ccc2c(c1)N(CCC1CCCC[NH+]1C)c1ccccc1S2
D00373_protomer_2,CSc1ccc2c(c1)N(CCC1CCCCN1C)c1ccccc1S2
D02625_protomer_1,O=C(CCC[NH+]1CCC(O)(c2cccc(C(F)(F)F)c2)CC1)c1ccc(F)cc1
D02625_protomer_2,O=C(CCCN1CCC(O)(c2cccc(C(F)(F)F)c2)CC1)c1ccc(F)cc1
D00307_protomer_2,CC1c2cccc(O)c2C([O-])=C2C(=O)C3(O)C([O-])=C(C(N)=O)C(=O)C([NH+](C)C)C3C(O)C21
D00307_protomer_3,CC1c2cccc(O)c2C(O)=C2C(=O)C3(O)C(O)=C(C(N)=O)C(=O)C(N(C)C)C3C(O)C21
D00307_protomer_1,CC1c2cccc([O-])c2C([O-])=C2C(=O)C3(O)C([O-])=C(C(N)=O)C(=O)C([NH+](C)C)C3C(O)C21
D00718_protomer_2,Cc1c(-c2ccccc2)oc2c(C(=O)OCCN3CCCCC3)cccc2c1=O
D00718_protomer_1,Cc1c(-c2ccccc2)oc2c(C(=O)OCC[NH+]3CCCCC3)cccc2c1=O
D07129_protomer_2,Cc1[n-]cnc1CN1CCc2c(c3ccccc3n2C)C1=O
D07129_protomer_1,Cc1[nH]cnc1CN1CCc2c(c3ccccc3n2C)C1=O
D00790_protomer_1,C[NH+](C)CCC=C1c2ccccc2Sc2ccc(Cl)cc21
D00790_protomer_2,CN(C)CCC=C1c2ccccc2Sc2ccc(Cl)cc21
D08050_protomer_1,CC[NH+](CCO)CCCC(C)[NH2+]c1ccnc2cc(Cl)ccc12
D08050_protomer_2,CCN(CCO)CCCC(C)Nc1ccnc2cc(Cl)ccc12
D00320_protomer_1,CCC(=O)N(c1ccccc1)C1CC[NH+](CCc2ccccc2)CC1
D00320_protomer_2,CCC(=O)N(c1ccccc1)C1CCN(CCc2ccccc2)CC1
D07128_protomer_1,C[S+](CCC([NH3+])C(=O)[O-])CC1OC(n2cnc3c(N)ncnc32)C(O)C1O
D07128_protomer_2,C[S+](CCC(N)C(=O)[O-])CC1OC(n2cnc3c(N)ncnc32)C(O)C1O
D08191_protomer_1,C=NC(C(=O)NC1C(=O)N2C1SC(C)(C)C2C(=O)[O-])c1ccccc1
D05099_protomer_1,CCCCCCC(C)(C)c1cc(O)c2c(c1)OC(C)(C)C1CCC(=O)CC21
D05099_protomer_2,CCCCCCC(C)(C)c1cc([O-])c2c(c1)OC(C)(C)C1CCC(=O)CC21
D04972_protomer_1,C=C1c2cccc(O)c2C([O-])=C2C(=O)C3(O)C([O-])=C(C(N)=O)C(=O)C([NH+](C)C)C3C(O)C12
D04972_protomer_2,C=C1c2cccc([O-])c2C([O-])=C2C(=O)C3(O)C([O-])=C(C(N)=O)C(=O)C([NH+](C)C)C3C(O)C12
D04972_protomer_3,C=C1c2cccc(O)c2C(O)=C2C(=O)C3(O)C(O)=C(C(N)=O)C(=O)C(N(C)C)C3C(O)C12
C13786_protomer_1,O=C(OCC[NH+]1CCCCCC1)C(c1ccsc1)C1CCCCC1
C13786_protomer_2,O=C(OCCN1CCCCCC1)C(c1ccsc1)C1CCCCC1
D08860_protomer_1,CCOc1cc(C(CS(C)(=O)=O)N2C(=O)c3cccc(NC(C)=O)c3C2=O)ccc1OC
D07289_protomer_2,CCC(=O)n1c(=O)n(C2CCN(CCC(C#N)(c3ccccc3)c3ccccc3)CC2)c2ccccc21
D07289_protomer_1,CCC(=O)n1c(=O)n(C2CC[NH+](CCC(C#N)(c3ccccc3)c3ccccc3)CC2)c2ccccc21
D02991_protomer_1,CCC[NH2+]C(C)C(=O)Nc1c(C)csc1C(=O)OC
D02991_protomer_2,CCCNC(C)C(=O)Nc1c(C)csc1C(=O)OC
D00198_protomer_1,COC(=O)C1C2CC3c4[nH]c5cc(OC)ccc5c4CC[NH+]3CC2CC(OC(=O)C=Cc2cc(OC)c(OC)c(OC)c2)C1OC
D00198_protomer_2,COC(=O)C1C2CC3c4[nH]c5cc(OC)ccc5c4CCN3CC2CC(OC(=O)C=Cc2cc(OC)c(OC)c(OC)c2)C1OC
D05621_protomer_2,NC(=O)CCCN=C(c1ccc(Cl)cc1)c1cc(F)ccc1[O-]
D05621_protomer_1,NC(=O)CCCN=C(c1ccc(Cl)cc1)c1cc(F)ccc1O
D07102_protomer_2,C=CC[NH+]1CCCC1CNC(=O)c1cc2[nH]nnc2cc1OC
D07102_protomer_3,C=CCN1CCCC1CNC(=O)c1cc2[nH]nnc2cc1OC
D07102_protomer_1,C=CC[NH+]1CCCC1CNC(=O)c1cc2[n-]nnc2cc1OC
D00811_protomer_1,C[NH+](C)CCCN1c2ccccc2CCc2ccc(Cl)cc21
D00811_protomer_2,CN(C)CCCN1c2ccccc2CCc2ccc(Cl)cc21
D02161_protomer_1,CC(=O)N(CC(O)CO)c1c(I)c(C(=O)NCCO)c(I)c(C(=O)NCC(O)CO)c1I
D03402_protomer_3,CC(C)(C)NCC(O)c1ccc(O)c(NC(N)=O)c1
D03402_protomer_1,CC(C)(C)[NH2+]CC(O)c1ccc(O)c(NC(N)=O)c1
D03402_protomer_2,CC(C)(C)[NH2+]CC(O)c1ccc([O-])c(NC(N)=O)c1
D03315_protomer_1,C=CCCCCCCCCC(=O)[O-]
D07629_protomer_1,CC(=O)OCC1=C(C(=O)[O-])N2C(=O)C(NC(=O)CC#N)C2SC1
D07629_protomer_2,CC(=O)OCC1=C(C(=O)O)N2C(=O)C(NC(=O)CC#N)C2SC1
D08326_protomer_1,O=C1Nc2ccccc2C1(c1ccc([O-])cc1)c1ccc(O)cc1
D08326_protomer_3,O=C1Nc2ccccc2C1(c1ccc(O)cc1)c1ccc(O)cc1
D08326_protomer_2,O=C1Nc2ccccc2C1(c1ccc([O-])cc1)c1ccc([O-])cc1
D08353_protomer_2,CN1CCC2=C(C1)C(c1ccccc1)c1ccccc12
D08353_protomer_1,C[NH+]1CCC2=C(C1)C(c1ccccc1)c1ccccc12
D00849_protomer_1,C=C1c2cccc(O)c2C([O-])=C2C(=O)C3(O)C([O-])=C(C(N)=O)C(=O)C([NH+](C)C)C3C(O)C12
D00849_protomer_3,C=C1c2cccc(O)c2C(O)=C2C(=O)C3(O)C(O)=C(C(N)=O)C(=O)C(N(C)C)C3C(O)C12
D00849_protomer_2,C=C1c2cccc([O-])c2C([O-])=C2C(=O)C3(O)C([O-])=C(C(N)=O)C(=O)C([NH+](C)C)C3C(O)C12
D06174_protomer_1,Cc1c(C)c2c(c(C)c1OC(=O)CCC(=O)OCCO)CCC(C)(CCCC(C)CCCC(C)CCCC(C)C)O2
D01148_protomer_3,Cc1ccc(O)c(C(CCN(C(C)C)C(C)C)c2ccccc2)c1
D01148_protomer_2,Cc1ccc([O-])c(C(CC[NH+](C(C)C)C(C)C)c2ccccc2)c1
D01148_protomer_1,Cc1ccc(O)c(C(CC[NH+](C(C)C)C(C)C)c2ccccc2)c1
D10973_protomer_2,CCC1C2=CC3=NC(=C(CC(=O)OC)C4=NC(=CC5=C(C)C(=C(C)[O-])C(=N5)C=C(N2)C1C)C(C)C4CCC(=O)[O-])C(C([O-])=NCCS(=O)(=O)[O-])=C3C
D10973_protomer_1,CCC1C2=CC3=NC(=C(CC(=O)OC)C4=NC(=CC5=C(C)C(=C(C)O)C(=N5)C=C([NH2+]2)C1C)C(C)C4CCC(=O)[O-])C(C(O)=NCCS(=O)(=O)[O-])=C3C
D00067_protomer_1,CC12CCC3c4ccc(O)cc4CCC3C1CCC2=O
D00067_protomer_2,CC12CCC3c4ccc([O-])cc4CCC3C1CCC2=O
D01073_protomer_1,CCCC1CC(C(=O)NC(C(C)Cl)C2OC(SC)C(OP(=O)([O-])[O-])C(O)C2O)[NH+](C)C1
D01073_protomer_2,CCCC1CC(C(=O)NC(C(C)Cl)C2OC(SC)C(OP(=O)(O)O)C(O)C2O)N(C)C1
D00113_protomer_2,CN1C2CCC1CC(OC(=O)C(CO)c1ccccc1)C2
D00113_protomer_1,C[NH+]1C2CCC1CC(OC(=O)C(CO)c1ccccc1)C2
D10858_protomer_1,C=CC(=O)Nc1cccc(Nc2nc(Nc3ccc(N4CCN(C(C)=O)CC4)cc3OC)ncc2C(F)(F)F)c1
D03706_protomer_1,CC(C)(C)C(=O)OCOC(=O)C1N2C(=O)CC2S(=O)(=O)C1(C)C
D02577_protomer_3,O=c1[nH]c2ccccc2n1CCN1CCN(c2cccc(C(F)(F)F)c2)CC1
D02577_protomer_2,O=c1[n-]c2ccccc2n1CC[NH+]1CCN(c2cccc(C(F)(F)F)c2)CC1
D00258_protomer_1,C=CC1=C(C(=O)[O-])N2C(=O)C(NC(=O)C(=NOCC(=O)[O-])c3csc(N)n3)C2SC1
D00258_protomer_2,C=CC1=C(C(=O)O)N2C(=O)C(NC(=O)C(=NOCC(=O)O)c3csc(N)n3)C2SC1
D07748_protomer_2,Cc1nc2c([nH]1)CCN(C(=O)c1ccc(NC(=O)c3ccccc3-c3ccccc3)cc1)c1ccccc1-2
D07748_protomer_1,Cc1nc2c([n-]1)CCN(C(=O)c1ccc(NC(=O)c3ccccc3-c3ccccc3)cc1)c1ccccc1-2
D08350_protomer_1,CC(Oc1ccccc1)C(=O)NC1C(=O)N2C1SC(C)(C)C2C(=O)[O-]
D08350_protomer_2,CC(Oc1ccccc1)C(=O)NC1C(=O)N2C1SC(C)(C)C2C(=O)O
D01436_protomer_1,NS(=O)(=O)c1cc2c(cc1Cl)CN(C1CCCCC1)C2=O
D01436_protomer_2,[NH-]S(=O)(=O)c1cc2c(cc1Cl)CN(C1CCCCC1)C2=O
D11609_protomer_1,COc1cc(F)c(-n2c(=O)[nH]c3csc(C(=O)[O-])c3c2=O)cc1OCc1c(OC)ccc(F)c1F
D11609_protomer_2,COc1cc(F)c(-n2c(=O)[n-]c3csc(C(=O)[O-])c3c2=O)cc1OCc1c(OC)ccc(F)c1F
D02976_protomer_4,Oc1ccc(CCCC[NH2+]CC(O)c2ccc(O)c(O)c2)cc1
D02976_protomer_1,[O-]c1ccc(CCCC[NH2+]CC(O)c2ccc([O-])c([O-])c2)cc1
D02976_protomer_3,[?2004h[?1049h[22;0;0t[?1h=[?2004h[1;57r[?12h[?12l[27m[23m[29m[m[H[2J[?25l[2;1H[94m~
D02976_protomer_2,[O-]c1ccc(C(O)C[NH2+]CCCCc2ccc(O)cc2)cc1[O-]
D07801_protomer_1,CC1CC2C3CCC4=CC(=O)C=CC4(C)C3(F)C(O)CC2(C)C1(O)C(=O)COC(=O)CCc1ccccc1
D02666_protomer_1,COc1cc(C(C)=O)ccc1OCCC[NH+]1CCC(c2noc3cc(F)ccc23)CC1
D02666_protomer_2,COc1cc(C(C)=O)ccc1OCCCN1CCC(c2noc3cc(F)ccc23)CC1
D02227_protomer_3,CC(C)=CCN1CCC2(C)c3cc(O)ccc3CC1C2C
D02227_protomer_1,CC(C)=CC[NH+]1CCC2(C)c3cc([O-])ccc3CC1C2C
D00436_protomer_1,O=C(Nc1ccc([N+](=O)[O-])cc1Cl)c1cc(Cl)ccc1[O-]
D00436_protomer_2,O=C(Nc1ccc([N+](=O)[O-])cc1Cl)c1cc(Cl)ccc1O
D08131_protomer_1,[NH3+]CCCCC([NH2+]C(CCc1ccccc1)C(=O)[O-])C(=O)N1CCCC1C(=O)[O-]
D08131_protomer_2,NCCCCC(NC(CCc1ccccc1)C(=O)O)C(=O)N1CCCC1C(=O)O
D07592_protomer_1,C[S+](CCC([NH3+])C(=O)[O-])CC1OC(n2cnc3c(N)ncnc32)C(O)C1O
D07592_protomer_2,C[S+](CCC(N)C(=O)O)CC1OC(n2cnc3c(N)ncnc32)C(O)C1O
D10196_protomer_1,OCC1OC(c2ccc(F)c(Cc3cc4ccccc4s3)c2)C(O)C(O)C1O
D01336_protomer_1,C[NH+](C)CCOC(c1ccc(Cl)cc1)c1ccccn1
D01336_protomer_2,CN(C)CCOC(c1ccc(Cl)cc1)c1ccccn1
D08167_protomer_1,CC(=O)C1(O)CCC2C3C=C(C)C4=CC(=O)CCC4(C)C3CCC21C
D01376_protomer_2,CC(=O)NCc1c(I)c(NC(C)=O)c(I)c(C(=O)O)c1I
D01376_protomer_1,CC(=O)NCc1c(I)c(NC(C)=O)c(I)c(C(=O)[O-])c1I
D02171_protomer_3,O=C(O)c1cc(O)c2c(c1)C(C1c3cc(C(=O)O)cc(O)c3C(=O)c3c(OC4OC(CO)C(O)C(O)C4O)cccc31)c1cccc(OC3OC(CO)C(O)C(O)C3O)c1C2=O
D03718_protomer_1,CC(C)Cc1ccc(C(C)C(=O)[O-])cc1
D03718_protomer_2,CC(C)Cc1ccc(C(C)C(=O)O)cc1
D08679_protomer_2,CCC1(O)CC2CN(CCc3c([nH]c4ccccc34)C(C(=O)OC)(c3cc4c(cc3OC)N(C=O)C3C(O)(C(=O)OC)C(OC(C)=O)C5(CC)C=CCN6CCC43C65)C2)C1
D08679_protomer_1,CCC1(O)CC2C[NH+](CCc3c([nH]c4ccccc34)C(C(=O)OC)(c3cc4c(cc3OC)N(C=O)C3C(O)(C(=O)OC)C(OC(C)=O)C5(CC)C=CC[NH+]6CCC43C65)C2)C1
D00470_protomer_1,O=C1CN=C(c2ccccc2)c2cc(Cl)ccc2N1CC1CC1
D03765_protomer_1,CCOC(=O)C(CCc1ccccc1)[NH2+]C(C)C(=O)N1CC2(CC1C(=O)[O-])SCCS2
D03765_protomer_2,CCOC(=O)C(CCc1ccccc1)NC(C)C(=O)N1CC2(CC1C(=O)O)SCCS2
D01387_protomer_1,CC(=O)OCC(=O)C12OC3(CCCC3)OC1CC1C3CCC4=CC(=O)C=CC4(C)C3(F)C(O)CC12C
D00772_protomer_2,CN(C)CCC=C1c2ccccc2C=Cc2ccccc21
D00772_protomer_1,C[NH+](C)CCC=C1c2ccccc2C=Cc2ccccc21
D08212_protomer_1,COc1cc2c(N)nc(N3CCN(C(=O)OCC(C)(C)O)CC3)nc2c(OC)c1OC
D00646_protomer_1,Cc1ccc(O)c(C(CC[NH+](C(C)C)C(C)C)c2ccccc2)c1
D00646_protomer_3,Cc1ccc(O)c(C(CCN(C(C)C)C(C)C)c2ccccc2)c1
D00646_protomer_2,Cc1ccc([O-])c(C(CC[NH+](C(C)C)C(C)C)c2ccccc2)c1
D08144_protomer_1,CN(C)C(=O)C(CC[NH+]1CCC(O)(c2ccc(Cl)cc2)CC1)(c1ccccc1)c1ccccc1
D08144_protomer_2,CN(C)C(=O)C(CCN1CCC(O)(c2ccc(Cl)cc2)CC1)(c1ccccc1)c1ccccc1
D06168_protomer_2,CC1CC2C3CCC4=CC(=O)C=CC4(C)C3=CCC2(C)C1C(=O)CN1CCN(c2cc(N3CCCC3)nc(N3CCCC3)n2)CC1
D06168_protomer_1,CC1CC2C3CCC4=CC(=O)C=CC4(C)C3=CCC2(C)C1C(=O)C[NH+]1CCN(c2cc(N3CCCC3)nc(N3CCCC3)n2)CC1
D08628_protomer_1,CCCCCC(O)CCC1C(O)CC2Cc3c(cccc3OCC(=O)[O-])CC21
D10176_protomer_1,CC(=O)Nc1cccc(-n2c(=O)n(C3CC3)c(=O)c3c(Nc4ccc(I)cc4F)n(C)c(=O)c(C)c32)c1
D01110_protomer_1,C[NH+](C)CCC=C1c2ccccc2C(C)(C)c2ccccc21
D01110_protomer_2,CN(C)CCC=C1c2ccccc2C(C)(C)c2ccccc21
D08251_protomer_1,CCCCCCCCCCCC(=O)OC1CCC2C3CCC4=CC(=O)CCC4C3CCC12C
D00961_protomer_1,CC(O)(CS(=O)(=O)c1ccc(F)cc1)C(=O)Nc1ccc(C#N)c(C(F)(F)F)c1
D01124_protomer_1,C=CCCCCCCCCC(=O)[O-]
D00570_protomer_1,COc1cc2c(c(OC)c1OC)-c1ccc(OC)c(=O)cc1C(NC(C)=O)CC2
D00831_protomer_1,OC(c1cc(C(F)(F)F)nc2c(C(F)(F)F)cccc12)C1CCCC[NH2+]1
D00831_protomer_2,OC(c1cc(C(F)(F)F)nc2c(C(F)(F)F)cccc12)C1CCCCN1
D07287_protomer_1,CC(C[NH+]1CCOCC1)C(C(=O)N1CCCC1)(c1ccccc1)c1ccccc1
D07287_protomer_2,CC(CN1CCOCC1)C(C(=O)N1CCCC1)(c1ccccc1)c1ccccc1
D00324_protomer_1,CC1(C)OC2CC3C4CC(F)C5=CC(=O)C=CC5(C)C4C(O)CC3(C)C2(C(=O)CO)O1
D00797_protomer_1,C[NH+](C)CCCN1c2ccccc2Sc2ccccc21
D00797_protomer_2,CN(C)CCCN1c2ccccc2Sc2ccccc21
D07246_protomer_1,CC(C)CCOc1ccc(NC(=S)Nc2ccc(OCCC(C)C)cc2)cc1
D07978_protomer_1,CCOC(=O)Nc1ccc(NCc2ccc(F)cc2)nc1N
D10200_protomer_1,OCC1OC(c2ccc(F)c(Cc3cc4ccccc4s3)c2)C(O)C(O)C1O
D00382_protomer_2,Cc1cccc(Nc2ccncc2S(=O)(=O)NC(=O)NC(C)C)c1
D00382_protomer_1,Cc1cccc(Nc2ccncc2S(=O)(=O)[N-]C(=O)[NH2+]C(C)C)c1
D00158_protomer_1,Cc1ccc(C(=O)c2ccc(CC(=O)[O-])n2C)cc1
D03752_protomer_1,CCOC(=O)C(CCc1ccccc1)[NH2+]C(C)C(=O)N1Cc2ccccc2CC1C(=O)[O-]
D03752_protomer_2,CCOC(=O)C(CCc1ccccc1)NC(C)C(=O)N1Cc2ccccc2CC1C(=O)O
D10502_protomer_2,NC(CC(=O)N1CCc2c(nc(C(F)(F)F)nc2C(F)(F)F)C1)CN1CC(F)(F)CCC1=O
D10502_protomer_1,[NH3+]C(CC(=O)N1CCc2c(nc(C(F)(F)F)nc2C(F)(F)F)C1)CN1CC(F)(F)CCC1=O
D07386_protomer_1,COc1ccc2c3c1OC1C(OC(C)=O)=CCC4C(C2)[NH+](C)CCC314
D07386_protomer_2,COc1ccc2c3c1OC1C(OC(C)=O)=CCC4C(C2)N(C)CCC314
C14165_protomer_2,CC(=O)Nc1c(I)c(C(=O)O)c(I)c(N(C)C(C)=O)c1I
C14165_protomer_1,CC(=O)Nc1c(I)c(C(=O)[O-])c(I)c(N(C)C(C)=O)c1I
D07307_protomer_2,CC(CN(C)C)CN1c2ccccc2Sc2ccc(C#N)cc21
D07307_protomer_1,CC(CN1c2ccccc2Sc2ccc(C#N)cc21)C[NH+](C)C
D00443_protomer_1,CC(=O)SC1CC2=CC(=O)CCC2(C)C2CCC3(C)C(CCC34CCC(=O)O4)C12
D03880_protomer_2,O=C(O)C(O)C(O)C(OC1OC(CO)C(O)C(O)C1O)C(O)CO
D03880_protomer_1,O=C([O-])C(O)C(O)C(OC1OC(CO)C(O)C(O)C1O)C(O)CO
D01238_protomer_1,CCCC(=O)Nc1ncnc2c1ncn2C1OC2COP(=O)([O-])OC2C1OC(=O)CCC
D08339_protomer_1,CCC[NH+]1CC(CSC)CC2c3cccc4[nH]cc(c34)CC21
D08339_protomer_2,CCCN1CC(CSC)CC2c3cccc4[nH]cc(c34)CC21
D00979_protomer_1,CC(=O)OCC(=O)C1(O)CCC2C3CC(C)C4=CC(=O)C=CC4(C)C3C(O)CC21C
D06671_protomer_1,COC(=O)C1C(O)CCC2C[NH+]3CCc4c([nH]c5ccccc45)C3CC21
D06671_protomer_2,COC(=O)C1C(O)CCC2CN3CCc4c([nH]c5ccccc45)C3CC21
D00950_protomer_1,C#CC1(O)CCC2C3CCC4=CC(=O)CCC4C3CCC21CC
D00257_protomer_3,CC1=C(C(=O)O)N2C(=O)C(NC(=O)C(N)c3ccc(O)cc3)C2SC1
D00257_protomer_1,CC1=C(C(=O)[O-])N2C(=O)C(NC(=O)C([NH3+])c3ccc(O)cc3)C2SC1
D00257_protomer_2,CC1=C(C(=O)[O-])N2C(=O)C(NC(=O)C([NH3+])c3ccc([O-])cc3)C2SC1
D02521_protomer_1,O=S([O-])CNc1ccc(S(=O)(=O)c2ccc(NCS(=O)[O-])cc2)cc1
D02715_protomer_1,O=C([O-])CCNC(=O)c1ccc(N=Nc2ccc([O-])c(C(=O)[O-])c2)cc1
D02715_protomer_3,O=C([O-])CCNC(=O)c1ccc(N=Nc2ccc([O-])c(C(=O)O)c2)cc1
D02715_protomer_2,O=C([O-])CCNC(=O)c1ccc(N=Nc2ccc(O)c(C(=O)[O-])c2)cc1
D00792_protomer_2,CCCCCCC(=O)OCCN1CCN(CCCN2c3ccccc3Sc3ccc(C(F)(F)F)cc32)CC1
D00272_protomer_1,[NH-]S(=O)(=O)c1cc(C2(O)NC(=O)c3ccccc32)ccc1Cl
D00272_protomer_2,NS(=O)(=O)c1cc(C2(O)NC(=O)c3ccccc32)ccc1Cl
D08045_protomer_1,COc1ccc2c3c1OC1C(=O)CCC4C(C2)[NH+](C)CCC314
D08045_protomer_2,COc1ccc2c3c1OC1C(=O)CCC4C(C2)N(C)CCC314
D07194_protomer_2,CN1CCC(N(Cc2cccs2)c2ccccc2)CC1
D02591_protomer_1,CC(=O)OCC(=O)C1(OC(=O)c2ccco2)C(C)CC2C3CCC4=CC(=O)C=CC4(C)C3(F)C(O)CC21C
D08687_protomer_1,O=C1Cc2cc(CC[NH+]3CCN(c4nsc5ccccc45)CC3)c(Cl)cc2N1
D08687_protomer_2,O=C1Cc2cc(CCN3CCN(c4nsc5ccccc45)CC3)c(Cl)cc2N1
D00873_protomer_2,CCn1cc(C(=O)O)c(=O)c2cc(F)c(N3CCNC(C)C3)c(F)c21
D00873_protomer_1,CCn1cc(C(=O)[O-])c(=O)c2cc(F)c(N3CC[NH2+]C(C)C3)c(F)c21
D07877_protomer_3,CC1c2cccc(O)c2C(O)=C2C(=O)C3(O)C(O)=C(C(N)=O)C(=O)C(N(C)C)C3C(O)C21
D07877_protomer_2,CC1c2cccc([O-])c2C([O-])=C2C(=O)C3(O)C([O-])=C(C(N)=O)C(=O)C([NH+](C)C)C3C(O)C21
D07877_protomer_1,CC1c2cccc(O)c2C([O-])=C2C(=O)C3(O)C([O-])=C(C(N)=O)C(=O)C([NH+](C)C)C3C(O)C21
D04760_protomer_1,CCOC(=O)C(=O)Nc1cc(C#N)cc(NC(=O)C(=O)OCC)c1Cl
D00842_protomer_3,CN1CCC23c4c5ccc(O)c4OC2C(O)C=CC3C1C5
D00842_protomer_1,C[NH+]1CCC23c4c5ccc([O-])c4OC2C(O)C=CC3C1C5
D00842_protomer_2,C[NH+]1CCC23c4c5ccc(O)c4OC2C(O)C=CC3C1C5
D10503_protomer_1,CCOC(=O)Nc1ccc2c(c1)N(C(=O)CC[NH+](CC)CC)c1ccccc1S2
D10503_protomer_2,CCOC(=O)Nc1ccc2c(c1)N(C(=O)CCN(CC)CC)c1ccccc1S2
D00407_protomer_1,CC1CC2C(C(O)CC3(C)C2CCC3(O)C(=O)CO)C2(C)C=CC(=O)C=C12
D02129_protomer_1,CC1c2cccc([O-])c2C([O-])=C2C(=O)C3(O)C([O-])=C(C(N)=O)C(=O)C([NH+](C)C)C3C(O)C21
D02129_protomer_2,CC1c2cccc(O)c2C([O-])=C2C(=O)C3(O)C([O-])=C(C(N)=O)C(=O)C([NH+](C)C)C3C(O)C21
D02129_protomer_3,CC1c2cccc(O)c2C(O)=C2C(=O)C3(O)C(O)=C(C(N)=O)C(=O)C(N(C)C)C3C(O)C21
D07328_protomer_1,N#CCCN1C(=O)C(O)N=C(c2ccccc2F)c2cc(Cl)ccc21
D08680_protomer_1,CCC1=CC2C[NH+](C1)Cc1c([nH]c3ccccc13)C(C(=O)OC)(c1cc3c(cc1OC)[NH+](C)C1C(O)(C(=O)OC)C(OC(C)=O)C4(CC)C=CC[NH+]5CCC31C54)C2
D08680_protomer_2,CCC1=CC2CN(C1)Cc1c([nH]c3ccccc13)C(C(=O)OC)(c1cc3c(cc1OC)N(C)C1C(O)(C(=O)OC)C(OC(C)=O)C4(CC)C=CCN5CCC31C54)C2
D07093_protomer_2,Cc1ccccc1CN1CCN(CCOC(c2ccccc2)c2ccccc2Cl)CC1
D06414_protomer_2,Cc1nc(Nc2ncc(C(=O)Nc3c(C)cccc3Cl)s2)cc(N2CCN(CCO)CC2)n1
D06414_protomer_1,Cc1nc(Nc2ncc(C(=O)Nc3c(C)cccc3Cl)s2)cc(N2CC[NH+](CCO)CC2)n1
D00610_protomer_1,COc1cc2nc(N3CCN(C(=O)C4CCCO4)CC3)nc(N)c2cc1OC
D01228_protomer_1,CN(CCCCCCN(C)C(=O)Oc1ccc[n+](C)c1)C(=O)Oc1ccc[n+](C)c1
C07551_protomer_1,CC(=O)OC1CC2CCC3C(CCC4(C)C3CC([N+]3(C)CCCCC3)C4OC(C)=O)C2(C)CC1[N+]1(C)CCCCC1
D11589_protomer_1,CC[NH+]1CCN(c2ccc(Nc3cc(N(C)C(=O)Nc4c(Cl)c(OC)cc(OC)c4Cl)ncn3)cc2)CC1
D11589_protomer_2,CCN1CCN(c2ccc(Nc3cc(N(C)C(=O)Nc4c(Cl)c(OC)cc(OC)c4Cl)ncn3)cc2)CC1
D08003_protomer_2,CC(=O)OC1CC2(C)C(CC(O)C3C4(C)CCC(O)C(C)C4CCC32C)C1=C(CCC=C(C)C)C(=O)O
D08003_protomer_1,CC(=O)OC1CC2(C)C(CC(O)C3C4(C)CCC(O)C(C)C4CCC32C)C1=C(CCC=C(C)C)C(=O)[O-]
D07983_protomer_1,CC(C)n1c(C=CC(O)CC(O)CC(=O)[O-])c(-c2ccc(F)cc2)c2ccccc21
D07983_protomer_2,CC(C)n1c(C=CC(O)CC(O)CC(=O)O)c(-c2ccc(F)cc2)c2ccccc21
D07874_protomer_1,COc1cc2nc(N3CCN(C(=O)C4COc5ccccc5O4)CC3)nc(N)c2cc1OC
D07355_protomer_1,CCOCCN(Cc1ccc(Oc2ccc([N+](=O)[O-])cc2)cc1)C(=O)C(Cl)Cl
D02272_protomer_2,C=CC1CN2CCC1CC2C(O)c1ccnc2ccc(OC)cc12
D02272_protomer_1,C=CC1C[NH+]2CCC1CC2C(O)c1ccnc2ccc(OC)cc12
D03438_protomer_1,CC1=C(C(=O)[O-])N2C(=O)C(NC(=O)C([NH3+])c3ccccc3)C2SC1
D03438_protomer_2,CC1=C(C(=O)O)N2C(=O)C(NC(=O)C(N)c3ccccc3)C2SC1
D04567_protomer_1,CC(C)CCCC(C)C1CCC2C3CC=C4CC(O)CCC4(CI)C3CCC12C
D03814_protomer_1,C[N+]1(C)C2CCC1CC(OC(=O)C(CO)c1ccccc1)C2
D02195_protomer_1,CC(=CC(=O)OCCCCCCCCC(=O)[O-])CC1OCC(CC2OC2C(C)C(C)O)C(O)C1O
D08340_protomer_1,C1CCC(C(CC2CCCC[NH2+]2)C2CCCCC2)CC1
D08340_protomer_2,C1CCC(C(CC2CCCCN2)C2CCCCC2)CC1
D00262_protomer_1,CON=C(C(=O)NC1C(=O)N2C(C(=O)[O-])=C(COC(N)=O)CSC12)c1ccco1
D00262_protomer_2,CON=C(C(=O)NC1C(=O)N2C(C(=O)O)=C(COC(N)=O)CSC12)c1ccco1
D10430_protomer_2,CCCCCC(O)CCC1C(O)CC2Cc3c(cccc3OCC(=O)O)CC21
D10430_protomer_1,CCCCCC(O)CCC1C(O)CC2Cc3c(cccc3OCC(=O)[O-])CC21
D02205_protomer_2,CCOc1ccc2c3c1OC1C(O)C=CC4C(C2)N(C)CCC341
D02205_protomer_1,CCOc1ccc2c3c1OC1C(O)C=CC4C(C2)[NH+](C)CCC341
D11716_protomer_1,CCCCC1(CCCC)CN(c2ccccc2)c2cc(SC)c(OCC(=O)NC(C(=O)NC(CC)C(=O)[O-])c3ccc(O)cc3)cc2S(=O)(=O)[N-]1
D11716_protomer_3,CCCCC1(CCCC)CN(c2ccccc2)c2cc(SC)c(OCC(=O)NC(C(=O)NC(CC)C(=O)O)c3ccc(O)cc3)cc2S(=O)(=O)N1
D11716_protomer_2,CCCCC1(CCCC)CN(c2ccccc2)c2cc(SC)c(OCC(=O)NC(C(=O)NC(CC)C(=O)[O-])c3ccc([O-])cc3)cc2S(=O)(=O)[N-]1
D00567_protomer_1,Cc1ccc(-c2cc(C(F)(F)F)nn2-c2ccc(S(N)(=O)=O)cc2)cc1
D00567_protomer_2,Cc1ccc(-c2cc(C(F)(F)F)nn2-c2ccc(S([NH-])(=O)=O)cc2)cc1
D00624_protomer_2,CCCC(NC(C)C(=O)N1C(C(=O)O)CC2CCCCC21)C(=O)OCC
D00624_protomer_1,CCCC([NH2+]C(C)C(=O)N1C(C(=O)[O-])CC2CCCCC21)C(=O)OCC
D07530_protomer_1,C=CCC1=C(C)C(OC(=O)C2C(C=C(C)C)C2(C)C)CC1=O
D07879_protomer_1,CCOc1ccc(C=C2[NH2+]CCc3cc(OCC)c(OCC)cc32)cc1OCC
D07879_protomer_2,CCOc1ccc(C=C2NCCc3cc(OCC)c(OCC)cc32)cc1OCC
D02363_protomer_3,O=C(c1ccc(F)cc1)C1CCN(CCn2c(=O)[nH]c3ccccc3c2=O)CC1
D02363_protomer_1,O=C(c1ccc(F)cc1)C1CC[NH+](CCn2c(=O)[n-]c3ccccc3c2=O)CC1
D02363_protomer_2,O=C(c1ccc(F)cc1)C1CC[NH+](CCn2c(=O)[nH]c3ccccc3c2=O)CC1
D01629_protomer_1,CON=C(C(=O)NC1C(=O)N2C(C(=O)OCOC(=O)C(C)(C)C)=C(C)CSC12)c1csc(N)n1
D02247_protomer_1,OC(CC[NH+]1CCCCC1)(c1ccccc1)C1CC2C=CC1C2
D02247_protomer_2,OC(CCN1CCCCC1)(c1ccccc1)C1CC2C=CC1C2
D00462_protomer_1,CC12COC(=O)CC1CCC1C2CCC2(C)C1CCC2(C)O
D04063_protomer_1,CC12CCC3c4ccc(O)cc4CCC3C1CCC2OC(=O)CCC1CCCC1
D04063_protomer_2,CC12CCC3c4ccc([O-])cc4CCC3C1CCC2OC(=O)CCC1CCCC1
D00957_protomer_1,CC12CCC(=O)C=C1CCC1C2CCC2(C)C(OC(=O)CCC3CCCC3)CCC12
D05520_protomer_2,CC(C)(C)C(=O)OCOC(=O)C1N2C(=O)C(NC(=O)C(N)c3ccccc3)C2SC1(C)C
D05520_protomer_1,CC(C)(C)C(=O)OCOC(=O)C1N2C(=O)C(NC(=O)C([NH3+])c3ccccc3)C2SC1(C)C
D02201_protomer_1,CC1(C)SC2C(NC(=O)C([NH3+])c3ccccc3)C(=O)N2C1C(=O)OC1OC(=O)c2ccccc21
D02201_protomer_2,CC1(C)SC2C(NC(=O)C(N)c3ccccc3)C(=O)N2C1C(=O)OC1OC(=O)c2ccccc21
D01118_protomer_2,CCN(CC)C(C)CN1c2ccccc2Sc2ccccc21
D01118_protomer_1,CC[NH+](CC)C(C)CN1c2ccccc2Sc2ccccc21
D00352_protomer_1,OCC1OC(OC2C(CO)OC(O)(CO)C2O)C(O)C(O)C1O
D00791_protomer_2,OCCN1CCN(CCCN2c3ccccc3Sc3ccc(C(F)(F)F)cc32)CC1
D00283_protomer_1,C[NH+]1CCN(C2=[NH+]c3cc(Cl)ccc3Nc3ccccc32)CC1
D00283_protomer_2,CN1CCN(C2=Nc3cc(Cl)ccc3Nc3ccccc32)CC1
D11661_protomer_1,Cn1c(CCCC(=O)[O-])nc2cc(N(CCCl)CCCl)ccc21
D11661_protomer_2,Cn1c(CCCC(=O)O)nc2cc(N(CCCl)CCCl)ccc21
D08255_protomer_2,CNS(=O)(=O)CCc1ccc2[nH]cc(C3CC[NH+](C)CC3)c2c1
D08255_protomer_1,C[N-]S(=O)(=O)CCc1ccc2[nH]cc(C3CC[NH+](C)CC3)c2c1
D08255_protomer_3,CNS(=O)(=O)CCc1ccc2[nH]cc(C3CCN(C)CC3)c2c1
D00138_protomer_2,CN1C2CC(OC(=O)C(CO)c3ccccc3)CC1C1OC12
D00138_protomer_1,C[NH+]1C2CC(OC(=O)C(CO)c3ccccc3)CC1C1OC12
C11368_protomer_2,Cc1c(F)c(N2CCNC(C)C2)cc2c1c(=O)c(C(=O)O)cn2C1CC1
C11368_protomer_1,Cc1c(F)c(N2CC[NH2+]C(C)C2)cc2c1c(=O)c(C(=O)[O-])cn2C1CC1
D07976_protomer_2,CCCCCCCCCC(=O)OCCN1CCN(CCC=C2c3ccccc3Sc3ccc(C(F)(F)F)cc32)CC1
D07976_protomer_1,CCCCCCCCCC(=O)OCC[NH+]1CC[NH+](CCC=C2c3ccccc3Sc3ccc(C(F)(F)F)cc32)CC1
D01105_protomer_1,Cc1ccc(C2(O)CC[NH+](CCCC(=O)c3ccc(F)cc3)CC2)cc1
D01105_protomer_2,Cc1ccc(C2(O)CCN(CCCC(=O)c3ccc(F)cc3)CC2)cc1
D07526_protomer_2,CC(C)NCC(O)COc1ccc(CCOCC2CC2)cc1
D07526_protomer_1,CC(C)[NH2+]CC(O)COc1ccc(CCOCC2CC2)cc1
D02612_protomer_2,CN1CCN(CCC=C2c3ccccc3Sc3ccc(S(=O)(=O)N(C)C)cc32)CC1
D03710_protomer_1,Cc1ccc(-c2ncc(Cl)cc2-c2ccc(S(C)(=O)=O)cc2)cn1
D11040_protomer_1,CNC(=O)c1ccc(N2C(=S)N(c3cnc(C#N)c(C(F)(F)F)c3)C(=O)C23CCC3)cc1F
D02497_protomer_1,CC(C)C[NH+](CC(OP(=O)([O-])[O-])C(Cc1ccccc1)NC(=O)OC1CCOC1)S(=O)(=O)c1ccc(N)cc1
D02497_protomer_2,CC(C)CN(CC(OP(=O)(O)O)C(Cc1ccccc1)NC(=O)OC1CCOC1)S(=O)(=O)c1ccc(N)cc1
D00405_protomer_3,CC(N)(Cc1ccc(O)c(O)c1)C(=O)O
D00405_protomer_1,CC([NH3+])(Cc1ccc(O)c([O-])c1)C(=O)[O-]
D00405_protomer_2,CC([NH3+])(Cc1ccc([O-])c([O-])c1)C(=O)[O-]
D02711_protomer_1,[NH3+]C(C(=O)NC1C(=O)N2C(C(=O)[O-])=C(CSc3cn[n-]n3)CSC12)c1ccc(O)cc1
D02711_protomer_2,[NH3+]C(C(=O)NC1C(=O)N2C(C(=O)[O-])=C(CSc3cn[n-]n3)CSC12)c1ccc([O-])cc1
D02711_protomer_3,NC(C(=O)NC1C(=O)N2C(C(=O)O)=C(CSc3cn[nH]n3)CSC12)c1ccc(O)cc1
D07838_protomer_2,CN1CC(C(=O)NC2(C)OC3(O)C4CCCN4C(=O)C(Cc4ccccc4)N3C2=O)CC2c3cccc4[nH]cc(c34)CC21
D07838_protomer_1,C[NH+]1CC(C(=O)NC2(C)OC3(O)C4CCCN4C(=O)C(Cc4ccccc4)N3C2=O)CC2c3cccc4[nH]cc(c34)CC21
D11674_protomer_1,N#Cc1cccc(C([NH2+]CC2CC2)c2ccc(F)c(NC(=O)c3cc(C(F)(F)F)nn3-c3cccc(C[NH3+])c3)c2)c1
D11674_protomer_2,N#Cc1cccc(C(NCC2CC2)c2ccc(F)c(NC(=O)c3cc(C(F)(F)F)nn3-c3cccc(CN)c3)c2)c1
D00057_protomer_1,C[N+](C)(C)CCOP(=O)([O-])OP(=O)([O-])OCC1OC(n2ccc(N)nc2=O)C(O)C1O
D00057_protomer_2,C[N+](C)(C)CCOP(=O)([O-])OP(=O)(O)OCC1OC(n2ccc(N)nc2=O)C(O)C1O
D00329_protomer_2,CCN(CC)CCN1C(=O)CN=C(c2ccccc2F)c2cc(Cl)ccc21
D00329_protomer_1,CC[NH+](CC)CCN1C(=O)CN=C(c2ccccc2F)c2cc(Cl)ccc21
D10605_protomer_2,CC(C)OC(=O)C(C)NP(=O)(COC(C)Cn1cnc2c(N)ncnc21)Oc1ccccc1
D00729_protomer_2,CN(C)C(=O)C(CCN1CCC(O)(c2ccc(Cl)cc2)CC1)(c1ccccc1)c1ccccc1
D00729_protomer_1,CN(C)C(=O)C(CC[NH+]1CCC(O)(c2ccc(Cl)cc2)CC1)(c1ccccc1)c1ccccc1
D01052_protomer_1,CON=C(C(=O)NC1C(=O)N2C(C(=O)[O-])=C(C[n+]3ccn4ncccc43)CSC12)c1nsc(N)n1
D02682_protomer_1,CC[NH+]1CCCC1CNC(=O)c1c(OC)ccc(Br)c1OC
D02682_protomer_2,CCN1CCCC1CNC(=O)c1c(OC)ccc(Br)c1OC
D02414_protomer_1,Oc1cccc2cccnc12
D02414_protomer_2,[O-]c1cccc2cccnc12
D07177_protomer_1,CCCC[NH+](CCCC)CCNc1nc(-c2ccccc2)no1
D07177_protomer_2,CCCCN(CCCC)CCNc1nc(-c2ccccc2)no1
D08291_protomer_2,CC1COc2c(N3CCN(C)CC3)c(F)cc3c(=O)c(C(=O)O)cn1c23
D08291_protomer_1,CC1COc2c(N3CC[NH+](C)CC3)c(F)cc3c(=O)c(C(=O)[O-])cn1c23
D07267_protomer_1,CN1c2c(oc(=O)n(-c3ccccn3)c2=O)-c2ccccc2S1(=O)=O
D02474_protomer_1,C[NH+]1CCN(c2c(F)cc3c(=O)c(C(=O)[O-])cn4c3c2SCC4)CC1
D02474_protomer_2,CN1CCN(c2c(F)cc3c(=O)c(C(=O)O)cn4c3c2SCC4)CC1
D01061_protomer_1,CCc1c2c(nc3ccc(OC(=O)N4CCC([NH+]5CCCCC5)CC4)cc13)-c1cc3c(c(=O)n1C2)COC(=O)C3(O)CC
D01061_protomer_2,CCc1c2c(nc3ccc(OC(=O)N4CCC(N5CCCCC5)CC4)cc13)-c1cc3c(c(=O)n1C2)COC(=O)C3(O)CC
D07817_protomer_1,O=C([O-])Cc1ccccc1Nc1c(Cl)cccc1Cl
D07817_protomer_2,O=C(O)Cc1ccccc1Nc1c(Cl)cccc1Cl
D07273_protomer_1,Cc1c(-c2ccccc2)n(N=Nn2c(-c3ccccc3)c(C)[n+]3ccccc23)c2cccc[n+]12
D00678_protomer_1,Cc1nccn1CC1CCc2c(c3ccccc3n2C)C1=O
D00565_protomer_1,CC(C)OC(=O)C(C)(C)Oc1ccc(C(=O)c2ccc(Cl)cc2)cc1
D02555_protomer_1,CCC(C(C)O)n1ncn(-c2ccc(N3CCN(c4ccc(OCC5COC(Cn6cncn6)(c6ccc(F)cc6F)C5)cc4)CC3)cc2)c1=O
D07295_protomer_1,CCC(C)[NH+](CC(O)c1cccn1Cc1ccccc1Cl)C(C)CC
D07295_protomer_2,CCC(C)N(CC(O)c1cccn1Cc1ccccc1Cl)C(C)CC
D02731_protomer_3,CCCc1nc(C)c2c(=O)[nH]c(-c3cc(S(=O)(=O)N4CCN(CC)CC4)ccc3OCC)nn12
D02731_protomer_2,CCCc1nc(C)c2c(=O)[n-]c(-c3cc(S(=O)(=O)[NH+]4CC[NH+](CC)CC4)ccc3OCC)nn12
D10893_protomer_1,CC#CC(=O)N1CCCC1c1nc(-c2ccc(C(=O)Nc3ccccn3)cc2)c2c(N)nccn12
D02173_protomer_2,COc1ccc2c3c1OC1CC(O)C=CC31CCN(C)C2
D02173_protomer_1,COc1ccc2c3c1OC1CC(O)C=CC31CC[NH+](C)C2
D00370_protomer_1,CN1C(=O)C(O)N=C(c2ccccc2)c2cc(Cl)ccc21
D07684_protomer_1,C[NH+](C)CCOC(C)(c1ccccc1)c1ccc(Cl)cc1
D07684_protomer_2,CN(C)CCOC(C)(c1ccccc1)c1ccc(Cl)cc1
D03301_protomer_1,CCCCC(=O)OC1(C(=O)COC(C)=O)CCC2C3CCC4=CC(=O)C=CC4(C)C3C(O)CC21C
D00210_protomer_1,CCn1cc(C(=O)[O-])c(=O)c2cc(F)c(N3CC[NH2+]CC3)cc21
D00210_protomer_2,CCn1cc(C(=O)O)c(=O)c2cc(F)c(N3CCNCC3)cc21
D09683_protomer_1,COc1cc2nccc(Oc3ccc(NC(=O)Nc4cc(C)on4)c(Cl)c3)c2cc1OC
D02729_protomer_2,COc1ccc(C(=O)NCc2ccc(OCCN(C)C)cc2)cc1OC
D02729_protomer_1,COc1ccc(C(=O)NCc2ccc(OCC[NH+](C)C)cc2)cc1OC
D07670_protomer_1,CC(=O)C1(O)CCC2C3C=C(Cl)C4=CC(=O)CCC4(C)C3CCC21C
D05967_protomer_2,CCCCCCCCNC(C)C(O)c1ccc(SC(C)C)cc1
D05967_protomer_1,CCCCCCCC[NH2+]C(C)C(O)c1ccc(SC(C)C)cc1
D00338_protomer_1,O=C1CN=C(c2ccccc2)c2cc(Cl)ccc2N1CC(F)(F)F
D07826_protomer_1,CCC(=C(CC)c1ccc(OP(=O)([O-])[O-])cc1)c1ccc(OP(=O)([O-])[O-])cc1
D07092_protomer_2,CC(C)N(CCC(c1ccccc1)c1ccccc1)C(C)C
D07092_protomer_1,CC(C)[NH+](CCC(c1ccccc1)c1ccccc1)C(C)C
D08207_protomer_1,CCC(CO)NC(=O)C1C=C2c3cccc4[nH]cc(c34)CC2[NH+](C)C1
D08207_protomer_2,CCC(CO)NC(=O)C1C=C2c3cccc4[nH]cc(c34)CC2N(C)C1
D07118_protomer_1,Cc1cc(C(=O)NCCc2ccc(S(=O)(=O)[N-]C(=O)[N-]N3CCCCCC3)cc2)no1
D07118_protomer_2,Cc1cc(C(=O)NCCc2ccc(S(=O)(=O)NC(=O)NN3CCCCCC3)cc2)no1
C01561_protomer_1,C=C1CCC(O)CC1=CC=C1CCCC2(C)C1CCC2C(C)CCCC(C)(C)O
D02573_protomer_2,CCOc1ccccc1OC(c1ccccc1)C1CNCCO1
D07644_protomer_1,O=C([O-])C1=C(CSc2nnnn2CS(=O)(=O)[O-])CSC2C(NC(=O)C(O)c3ccccc3)C(=O)N12
D07644_protomer_2,O=C(O)C1=C(CSc2nnnn2CS(=O)(=O)O)CSC2C(NC(=O)C(O)c3ccccc3)C(=O)N12
D02239_protomer_1,C1CC[NH+]2CC3CC(C[NH+]4CCCCC34)C2C1
D02239_protomer_2,C1CCN2CC3CC(CN4CCCCC34)C2C1
D07854_protomer_2,CC(CN1c2ccccc2Sc2ccc(S(=O)(=O)N(C)C)cc21)N(C)C
D04582_protomer_1,COCC(O)CN(C(C)=O)c1c(I)c(C(=O)NCC(O)CO)c(I)c(C(=O)NCC(O)CO)c1I
D06661_protomer_1,CCCCc1cc2ccccc2c(OCC[NH+](C)C)n1
D06661_protomer_2,CCCCc1cc2ccccc2c(OCCN(C)C)n1
D08311_protomer_2,CN(C(=O)CN(CCO)CC(=O)N(C)C(C)(C)Cc1ccccc1)C(C)(C)Cc1ccccc1
D02197_protomer_1,CCC1(O)CC2C[NH+](CCc3c([nH]c4ccccc34)C(C(=O)OC)(c3cc4c(cc3OC)N(C=O)C3C(O)(C(=O)OC)C(OC(C)=O)C5(CC)C=CC[NH+]6CCC43C65)C2)C1
D02197_protomer_2,CCC1(O)CC2CN(CCc3c([nH]c4ccccc34)C(C(=O)OC)(c3cc4c(cc3OC)N(C=O)C3C(O)(C(=O)OC)C(OC(C)=O)C5(CC)C=CCN6CCC43C65)C2)C1
D07875_protomer_1,C[NH+](C)CCC=C1c2ccccc2COc2ccccc21
D07875_protomer_2,CN(C)CCC=C1c2ccccc2COc2ccccc21
D08341_protomer_2,CCCCCCCCCC(=O)OCCN1CCN(CCCN2c3ccccc3Sc3ccc(Cl)cc32)CC1
D07131_protomer_3,CCOC(=O)C(c1c(O)c2ccccc2oc1=O)c1c(O)c2ccccc2oc1=O
D07131_protomer_1,CCOC(=O)C(c1c([O-])c2ccccc2oc1=O)c1c([O-])c2ccccc2oc1=O
D07131_protomer_2,CCOC(=O)C(c1c([O-])c2ccccc2oc1=O)c1c(O)c2ccccc2oc1=O
D07099_protomer_1,C[N+]1(CC2CC2)C2CC(OC(=O)C(CO)c3ccccc3)CC1C1OC12
D08020_protomer_1,CC(C)[NH+]1CCC(N(C(=O)Cc2ccccc2)c2ccc(Cl)cc2)CC1
D08020_protomer_2,CC(C)N1CCC(N(C(=O)Cc2ccccc2)c2ccc(Cl)cc2)CC1
D05681_protomer_2,C=CC1CN2CCC1CC2C(O)c1ccnc2ccc(OC)cc12
D05681_protomer_1,C=CC1C[NH+]2CCC1CC2C(O)c1ccnc2ccc(OC)cc12
D02430_protomer_2,COc1ccc2c(c1)C(=O)N(CCc1ccc(S(=O)(=O)NC(=O)NC3CCCCC3)cc1)C(=O)C2(C)C
D02430_protomer_1,COc1ccc2c(c1)C(=O)N(CCc1ccc(S(=O)(=O)[N-]C(=O)[NH2+]C3CCCCC3)cc1)C(=O)C2(C)C
D08662_protomer_2,COc1ccccc1N1CCN(CCCNc2cc(=O)n(C)c(=O)n2C)CC1
D08662_protomer_1,COc1ccccc1N1CC[NH+](CCCNc2cc(=O)n(C)c(=O)n2C)CC1
D03300_protomer_1,CC(C)(CO)C(O)C(=O)NCCC(=O)[O-]
D08049_protomer_2,CCC1CN2CCC1CC2C(O)c1ccnc2ccc(OC)cc12
D08049_protomer_1,CCC1C[NH+]2CCC1CC2C(O)c1ccnc2ccc(OC)cc12
D02075_protomer_1,Cc1cc(S(=O)(=O)[O-])c2c(C)ccc(C(C)C)cc1-2
D04161_protomer_1,[NH-]S(=O)(=O)c1cc2c(cc1Cl)[NH2+]C(c1ccccc1)NC2=O
D04161_protomer_3,NS(=O)(=O)c1cc2c(cc1Cl)NC(c1ccccc1)NC2=O
D04161_protomer_2,NS(=O)(=O)c1cc2c(cc1Cl)[NH2+]C(c1ccccc1)NC2=O
D10547_protomer_1,CCCCCCCCCCCCCCCCOCCCOP(=O)([O-])COC(CO)Cn1ccc(N)nc1=O
D10547_protomer_2,CCCCCCCCCCCCCCCCOCCCOP(=O)(O)COC(CO)Cn1ccc(N)nc1=O
D08132_protomer_1,CCN(CC)C(=O)NC1C=C2c3cccc4[nH]cc(c34)CC2[NH+](C)C1
D08132_protomer_2,CCN(CC)C(=O)NC1C=C2c3cccc4[nH]cc(c34)CC2N(C)C1
D00588_protomer_2,CC1COc2c(N3CCN(C)CC3)c(F)cc3c(=O)c(C(=O)O)cn1c23
D00588_protomer_1,CC1COc2c(N3CC[NH+](C)CC3)c(F)cc3c(=O)c(C(=O)[O-])cn1c23
D00981_protomer_1,CC12C=CC(=O)C=C1CCC1C2C(O)CC2(C)C1CCC2(O)C(=O)COP(=O)([O-])[O-]
D00618_protomer_1,COC(=O)C1=C(C)[NH2+]C(C)=C(C(=O)OCC(C)C)C1c1ccccc1[N+](=O)[O-]
D00618_protomer_2,COC(=O)C1=C(C)NC(C)=C(C(=O)OCC(C)C)C1c1ccccc1[N+](=O)[O-]
D08490_protomer_2,CCCN1CCCCC1C(=O)Nc1c(C)cccc1C
D08490_protomer_1,CCC[NH+]1CCCCC1C(=O)Nc1c(C)cccc1C
C06174_protomer_2,COc1ccc2c3c1OC1C(O)C=CC4C(C2)N(C)CCC341
C06174_protomer_1,COc1ccc2c3c1OC1C(O)C=CC4C(C2)[NH+](C)CCC341
D01074_protomer_2,CC1(C)SC2C(N3C(=O)C(c4ccccc4)NC3(C)C)C(=O)N2C1C(=O)O
D01074_protomer_1,CC1(C)SC2C(N3C(=O)C(c4ccccc4)[NH2+]C3(C)C)C(=O)N2C1C(=O)[O-]
D02542_protomer_2,NCC1OC(OC2C(N)CC(N)C(OC3OC(CO)C(O)C(N)C3O)C2O)C(N)CC1O
D00882_protomer_1,Clc1ccc(COC(Cn2ccnc2)c2ccc(Cl)cc2Cl)c(Cl)c1
D07141_protomer_1,CCC(C(=O)[O-])c1ccc(N2Cc3ccccc3C2=O)cc1
D07141_protomer_2,CCC(C(=O)O)c1ccc(N2Cc3ccccc3C2=O)cc1
D00094_protomer_2,CC(C=CC1=C(C)CCCC1(C)C)=CC=CC(C)=CC(=O)O
D00094_protomer_1,CC(C=CC1=C(C)CCCC1(C)C)=CC=CC(C)=CC(=O)[O-]
D02123_protomer_2,NC1C2CN(c3nc4c(cc3F)c(=O)c(C(=O)O)cn4-c3ccc(F)cc3F)CC12
D02123_protomer_1,[NH3+]C1C2CN(c3nc4c(cc3F)c(=O)c(C(=O)[O-])cn4-c3ccc(F)cc3F)CC12
D00599_protomer_2,CC(C)(C)NCC(O)COc1cccc2c1CCC(=O)N2
D00599_protomer_1,CC(C)(C)[NH2+]CC(O)COc1cccc2c1CCC(=O)N2
D07315_protomer_1,CN(C)C(=O)OC1N=C(c2ccccc2)c2cc(Cl)ccc2N(C)C1=O
C06807_protomer_2,CC(=O)c1ccc2c(c1)N(CCCN1CCN(CCO)CC1)c1ccccc1S2
C06807_protomer_1,CC(=O)c1ccc2c(c1)N(CCC[NH+]1CC[NH+](CCO)CC1)c1ccccc1S2
D07668_protomer_1,NC(Nc1ccc(Cl)cc1)=[NH+]C(N)=[NH+]CCCCCC[NH+]=C(N)[NH+]=C(N)Nc1ccc(Cl)cc1
D07668_protomer_2,NC(=NCCCCCCN=C(N)N=C(N)Nc1ccc(Cl)cc1)N=C(N)Nc1ccc(Cl)cc1
D02610_protomer_2,CCSc1ccc2c(c1)N(CCCN1CCN(C)CC1)c1ccccc1S2
D02610_protomer_1,CCSc1ccc2c(c1)N(CCC[NH+]1CC[NH+](C)CC1)c1ccccc1S2
D00302_protomer_1,OCCN(CCO)c1nc(N2CCCCC2)c2nc(N(CCO)CCO)nc(N3CCCCC3)c2n1
D08148_protomer_1,C[NH+]1CCN(C2=[NH+]c3ccccc3Oc3ccc(Cl)cc32)CC1
D08148_protomer_2,CN1CCN(C2=Nc3ccccc3Oc3ccc(Cl)cc32)CC1
D00814_protomer_1,C[NH+](C)CCC=C1c2ccccc2COc2ccccc21
D00814_protomer_2,CN(C)CCC=C1c2ccccc2COc2ccccc21
D07651_protomer_1,CC=CC1=C(C(=O)[O-])N2C(=O)C(NC(=O)C([NH3+])c3ccc([O-])cc3)C2SC1
D07651_protomer_3,CC=CC1=C(C(=O)O)N2C(=O)C(NC(=O)C(N)c3ccc(O)cc3)C2SC1
D07651_protomer_2,CC=CC1=C(C(=O)[O-])N2C(=O)C(NC(=O)C([NH3+])c3ccc(O)cc3)C2SC1
D07721_protomer_2,CN(C)CCC(O)(c1ccccc1)c1ccccc1Cl
D07721_protomer_1,C[NH+](C)CCC(O)(c1ccccc1)c1ccccc1Cl
D02095_protomer_1,O=C1CCC2(O)C3Cc4ccc(O)c5c4C2(CC[NH+]3CC2CC2)C1O5
D02095_protomer_2,O=C1CCC2(O)C3Cc4ccc([O-])c5c4C2(CC[NH+]3CC2CC2)C1O5
D02095_protomer_3,O=C1CCC2(O)C3Cc4ccc(O)c5c4C2(CCN3CC2CC2)C1O5
D11713_protomer_2,COc1ccc(CN2C3CC2CN(c2ccc(-c4cc(OCC(C)(C)O)cn5ncc(C#N)c45)cn2)C3)cn1
D11713_protomer_1,COc1ccc(C[NH+]2C3CC2CN(c2ccc(-c4cc(OCC(C)(C)O)cn5ncc(C#N)c45)cn2)C3)cn1
D02404_protomer_2,CCC([NH2+]C(C)C)C(O)c1ccc([O-])c2[n-]c(=O)ccc12
D02404_protomer_3,CCC(NC(C)C)C(O)c1ccc(O)c2[nH]c(=O)ccc12
D02404_protomer_1,CCC([NH2+]C(C)C)C(O)c1ccc(O)c2[n-]c(=O)ccc12
D07766_protomer_1,CC(=O)C1(O)CCC2C3C=C(Cl)C4=CC(=O)C5CC5C4(C)C3CCC21C
D00984_protomer_1,CC(=O)OCC(=O)C1(O)C(OC(C)=O)CC2C3CCC4=CC(=O)C=CC4(C)C3(F)C(O)CC21C
D00493_protomer_2,CN1CCN(CCCN2c3ccccc3Sc3ccc(Cl)cc32)CC1
D07701_protomer_2,CCOc1cc(N)c([N+](=O)[O-])cc1C(=O)NC1CCN(CC2CC=CCC2)CC1
D07701_protomer_1,CCOc1cc(N)c([N+](=O)[O-])cc1C(=O)NC1CC[NH+](CC2CC=CCC2)CC1
D02338_protomer_2,CCCC(=O)Nc1ccc(OCC(O)CNC(C)C)c(C(C)=O)c1
D02338_protomer_1,CCCC(=O)Nc1ccc(OCC(O)C[NH2+]C(C)C)c(C(C)=O)c1
D00693_protomer_1,C[NH+]=C1C[NH+](O)C(c2ccccc2)=c2cc(Cl)ccc2=N1
D00693_protomer_2,CN=C1CN(O)C(c2ccccc2)=c2cc(Cl)ccc2=N1
D00793_protomer_1,CCCCCCCCCC(=O)OCC[NH+]1CC[NH+](CCCN2c3ccccc3Sc3ccc(C(F)(F)F)cc32)CC1
D00793_protomer_2,CCCCCCCCCC(=O)OCCN1CCN(CCCN2c3ccccc3Sc3ccc(C(F)(F)F)cc32)CC1
D11353_protomer_1,CCn1c(=O)c(-c2cc(NC(=O)Nc3ccccc3)c(F)cc2Br)cc2cnc(NC)cc21
D02092_protomer_2,COc1cc(N)c(Cl)cc1C(=O)NC1CCN(CCCOc2ccc(F)cc2)CC1OC
D02092_protomer_1,COc1cc(N)c(Cl)cc1C(=O)NC1CC[NH+](CCCOc2ccc(F)cc2)CC1OC
D07972_protomer_1,CC1CC2C3CC(F)C4=CC(=O)C=CC4(C)C3C(O)CC2(C)C1C(=O)C(=O)[O-]
D07972_protomer_2,CC1CC2C3CC(F)C4=CC(=O)C=CC4(C)C3C(O)CC2(C)C1C(=O)C(=O)O
D08380_protomer_2,CCN1CCN(C(=O)NC(C(=O)NC2C(=O)N3C2SC(C)(C)C3C(=O)O)c2ccccc2)C(=O)C1=O
C17720_protomer_1,O=C(Cc1ccc(-c2ccccc2)cc1)Nc1ccccn1
D07753_protomer_1,O=C([O-])c1cc(=O)c2c(OCC(O)COc3cccc4oc(C(=O)[O-])cc(=O)c34)cccc2o1
D07753_protomer_2,O=C(O)c1cc(=O)c2c(OCC(O)COc3cccc4oc(C(=O)O)cc(=O)c34)cccc2o1
D08121_protomer_1,CCC(=O)C(CC(C)[NH+](C)C)(c1ccccc1)c1ccccc1
D08121_protomer_2,CCC(=O)C(CC(C)N(C)C)(c1ccccc1)c1ccccc1
D05711_protomer_1,CNC(=O)c1cnn(-c2nc(N)c3ncn(C4OC(CO)C(O)C4O)c3n2)c1
D02558_protomer_2,CCN(C)C(=O)Oc1cccc(C(C)N(C)C)c1
D08249_protomer_2,C=CC[NH+]1CCC23c4c5ccc(O)c4OC2C(=O)CCC3(O)C1C5
D08249_protomer_3,C=CCN1CCC23c4c5ccc(O)c4OC2C(=O)CCC3(O)C1C5
D08249_protomer_1,C=CC[NH+]1CCC23c4c5ccc([O-])c4OC2C(=O)CCC3(O)C1C5
D07614_protomer_2,CC1(C)SC2C(NC(=O)C(C(=O)O)c3ccccc3)C(=O)N2C1C(=O)O
D03062_protomer_2,Cc1c(-c2ccc([O-])cc2)n(Cc2ccc(OCC[NH+]3CCCCCC3)cc2)c2ccc([O-])cc12
D03062_protomer_1,Cc1c(-c2ccc(O)cc2)n(Cc2ccc(OCC[NH+]3CCCCCC3)cc2)c2ccc([O-])cc12
D03062_protomer_4,c2ccc(O)cc2)n(Cc2ccc(OCC[NH+]3CCCCCC3)cc2)c2ccc([O-])cc12
D03062_protomer_3,Cc1c(-c2ccc(O)cc2)n(Cc2ccc(OCCN3CCCCCC3)cc2)c2ccc(O)cc12
D03184_protomer_1,CCC(C(=O)OCCOCC[NH+](CC)CC)c1ccccc1
D03184_protomer_2,CCC(C(=O)OCCOCCN(CC)CC)c1ccccc1
D00640_protomer_2,CCCNCC(O)COc1ccccc1C(=O)CCc1ccccc1
D00640_protomer_1,CCC[NH2+]CC(O)COc1ccccc1C(=O)CCc1ccccc1
D11769_protomer_1,C[NH+]1CC2c3ccccc3Oc3ccc(Cl)cc3C2C1
D11769_protomer_2,CN1CC2c3ccccc3Oc3ccc(Cl)cc3C2C1
D10462_protomer_1,C=CC1CC1(NC(=O)C1CC(Oc2cc(-c3csc(NC(=O)C(C)C)n3)nc3c(Br)c(OC)ccc23)CN1C(=O)C(NC(=O)OC1CCCC1)C(C)(C)C)C(=O)[O-]
D00803_protomer_1,CCN(CC)C(=O)N1CC[NH+](C)CC1
D00803_protomer_2,CCN(CC)C(=O)N1CCN(C)CC1
D08001_protomer_1,[NH-]S(=O)(=O)c1cc(C(=O)[O-])c(NCc2ccco2)cc1Cl
D08001_protomer_2,NS(=O)(=O)c1cc(C(=O)[O-])c(NCc2ccco2)cc1Cl
D08001_protomer_3,NS(=O)(=O)c1cc(C(=O)O)c(NCc2ccco2)cc1Cl
D00242_protomer_1,CCCCNc1ccc(C(=O)OCCOCCOCCOCCOCCOCCOCCOCCOCCOC)cc1
D08691_protomer_2,CC(=O)OCCN1CCN(CCC=C2c3ccccc3Sc3ccc(Cl)cc32)CC1
D08691_protomer_1,CC(=O)OCC[NH+]1CC[NH+](CCC=C2c3ccccc3Sc3ccc(Cl)cc32)CC1
D08462_protomer_2,CCCCc1cc2ccccc2c(OCCN(C)C)n1
D08462_protomer_1,CCCCc1cc2ccccc2c(OCC[NH+](C)C)n1
D05276_protomer_2,CN1CCN(CC(=O)N2c3ccccc3C(=O)Nc3cccnc32)CC1
D05276_protomer_1,C[NH+]1CC[NH+](CC(=O)N2c3ccccc3C(=O)Nc3cccnc32)CC1
D07756_protomer_2,CC(CN(C)C)CN1c2ccccc2Sc2ccc(C#N)cc21
D07756_protomer_1,CC(CN1c2ccccc2Sc2ccc(C#N)cc21)C[NH+](C)C
D03750_protomer_3,NC(Cc1cc(I)c(Oc2cc(I)c(O)c(I)c2)c(I)c1)C(=O)[O-]
D03750_protomer_2,[NH3+]C(Cc1cc(I)c(Oc2cc(I)c(O)c(I)c2)c(I)c1)C(=O)[O-]
D03750_protomer_1,[NH3+]C(Cc1cc(I)c(Oc2cc(I)c([O-])c(I)c2)c(I)c1)C(=O)[O-]
D07687_protomer_1,C[NH+](C)CCC=C1c2ccccc2Sc2ccc(Cl)cc21
D07687_protomer_2,CN(C)CCC=C1c2ccccc2Sc2ccc(Cl)cc21
D09318_protomer_2,CCc1cc2c(cc1CC)CC([NH2+]CC(O)c1ccc([O-])c3[n-]c(=O)ccc13)C2
D09318_protomer_1,CCc1cc2c(cc1CC)CC([NH2+]CC(O)c1ccc(O)c3[n-]c(=O)ccc13)C2
D09318_protomer_3,CCc1cc2c(cc1CC)CC(NCC(O)c1ccc(O)c3[nH]c(=O)ccc13)C2
D07973_protomer_1,CC1CC2C3CC(F)C4=CC(=O)C=CC4(C)C3C(O)CC2(C)C1C(=O)COC(=O)C(C)(C)C
D01022_protomer_3,Cc1cc(C(C)(C)C)c(O)c(C)c1CC1=NCCN1
D01022_protomer_1,Cc1cc(C(C)(C)C)c(O)c(C)c1CC1=[NH+]CCN1
D01022_protomer_2,Cc1cc(C(C)(C)C)c([O-])c(C)c1CC1=[NH+]CCN1
D00602_protomer_1,CC(C)(C)[NH2+]CC(O)COc1ccccc1C1CCCC1
D00602_protomer_2,CC(C)(C)NCC(O)COc1ccccc1C1CCCC1
D08306_protomer_1,CCOC(=O)C1=CC(OC(CC)CC)C(NC(C)=O)C([NH3+])C1
D08306_protomer_2,CCOC(=O)C1=CC(OC(CC)CC)C(NC(C)=O)C(N)C1
D02540_protomer_2,CC1NCc2cc(-c3ccc4c(=O)c(C(=O)O)cn(C5CC5)c4c3OC(F)F)ccc21
D02540_protomer_1,CC1[NH2+]Cc2cc(-c3ccc4c(=O)c(C(=O)[O-])cn(C5CC5)c4c3OC(F)F)ccc21
D07491_protomer_2,CCN(CCO)CCn1c(Cc2ccccc2)nc2c1c(=O)n(C)c(=O)n2C
D07491_protomer_1,CC[NH+](CCO)CCn1c(Cc2ccccc2)nc2c1c(=O)n(C)c(=O)n2C
D08111_protomer_2,COC(=O)C1=C(C)NC(C)=C(C(=O)OC(C)(C)CN(C)CCC(c2ccccc2)c2ccccc2)C1c1cccc([N+](=O)[O-])c1
D08111_protomer_1,COC(=O)C1=C(C)[NH2+]C(C)=C(C(=O)OC(C)(C)C[NH+](C)CCC(c2ccccc2)c2ccccc2)C1c1cccc([N+](=O)[O-])c1
D08046_protomer_2,COc1ccc2c3c1OC1C(=O)CCC4C(C2)N(C)CCC314
D08046_protomer_1,COc1ccc2c3c1OC1C(=O)CCC4C(C2)[NH+](C)CCC314
D07179_protomer_1,CC1OC(OCC2OC(Oc3c(-c4ccc([O-])c([O-])c4)oc4cc(OCCO)cc([O-])c4c3=O)C(O)C(O)C2O)C(O)C(O)C1O
D07179_protomer_2,CC1OC(OCC2OC(Oc3c(-c4ccc(O)c([O-])c4)oc4cc(OCCO)cc([O-])c4c3=O)C(O)C(O)C2O)C(O)C(O)C1O
D07179_protomer_3,CC1OC(OCC2OC(Oc3c(-c4ccc(O)c(O)c4)oc4cc(OCCO)cc(O)c4c3=O)C(O)C(O)C2O)C(O)C(O)C1O
D00799_protomer_2,CN1CCN(CCCN2c3ccccc3Sc3ccc(C(F)(F)F)cc32)CC1
D07185_protomer_2,CC(NCCC(c1ccccc1)c1ccccc1)c1ccccc1
D00788_protomer_1,CC(=O)c1ccc2c(c1)N(CCC[NH+]1CC[NH+](CCO)CC1)c1ccccc1S2
D00788_protomer_2,CC(=O)c1ccc2c(c1)N(CCCN1CCN(CCO)CC1)c1ccccc1S2
D00315_protomer_1,CCc1cccc2c3c([nH]c12)C(CC)(CC(=O)[O-])OCC3
D00315_protomer_2,CCc1cccc2c3c([nH]c12)C(CC)(CC(=O)O)OCC3
D03994_protomer_1,NNc1cc2c(nn1)CCN(C(=O)c1ccccc1)C2
D03264_protomer_2,CN1C2CCC(C)(C)C1CC(OC(=O)C(O)(c1cccs1)c1cccs1)C2
D03264_protomer_1,C[NH+]1C2CCC(C)(C)C1CC(OC(=O)C(O)(c1cccs1)c1cccs1)C2
D00503_protomer_2,OCCN1CCN(CCCN2c3ccccc3Sc3ccc(Cl)cc32)CC1
D00859_protomer_3,Oc1c(Cl)cc(Cl)c(Cl)c1Cc1c(O)c(Cl)cc(Cl)c1Cl
D00859_protomer_2,[O-]c1c(Cl)cc(Cl)c(Cl)c1Cc1c([O-])c(Cl)cc(Cl)c1Cl
D00859_protomer_1,[O-]c1c(Cl)cc(Cl)c(Cl)c1Cc1c(O)c(Cl)cc(Cl)c1Cl
D00671_protomer_1,CC(C)(C(=O)[O-])c1ccc(C(O)CCC[NH+]2CCC(C(O)(c3ccccc3)c3ccccc3)CC2)cc1
D00671_protomer_2,CC(C)(C(=O)O)c1ccc(C(O)CCCN2CCC(C(O)(c3ccccc3)c3ccccc3)CC2)cc1
D00688_protomer_3,CC(C)(C)NCC(O)c1cc(O)cc(O)c1
D00688_protomer_1,CC(C)(C)[NH2+]CC(O)c1cc([O-])cc(O)c1
D00688_protomer_2,CC(C)(C)[NH2+]CC(O)c1cc([O-])cc([O-])c1
D07643_protomer_2,CON=C(C(=O)NC1C(=O)N2C(C(=O)O)=C(CSc3nc(C)c(CC(=O)O)s3)CSC12)c1csc(N)n1
D07643_protomer_1,CON=C(C(=O)NC1C(=O)N2C(C(=O)[O-])=C(CSc3nc(C)c(CC(=O)[O-])s3)CSC12)c1csc(N)n1
D02216_protomer_2,O=C(O)c1cn(C2CC2)c2cc(N3CCNCC3)c(F)cc2c1=O
D02216_protomer_1,O=C([O-])c1cn(C2CC2)c2cc(N3CC[NH2+]CC3)c(F)cc2c1=O
D02825_protomer_2,CN(C)CCc1c[nH]c2ccc(CS(=O)(=O)N3CCCC3)cc12
D00473_protomer_1,CC12C=CC(=O)C=C1CCC1C2C(=O)CC2(C)C1CCC2(O)C(=O)CO
D00670_protomer_2,COc1cc2c(cc1OC)C(=O)C(CC1CCN(Cc3ccccc3)CC1)C2
D00670_protomer_1,COc1cc2c(cc1OC)C(=O)C(CC1CC[NH+](Cc3ccccc3)CC1)C2
D00949_protomer_1,CCCCCC(=O)OC1(C(C)=O)CCC2C3CCC4=CC(=O)CCC4(C)C3CCC21C
D08297_protomer_2,OCCN1CCN(CCCN2c3ccccc3C=Cc3ccccc32)CC1
D08297_protomer_1,OCC[NH+]1CC[NH+](CCCN2c3ccccc3C=Cc3ccccc32)CC1
D10185_protomer_2,Cc1ccc(Sc2ccccc2N2CCNCC2)c(C)c1
D10185_protomer_1,Cc1ccc(Sc2ccccc2N2CC[NH2+]CC2)c(C)c1
D00620_protomer_2,CCOC(=O)C(CCc1ccccc1)NC1CCc2ccccc2N(CC(=O)O)C1=O
D00620_protomer_1,CCOC(=O)C(CCc1ccccc1)[NH2+]C1CCc2ccccc2N(CC(=O)[O-])C1=O
D01240_protomer_1,CC1OC(OC2CCC3(C)C(CCC4C3CC(O)C3(C)C(C5=CC(=O)OC5)CCC43O)C2)CC(O)C1OC1CC(O)C(OC2CC(O)C(OC3OC(CO)C(O)C(O)C3O)C(C)O2)C(C)O1
D09916_protomer_2,CC(C)(C)c1cc(C(C)(C)C)c(NC(=O)c2c[n-]c3ccccc3c2=O)cc1[O-]
D09916_protomer_3,CC(C)(C)c1cc(C(C)(C)C)c(NC(=O)c2c[nH]c3ccccc3c2=O)cc1O
D09916_protomer_1,CC(C)(C)c1cc(C(C)(C)C)c(NC(=O)c2c[n-]c3ccccc3c2=O)cc1O
D07301_protomer_2,CCN(CC)CCC1(c2ccccc2)CCC(=O)NC1=O
D07301_protomer_1,CC[NH+](CC)CCC1(c2ccccc2)CCC(=O)NC1=O
D07187_protomer_1,CC(C)(Oc1ccc(Cl)cc1)C(=O)OCCOC(=O)c1cccnc1
D07971_protomer_2,Fc1ccc(C(c2ccc(F)cc2)N2CCN(CC=Cc3ccccc3)CC2)cc1
D03098_protomer_1,CCC1OC(=O)C(C)C(OC2CC(C)(OC)C(O)C(C)O2)C(C)C(OC2OC(C)CC([NH+](C)C)C2O)C(C)(O)CC(C)C(=O)C(C)C(O)C1C
D03098_protomer_2,CCC1OC(=O)C(C)C(OC2CC(C)(OC)C(O)C(C)O2)C(C)C(OC2OC(C)CC(N(C)C)C2O)C(C)(O)CC(C)C(=O)C(C)C(O)C1C
D03277_protomer_1,Cc1ncc(C[n+]2csc(CCO)c2C)c(N)n1
D07624_protomer_2,CC(C)(C)NCC(O)COc1cccc2c1CCC(=O)N2
D07624_protomer_1,CC(C)(C)[NH2+]CC(O)COc1cccc2c1CCC(=O)N2
D01132_protomer_1,CCOC(=O)c1ccc(C#Cc2ccc3c(c2)C(C)(C)CCS3)nc1
D03830_protomer_1,COc1ccc(C2Sc3ccccc3N(CC[NH+](C)C)C(=O)C2OC(C)=O)cc1
D03830_protomer_2,COc1ccc(C2Sc3ccccc3N(CCN(C)C)C(=O)C2OC(C)=O)cc1
D02609_protomer_2,CN1CCN(CCCN2c3ccccc3Sc3ccc(Cl)cc32)CC1
D07251_protomer_2,O=C(NN=CC=Cc1ccc([N+](=O)[O-])o1)c1ccc([N+](=O)[O-])s1
D07251_protomer_1,O=C([N-]N=CC=Cc1ccc([N+](=O)[O-])o1)c1ccc([N+](=O)[O-])s1
D00874_protomer_1,COc1c(N2CC3CCC[NH2+]C3C2)c(F)cc2c(=O)c(C(=O)[O-])cn(C3CC3)c12
D00874_protomer_2,COc1c(N2CC3CCCNC3C2)c(F)cc2c(=O)c(C(=O)O)cn(C3CC3)c12
D01377_protomer_1,CC[N+]1(CC)CCC(=C(c2ccccc2)c2ccccc2)C1C
D00654_protomer_2,[NH-]S(=O)(=O)c1cc2c(cc1C(F)(F)F)NC[N-]S2(=O)=O
D00654_protomer_3,NS(=O)(=O)c1cc2c(cc1C(F)(F)F)NCNS2(=O)=O
D00654_protomer_1,NS(=O)(=O)c1cc2c(cc1C(F)(F)F)NC[N-]S2(=O)=O
D03080_protomer_2,CC(C(=O)O)c1ccc2oc(-c3ccc(Cl)cc3)nc2c1
C07177_protomer_2,COc1cccc(OC)c1C(=O)NC1C(=O)N2C1SC(C)(C)C2C(=O)O
D09720_protomer_1,Cc1cc(C=CC#N)cc(C)c1Nc1ccnc(Nc2ccc(C#N)cc2)n1
D07236_protomer_1,COC(C(=O)NC1C(=O)N2C1SC(C)(C)C2C(=O)[O-])c1ccc(Cl)c(Cl)c1
D07236_protomer_2,COC(C(=O)NC1C(=O)N2C1SC(C)(C)C2C(=O)O)c1ccc(Cl)c(Cl)c1
D07285_protomer_2,CN1CCC23c4c5ccc(OC(=O)c6cccnc6)c4OC2C(OC(=O)c2cccnc2)C=CC3C1C5
D07285_protomer_1,C[NH+]1CCC23c4c5ccc(OC(=O)c6cccnc6)c4OC2C(OC(=O)c2cccnc2)C=CC3C1C5
D08118_protomer_2,O=C(O)COCCN1CCN(C(c2ccccc2)c2ccc(Cl)cc2)CC1
D08312_protomer_2,CN(C)CCC=C1c2ccccc2OCc2c1oc1ccccc21
D08312_protomer_1,C[NH+](C)CCC=C1c2ccccc2OCc2c1oc1ccccc21
D06051_protomer_1,CCOCCN(Cc1ccc(CN(CCOCC)C(=O)C(Cl)Cl)cc1)C(=O)C(Cl)Cl
D02469_protomer_2,CC1CN(c2cc3c(cc2F)c(=O)c(C(=O)O)cn3-c2ccc(F)cc2F)CCN1
D02469_protomer_1,CC1CN(c2cc3c(cc2F)c(=O)c(C(=O)[O-])cn3-c2ccc(F)cc2F)CC[NH2+]1
D07827_protomer_1,CC1CC2C3CC(F)C4=CC(=O)C=CC4(C)C3(F)C(O)CC2(C)C1(O)C(=O)CO
D07164_protomer_1,CCOC(=O)Nc1ccc2c(c1)N(C(=O)C[NH+](C)C)c1ccccc1CC2
D07164_protomer_2,CCOC(=O)Nc1ccc2c(c1)N(C(=O)CN(C)C)c1ccccc1CC2
D02460_protomer_1,CC1CCCC(C)N1[N-]C(=O)c1ccc(Cl)c(S([NH-])(=O)=O)c1
D02460_protomer_2,CC1CCCC(C)N1[N-]C(=O)c1ccc(Cl)c(S(N)(=O)=O)c1
D02460_protomer_3,CC1CCCC(C)N1NC(=O)c1ccc(Cl)c(S(N)(=O)=O)c1
D07235_protomer_2,CC1(C)SC2C(NC(=O)C(N=[N+]=[N-])c3ccccc3)C(=O)N2C1C(=O)O
D07235_protomer_1,CC1(C)SC2C(NC(=O)C(N=[N+]=[N-])c3ccccc3)C(=O)N2C1C(=O)[O-]
D00336_protomer_2,COc1ccc(Cl)cc1C(=O)NCCc1ccc(S(=O)(=O)NC(=O)NC2CCCCC2)cc1
D00336_protomer_1,COc1ccc(Cl)cc1C(=O)NCCc1ccc(S(=O)(=O)[N-]C(=O)[NH2+]C2CCCCC2)cc1
D07345_protomer_2,O=C(COc1ccc(Cl)cc1)N1CCN(Cc2ccc3c(c2)OCO3)CC1
D07345_protomer_1,O=C(COc1ccc(Cl)cc1)N1CC[NH+](Cc2ccc3c(c2)OCO3)CC1
D06645_protomer_2,NC(CC(=O)N1CCn2c(nnc2C(F)(F)F)C1)Cc1cc(F)c(F)cc1F
D06645_protomer_1,[NH3+]C(CC(=O)N1CCn2c(nnc2C(F)(F)F)C1)Cc1cc(F)c(F)cc1F
D07428_protomer_1,CCCCN(CC[NH+](CC)CC)C(=O)c1cccc2ccccc12
D07428_protomer_2,CCCCN(CCN(CC)CC)C(=O)c1cccc2ccccc12
D10938_protomer_1,C[N+]1(C)CCC(OC(=O)C(O)(c2ccccc2)C2CCCC2)C1
D05277_protomer_1,COc1ccc(CC(C)[NH2+]CC(O)c2ccc(O)c(NC=O)c2)cc1
D05277_protomer_2,COc1ccc(CC(C)[NH2+]CC(O)c2ccc([O-])c(NC=O)c2)cc1
D05277_protomer_3,COc1ccc(CC(C)NCC(O)c2ccc(O)c(NC=O)c2)cc1
D02229_protomer_3,CCCc1nn(C)c2c(=O)[nH]c(-c3cc(S(=O)(=O)N4CCN(C)CC4)ccc3OCC)nc12
D02229_protomer_2,CCCc1nn(C)c2c(=O)[n-]c(-c3cc(S(=O)(=O)[NH+]4CC[NH+](C)CC4)ccc3OCC)nc12
D00626_protomer_2,CCOc1nc2cccc(C(=O)OC(C)OC(=O)OC3CCCCC3)c2n1Cc1ccc(-c2ccccc2-c2nn[nH]n2)cc1
D00626_protomer_1,CCOc1nc2cccc(C(=O)OC(C)OC(=O)OC3CCCCC3)c2n1Cc1ccc(-c2ccccc2-c2nn[n-]n2)cc1
D02950_protomer_2,c1ccc(CN(CC2=NCCN2)c2ccccc2)cc1
D02950_protomer_1,c1ccc(CN(CC2=[NH+]CCN2)c2ccccc2)cc1
D00623_protomer_1,CCOC(=O)C(CCc1ccccc1)[NH2+]C(C)C(=O)N1Cc2cc(OC)c(OC)cc2CC1C(=O)[O-]
D00623_protomer_2,CCOC(=O)C(CCc1ccccc1)NC(C)C(=O)N1Cc2cc(OC)c(OC)cc2CC1C(=O)O
D08033_protomer_2,CCCCN(CCCC)CCC(O)c1cc2c(Cl)cc(Cl)cc2c2cc(C(F)(F)F)ccc12
D08033_protomer_1,CCCC[NH+](CCCC)CCC(O)c1cc2c(Cl)cc(Cl)cc2c2cc(C(F)(F)F)ccc12
D11768_protomer_2,C1=CCOCc2cc(ccc2OCCN2CCCC2)Nc2nccc(n2)-c2cccc(c2)COC1
D11768_protomer_1,C1=CCOCc2cc(ccc2OCC[NH+]2CCCC2)Nc2nccc(n2)-c2cccc(c2)COC1
D03767_protomer_1,CC(CSC(=O)c1ccccc1)C(=O)N1CC(Sc2ccccc2)CC1C(=O)[O-]
D00644_protomer_2,COC(=O)CCc1ccc(OCC(O)CNC(C)C)cc1
D00644_protomer_1,COC(=O)CCc1ccc(OCC(O)C[NH2+]C(C)C)cc1
D03945_protomer_2,O=C([O-])CN(CCN(CC(=O)[O-])CC(=O)O)CC(=O)O
D03945_protomer_1,O=C([O-])C[NH+](CC[NH+](CC(=O)[O-])CC(=O)[O-])CC(=O)[O-]
D08162_protomer_1,Cc1ccc(Cl)c(Nc2ccccc2C(=O)[O-])c1Cl
D02299_protomer_2,Cc1nnc(SCC2=C(C(=O)O)N3C(=O)C(NC(=O)Cn4cnnn4)C3SC2)s1
D02299_protomer_1,Cc1nnc(SCC2=C(C(=O)[O-])N3C(=O)C(NC(=O)Cn4cnnn4)C3SC2)s1
D07669_protomer_2,NC(=NCCCCCCN=C(N)N=C(N)Nc1ccc(Cl)cc1)N=C(N)Nc1ccc(Cl)cc1
D07669_protomer_1,NC(Nc1ccc(Cl)cc1)=[NH+]C(N)=[NH+]CCCCCC[NH+]=C(N)[NH+]=C(N)Nc1ccc(Cl)cc1
D07302_protomer_1,CC[NH+](CC)CCCOC(=O)C1(c2ccccc2)CC2CCC1C2
D07302_protomer_2,CCN(CC)CCCOC(=O)C1(c2ccccc2)CC2CCC1C2
D05010_protomer_1,CS(=O)(=O)c1ccc2c(c1)N(CCC[NH+]1CCC(C(N)=O)CC1)c1ccccc1S2
D05010_protomer_2,CS(=O)(=O)c1ccc2c(c1)N(CCCN1CCC(C(N)=O)CC1)c1ccccc1S2
D00929_protomer_1,Cc1onc(-c2ccccc2)c1C(=O)NC1C(=O)N2C1SC(C)(C)C2C(=O)[O-]
D08677_protomer_2,CCC12CCCN3CCc4c(n(c5ccccc45)C(O)(C(=O)OC)C1)C32
D08677_protomer_1,CCC12CCC[NH+]3CCc4c(n(c5ccccc45)C(O)(C(=O)OC)C1)C32
D02211_protomer_1,C[NH+]1CC(C(=O)NC2(C)OC3(O)C4CCCN4C(=O)C(Cc4ccccc4)N3C2=O)CC2c3cccc4[nH]cc(c34)CC21
D02211_protomer_2,CN1CC(C(=O)NC2(C)OC3(O)C4CCCN4C(=O)C(Cc4ccccc4)N3C2=O)CC2c3cccc4[nH]cc(c34)CC21
D00285_protomer_1,COc1cc(Cc2cnc(N)nc2N)cc(OC)c1OC
D08023_protomer_2,NC1C(O)OC(CO)C(O)C1O
D00297_protomer_1,CC1OC(OC2C(O)CC(OC3C(O)CC(OC4CCC5(C)C(CCC6C5CCC5(C)C(C7=CC(=O)OC7)CCC65O)C4)OC3C)OC2C)CC(O)C1O
D02630_protomer_1,OC1(c2ccc(Cl)c(C(F)(F)F)c2)CC[NH+](CCCC(c2ccc(F)cc2)c2ccc(F)cc2)CC1
D02630_protomer_2,OC1(c2ccc(Cl)c(C(F)(F)F)c2)CCN(CCCC(c2ccc(F)cc2)c2ccc(F)cc2)CC1
D02157_protomer_2,CC1(C)SC2C(NC(=O)Cc3ccccc3)C(=O)N2C1C(=O)O
D08184_protomer_1,COc1ccc(CN(CC[NH+](C)C)c2ccccn2)cc1
D08184_protomer_2,COc1ccc(CN(CCN(C)C)c2ccccn2)cc1
D02910_protomer_1,CCCCc1oc2ccccc2c1C(=O)c1cc(I)c(OCC[NH+](CC)CC)c(I)c1
D02910_protomer_2,CCCCc1oc2ccccc2c1C(=O)c1cc(I)c(OCCN(CC)CC)c(I)c1
D07837_protomer_2,CN1CC(C(=O)NC2(C)OC3(O)C4CCCN4C(=O)C(Cc4ccccc4)N3C2=O)CC2c3cccc4[nH]cc(c34)CC21
D07837_protomer_1,C[NH+]1CC(C(=O)NC2(C)OC3(O)C4CCCN4C(=O)C(Cc4ccccc4)N3C2=O)CC2c3cccc4[nH]cc(c34)CC21
D07980_protomer_1,C=C1CC2C3CCC4=CC(=O)C=CC4(C)C3(F)C(O)CC2(C)C1(O)C(=O)COC(C)=O
D00434_protomer_1,CCC(C)(C)C(=O)OC1CC(C)C=C2C=CC(C)C(CCC3CC(O)CC(=O)O3)C21
D01258_protomer_2,CNC(=O)c1c(I)c(NC(C)=O)c(I)c(C(=O)O)c1I
D01258_protomer_1,CNC(=O)c1c(I)c(NC(C)=O)c(I)c(C(=O)[O-])c1I
D10490_protomer_2,COc1cc(C)c2c(Oc3cccc(C(F)(F)F)c3)c(OC)cc(NC(C)CCCN)c2n1
D10490_protomer_1,COc1cc(C)c2c(Oc3cccc(C(F)(F)F)c3)c(OC)cc([NH2+]C(C)CCC[NH3+])c2n1
D05107_protomer_1,CC[NH+](CC)CCOC(=O)C(Cc1cccc2ccccc12)CC1CCCO1
D05107_protomer_2,CCN(CC)CCOC(=O)C(Cc1cccc2ccccc12)CC1CCCO1
C07370_protomer_1,CC12C=CC(=O)C=C1CCC1C2C(=O)CC2(C)C1CCC2(O)C(=O)CO
D07666_protomer_1,CCCCCCCCCCCCCCCC[n+]1ccccc1
D00481_protomer_1,CC(C)[N+](C)(CCOC(=O)C1c2ccccc2Oc2ccccc21)C(C)C
D02096_protomer_1,O=C1NC(c2ccccc2)(c2ccccc2)C(=O)N1COP(=O)([O-])[O-]
D00952_protomer_1,CC(=O)OC1(C(C)=O)CCC2C3C=C(C)C4=CC(=O)CCC4(C)C3CCC21C
D08229_protomer_1,CC(C)(O)c1ccccc1CCC(SCC1(CC(=O)[O-])CC1)c1cccc(C=Cc2ccc3ccc(Cl)cc3n2)c1
D08229_protomer_2,CC(C)(O)c1ccccc1CCC(SCC1(CC(=O)O)CC1)c1cccc(C=Cc2ccc3ccc(Cl)cc3n2)c1
D08094_protomer_1,COc1ccc(C(=O)NCc2ccc(OCC[NH+](C)C)cc2)cc1OC
D08094_protomer_2,COc1ccc(C(=O)NCc2ccc(OCCN(C)C)cc2)cc1OC
D07264_protomer_2,CCCCC(C(=O)O)C(=O)N(Nc1ccccc1)c1ccccc1
D07264_protomer_1,CCCCC(C(=O)[O-])C(=O)N(Nc1ccccc1)c1ccccc1
D03083_protomer_1,O=C1CN=C(c2ccccc2)c2c(sc3c2CCCC3)N1
D08185_protomer_2,CC(O)C1C(=O)N2C(C(=O)O)=C(SC3CNC(C(=O)N(C)C)C3)C(C)C12
D08185_protomer_1,CC(O)C1C(=O)N2C(C(=O)[O-])=C(SC3C[NH2+]C(C(=O)N(C)C)C3)C(C)C12
D07117_protomer_2,Cc1ccc(S(=O)(=O)NC(=O)NC2CCCCC2)cc1N
D07117_protomer_1,Cc1ccc(S(=O)(=O)[N-]C(=O)[NH2+]C2CCCCC2)cc1N
D00310_protomer_2,CCn1cc(C(=O)O)c(=O)c2cc(F)c(N3CCNCC3)nc21
D00310_protomer_1,CCn1cc(C(=O)[O-])c(=O)c2cc(F)c(N3CC[NH2+]CC3)nc21
D00980_protomer_1,CC(=O)OCC(=O)C1(O)CCC2C3CCC4=CC(=O)C=CC4(C)C3C(O)CC21C
D00697_protomer_1,CCOC(=O)c1ncn2c1CN(C)C(=O)c1cc(F)ccc1-2
D02440_protomer_1,O=C([O-])c1ccccc1C(=O)Nc1ccc(S(=O)(=O)[N-]c2nccs2)cc1
D02440_protomer_3,O=C(O)c1ccccc1C(=O)Nc1ccc(S(=O)(=O)Nc2nccs2)cc1
D02440_protomer_2,O=C([O-])c1ccccc1C(=O)Nc1ccc(S(=O)(=O)Nc2nccs2)cc1
D07881_protomer_2,CCCCOc1ccc(C(=O)CCN2CCCCC2)cc1
D07881_protomer_1,CCCCOc1ccc(C(=O)CC[NH+]2CCCCC2)cc1
D01648_protomer_1,C[N+]1(C)C2CCC1CC(OC(=O)C(CO)c1ccccc1)C2
D10441_protomer_1,O=C(CCCC=CCC1C(O)CC(O)C1CCC(O)CCc1ccccc1)OCCCCO[N+](=O)[O-]
D00824_protomer_1,COCCCCC(=NOCC[NH3+])c1ccc(C(F)(F)F)cc1
D00824_protomer_2,COCCCCC(=NOCCN)c1ccc(C(F)(F)F)cc1
D00815_protomer_2,CN(C)CCCN1c2ccccc2CCc2ccccc21
D00815_protomer_1,C[NH+](C)CCCN1c2ccccc2CCc2ccccc21
D02237_protomer_2,NC(N)=NCCN1CCCCCCC1
D00855_protomer_1,O=C([O-])CNC(=O)c1ccccc1
D00855_protomer_2,O=C(O)CNC(=O)c1ccccc1
D00479_protomer_2,CN1CCN(CCCN2c3ccccc3Sc3ccc(Cl)cc32)CC1
D07901_protomer_3,COc1cccc2c1C(=O)c1c(O)c3c(c(O)c1C2=O)CC(O)(C(=O)CO)CC3OC1CC(N)C(O)C(C)O1
D07901_protomer_1,COc1cccc2c1C(=O)c1c([O-])c3c(c([O-])c1C2=O)CC(O)(C(=O)CO)CC3OC1CC([NH3+])C(O)C(C)O1
D07901_protomer_2,COc1cccc2c1C(=O)c1c(O)c3c(c([O-])c1C2=O)CC(O)(C(=O)CO)CC3OC1CC([NH3+])C(O)C(C)O1
D00510_protomer_1,CCCCC1C(=O)N(c2ccccc2)N(c2ccccc2)C1=O
D07862_protomer_1,C[NH+]1CCC(OC(c2ccccc2)c2ccccc2)CC1
D07862_protomer_2,CN1CCC(OC(c2ccccc2)c2ccccc2)CC1
D03051_protomer_1,CC[NH+](CCO)CCn1c(Cc2ccccc2)nc2c1c(=O)n(C)c(=O)n2C
D03051_protomer_2,CCN(CCO)CCn1c(Cc2ccccc2)nc2c1c(=O)n(C)c(=O)n2C
D07726_protomer_1,CC[NH+](CC)CCOc1ccc(C(=C(Cl)c2ccccc2)c2ccccc2)cc1
D07726_protomer_2,CCN(CC)CCOc1ccc(C(=C(Cl)c2ccccc2)c2ccccc2)cc1
D01019_protomer_2,CC([NH3+])C(O)c1cccc([O-])c1
D01019_protomer_1,CC([NH3+])C(O)c1cccc(O)c1
D01019_protomer_3,CC(N)C(O)c1cccc(O)c1
D00169_protomer_1,Cc1ccc(Cl)c(Nc2ccccc2C(=O)[O-])c1Cl
D07218_protomer_2,CN1CC(CNC(=O)OCc2ccccc2)CC2c3cccc4c3c(cn4C)CC21
D07218_protomer_1,Cn1cc2c3c(cccc31)C1CC(CNC(=O)OCc3ccccc3)C[NH+](C)C1C2
D07977_protomer_2,OCCN1CCN(CCCN2c3ccccc3Sc3ccc(C(F)(F)F)cc32)CC1
D02312_protomer_1,CN(C)c1ccc2nc3ccc(=[N+](C)C)cc-3sc2c1
D00593_protomer_1,CCC1=C(C)CN(C(=O)NCCc2ccc(S(=O)(=O)[N-]C(=O)[NH2+]C3CCC(C)CC3)cc2)C1=O
D00593_protomer_2,CCC1=C(C)CN(C(=O)NCCc2ccc(S(=O)(=O)NC(=O)NC3CCC(C)CC3)cc2)C1=O
D07537_protomer_2,Cc1cc2c(OCC(CNC(C)(C)C)OC(=O)c3ccccc3)cccc2[nH]1
D07537_protomer_1,Cc1cc2c(OCC(C[NH2+]C(C)(C)C)OC(=O)c3ccccc3)cccc2[nH]1
D02103_protomer_2,O=C1NC([O-])=NC1(c1ccccc1)c1ccccc1
D02103_protomer_1,O=C1NC(O)=[NH+]C1(c1ccccc1)c1ccccc1
D07390_protomer_2,COC(CN1CCN(CC(O)C(OC)c2ccccc2)CC1)c1ccccc1
D07772_protomer_3,CN(C)N=Nc1nc[nH]c1C(N)=O
D07772_protomer_2,C[NH+](C)N=Nc1nc[nH]c1C(N)=O
D07772_protomer_1,C[NH+](C)N=Nc1nc[n-]c1C(N)=O
D00471_protomer_1,O=C(C1CCCCC1)N1CC(=O)N2CCc3ccccc3C2C1
D08335_protomer_2,CCN(CC)CCOCCOC(=O)C1(c2ccccc2)CCCC1
D08335_protomer_1,CC[NH+](CC)CCOCCOC(=O)C1(c2ccccc2)CCCC1
D00365_protomer_1,O=C1Nc2ccc(Cl)cc2C(c2ccccc2Cl)=NC1O
D07946_protomer_2,[O-]c1cc2c(c(Cl)c1[O-])CC[NH2+]CC2c1ccc(O)cc1
D07946_protomer_4,Oc1ccc(C2C[NH2+]CCc3c2cc(O)c(O)c3Cl)cc1
D07946_protomer_3,Oc1ccc(C2CNCCc3c2cc(O)c(O)c3Cl)cc1
D07946_protomer_1,[O-]c1ccc(C2C[NH2+]CCc3c2cc([O-])c([O-])c3Cl)cc1
D02323_protomer_1,COc1ccc2c(C(=S)[NH+](C)CC(=O)[O-])cccc2c1C(F)(F)F
D02323_protomer_2,COc1ccc2c(C(=S)N(C)CC(=O)O)cccc2c1C(F)(F)F
D07078_protomer_1,CC[NH+](CC)CC(C)OC(=O)C1CCCCC1(O)C1CCCCC1
D07078_protomer_2,CCN(CC)CC(C)OC(=O)C1CCCCC1(O)C1CCCCC1
D06300_protomer_1,Nc1ncnc2c1ncn2C1OC(COP(=O)([O-])[O-])C(O)C1O
D02069_protomer_2,CN1C2CCC1CC(OC(=O)C(CO)c1ccccc1)C2
D02069_protomer_1,C[NH+]1C2CCC1CC(OC(=O)C(CO)c1ccccc1)C2
D02824_protomer_2,CN(C)CCc1c[nH]c2ccc(CS(=O)(=O)N3CCCC3)cc12
C09668_protomer_1,COC1C(OC(=O)C=CC=CC=CC=CC(=O)[O-])CCC2(CO2)C1C1(C)OC1CC=C(C)C
C09668_protomer_2,COC1C(OC(=O)C=CC=CC=CC=CC(=O)O)CCC2(CO2)C1C1(C)OC1CC=C(C)C
D00568_protomer_1,CS(=O)(=O)c1ccc(C2=C(c3ccccc3)C(=O)OC2)cc1
D06341_protomer_2,Cc1cccc(C)c1NC(=O)c1cc(S([NH-])(=O)=O)c(Cl)cc1[O-]
D06341_protomer_1,Cc1cccc(C)c1NC(=O)c1cc(S([NH-])(=O)=O)c(Cl)cc1O
D06341_protomer_3,Cc1cccc(C)c1NC(=O)c1cc(S(N)(=O)=O)c(Cl)cc1O
D07126_protomer_2,C=CCNc1nc(NCC=C)nc(N2CCN(C(c3ccc(F)cc3)c3ccc(F)cc3)CC2)n1
D00348_protomer_2,CC(C=CC1=C(C)CCCC1(C)C)=CC=CC(C)=CC(=O)O
D00348_protomer_1,CC(C=CC1=C(C)CCCC1(C)C)=CC=CC(C)=CC(=O)[O-]
D07081_protomer_1,CC[N+](C)(CC)CCOC(=O)C(O)(c1cccs1)C1CCCC1
D00432_protomer_2,CC(C)(C)NCC(O)COc1cccc2c1CC(O)C(O)C2
D00432_protomer_1,CC(C)(C)[NH2+]CC(O)COc1cccc2c1CC(O)C(O)C2
D11712_protomer_1,COC1(C(=O)NC(C)c2ccc(-n3cc(F)cn3)nc2)CCC(c2nc(C)cc(Nc3cc(C)[n-]n3)n2)CC1
D11712_protomer_2,COC1(C(=O)NC(C)c2ccc(-n3cc(F)cn3)nc2)CCC(c2nc(C)cc(Nc3cc(C)[nH]n3)n2)CC1
D02306_protomer_1,CCn1cc(C(=O)[O-])c(=O)c2cc(F)c(N3CC[NH+](C)CC3)cc21
D02306_protomer_2,CCn1cc(C(=O)O)c(=O)c2cc(F)c(N3CCN(C)CC3)cc21
D03881_protomer_3,CC(CCc1ccc(O)cc1)NCCc1ccc(O)c(O)c1
D03881_protomer_2,CC(CCc1ccc(O)cc1)[NH2+]CCc1ccc([O-])c([O-])c1
D03881_protomer_1,CC(CCc1ccc([O-])cc1)[NH2+]CCc1ccc([O-])c([O-])c1
D06087_protomer_1,CCCCCCCCCCC(=O)OC1CCC2C3CCC4=CC(=O)CCC4(C)C3CCC12C
D01044_protomer_2,OCCN1CCN(CCC=C2c3ccccc3Sc3ccc(C(F)(F)F)cc32)CC1
D01069_protomer_2,CCOC(=O)C(CCc1ccccc1)NC1CCCN2CCCC(C(=O)O)N2C1=O
D01069_protomer_1,CCOC(=O)C(CCc1ccccc1)[NH2+]C1CCC[NH+]2CCCC(C(=O)[O-])N2C1=O
D02375_protomer_1,C[NH+](CC=CC#CC(C)(C)C)Cc1cccc2ccccc12
D02375_protomer_2,CN(CC=CC#CC(C)(C)C)Cc1cccc2ccccc12
D01242_protomer_2,CC(CN1c2ccccc2Sc2ccccc21)N(C)C
D01242_protomer_1,CC(CN1c2ccccc2Sc2ccccc21)[NH+](C)C
D07296_protomer_1,CC(=O)C1(O)CCC2C3CC(C(F)(F)F)C4=CC(=O)CCC4(C)C3CCC21C
D05024_protomer_2,COCC(=O)OC1(CC[NH+](C)CCCc2nc3ccccc3[nH]2)CCc2cc(F)ccc2C1C(C)C
D05024_protomer_1,COCC(=O)OC1(CC[NH+](C)CCCc2nc3ccccc3[n-]2)CCc2cc(F)ccc2C1C(C)C
D05024_protomer_3,COCC(=O)OC1(CCN(C)CCCc2nc3ccccc3[nH]2)CCc2cc(F)ccc2C1C(C)C
D08068_protomer_2,CCOC(=O)C(CCc1ccccc1)NC(C)C(=O)N1C(=O)N(C)CC1C(=O)O
D08068_protomer_1,CCOC(=O)C(CCc1ccccc1)[NH2+]C(C)C(=O)N1C(=O)N(C)CC1C(=O)[O-]
D08070_protomer_2,CN(C)CCCN1c2ccccc2CCc2ccccc21
D08070_protomer_1,C[NH+](C)CCCN1c2ccccc2CCc2ccccc21
D00088_protomer_1,CC12CCC(=O)C=C1CCC1C2C(O)CC2(C)C1CCC2(O)C(=O)CO
D08854_protomer_3,CC(=O)C1(N)Cc2c(O)c3c(c(O)c2C(OC2CC(O)C(O)CO2)C1)C(=O)c1ccccc1C3=O
D08854_protomer_2,CC(=O)C1([NH3+])Cc2c([O-])c3c(c([O-])c2C(OC2CC(O)C(O)CO2)C1)C(=O)c1ccccc1C3=O
D08854_protomer_1,CC(=O)C1([NH3+])Cc2c(O)c3c(c([O-])c2C(OC2CC(O)C(O)CO2)C1)C(=O)c1ccccc1C3=O
D08139_protomer_2,N#Cc1cc(NC(=O)C(=O)O)c(Cl)c(NC(=O)C(=O)O)c1
D00299_protomer_1,CC1CCC(O)CC1=CC=C1CCCC2(C)C1CCC2C(C)C=CC(C)C(C)C
D02307_protomer_1,CCn1cc(C(=O)[O-])c(=O)c2cc(F)c(N3CC[NH+](C)CC3)cc21
D02307_protomer_2,CCn1cc(C(=O)O)c(=O)c2cc(F)c(N3CCN(C)CC3)cc21
D07934_protomer_1,O=C([O-])C[NH+](CC[NH+](CC(=O)[O-])CC(=O)[O-])CC(=O)[O-]
D07528_protomer_2,CNCCCCOc1ccccc1Cc1ccccc1
D07528_protomer_1,C[NH2+]CCCCOc1ccccc1Cc1ccccc1
D00202_protomer_1,CC1C=CC=CCCC=CC=CC=CC=CC(OC2OC(C)C(O)C([NH3+])C2O)CC(O)C(C(=O)[O-])C(O)CC(=O)CC(O)C(O)CCC(O)CC(O)CC(O)CC(=O)OC(C)C(C)C1O
D00202_protomer_2,CC1C=CC=CCCC=CC=CC=CC=CC(OC2OC(C)C(O)C(N)C2O)CC(O)C(C(=O)O)C(O)CC(=O)CC(O)C(O)CCC(O)CC(O)CC(O)CC(=O)OC(C)C(C)C1O
D00523_protomer_3,CCCCC1=NC2(CCCC2)C(=O)N1Cc1ccc(-c2ccccc2-c2nn[nH]n2)cc1
D00523_protomer_2,CCCCC1=[NH+]C2(CCCC2)C(=O)N1Cc1ccc(-c2ccccc2-c2nn[nH]n2)cc1
D00523_protomer_1,CCCCC1=[NH+]C2(CCCC2)C(=O)N1Cc1ccc(-c2ccccc2-c2nn[n-]n2)cc1
D02484_protomer_2,CCCCN(CCCC)CC(O)c1cc(Cl)cc2c1-c1ccc(Cl)cc1C2=Cc1ccc(Cl)cc1
D02484_protomer_1,CCCC[NH+](CCCC)CC(O)c1cc(Cl)cc2c1-c1ccc(Cl)cc1C2=Cc1ccc(Cl)cc1
D01366_protomer_1,CC(C)(Oc1ccc(CCNC(=O)c2ccc(Cl)cc2)cc1)C(=O)[O-]
D01366_protomer_2,CC(C)(Oc1ccc(CCNC(=O)c2ccc(Cl)cc2)cc1)C(=O)O
D08324_protomer_1,CCCCC1C(=O)N(c2ccccc2)N(c2ccc([O-])cc2)C1=O
D08324_protomer_2,CCCCC1C(=O)N(c2ccccc2)N(c2ccc(O)cc2)C1=O
D08881_protomer_1,COc1cc2c(Oc3ccc4[nH]c(C)cc4c3F)ncnc2cc1OCCC[NH+]1CCCC1
D08881_protomer_2,COc1cc2c(Oc3ccc4[nH]c(C)cc4c3F)ncnc2cc1OCCCN1CCCC1
D00784_protomer_2,CCCN(CCC)CCc1cccc2c1CC(=O)N2
D00784_protomer_1,CCC[NH+](CCC)CCc1cccc2c1CC(=O)N2
D00227_protomer_1,Cn1c(=O)c2[n-]cnc2n(C)c1=O
D00227_protomer_2,Cn1c(=O)c2[nH]cnc2n(C)c1=O
D07217_protomer_1,CCC[NH+]1CC([N-]S(=O)(=O)[NH+](CC)CC)CC2Cc3c([O-])cccc3CC21
D07217_protomer_3,CCCN1CC(NS(=O)(=O)N(CC)CC)CC2Cc3c(O)cccc3CC21
D00435_protomer_2,Cc1ccnc2c1NC(=O)c1cccnc1N2C1CC1
D00435_protomer_1,Cc1ccnc2c1NC(=O)c1cccnc1[NH+]2C1CC1
D02245_protomer_2,CC(CN(C)C)CN1c2ccccc2Sc2ccccc21
D02245_protomer_1,CC(CN1c2ccccc2Sc2ccccc21)C[NH+](C)C
D07238_protomer_1,COc1cc(Cc2cnc(N)nc2N)cc(OC)c1Br
D08644_protomer_1,COc1cc(Cc2cnc(N)nc2N)cc(OC)c1OC
D00331_protomer_2,[NH-]S(=O)(=O)c1cc(C(=O)[O-])c(NCc2ccco2)cc1Cl
D00331_protomer_3,NS(=O)(=O)c1cc(C(=O)O)c(NCc2ccco2)cc1Cl
D00331_protomer_1,NS(=O)(=O)c1cc(C(=O)[O-])c(NCc2ccco2)cc1Cl
D02622_protomer_2,NC(=O)C1(N2CCCCC2)CCN(CCCC(=O)c2ccc(F)cc2)CC1
D00070_protomer_3,Nc1nc2ncc(CNc3ccc(C(=O)NC(CCC(=O)O)C(=O)O)cc3)nc2c(=O)[nH]1
D00685_protomer_3,CC(C)NCC(O)c1cc(O)cc(O)c1
D00685_protomer_2,CC(C)[NH2+]CC(O)c1cc([O-])cc(O)c1
D00685_protomer_1,CC(C)[NH2+]CC(O)c1cc([O-])cc([O-])c1
D02506_protomer_1,CC1(C)SC2C(NC(=O)COc3ccccc3)C(=O)N2C1C(=O)[O-]
D02506_protomer_2,CC1(C)SC2C(NC(=O)COc3ccccc3)C(=O)N2C1C(=O)O
D07145_protomer_1,O=C([O-])C[NH+](CC[NH+](CC(=O)[O-])CC(=O)[O-])CC(=O)[O-]
D07517_protomer_2,CN(C)CCCOc1nn(Cc2ccccc2)c2ccccc12
D07517_protomer_1,C[NH+](C)CCCOc1nn(Cc2ccccc2)c2ccccc12
D01001_protomer_1,CC[N+](CC)(CCNC(=O)C(=O)NCC[N+](CC)(CC)Cc1ccccc1Cl)Cc1ccccc1Cl
D01223_protomer_1,CCCCCOC(=O)Nc1nc(=O)n(C2OC(C)C(O)C2O)cc1F
D02332_protomer_1,Cc1c(C)c2c(c(C)c1[O-])CCC(C)(CCCC(C)CCCC(C)CCCC(C)C)O2
D02332_protomer_2,Cc1c(C)c2c(c(C)c1O)CCC(C)(CCCC(C)CCCC(C)CCCC(C)C)O2
D04317_protomer_1,C#CC1(O)CCC2C3CCC4=CC(=O)CCC4=C3C=CC21CC
D00832_protomer_1,Nc1nc(N)nc(Nc2ccc([As]3SCC(CO)S3)cc2)n1
D02327_protomer_1,C[NH+](C)CCOC(C)(c1ccccc1)c1ccccn1
D02327_protomer_2,CN(C)CCOC(C)(c1ccccc1)c1ccccn1
D00909_protomer_1,Cn1nnnc1SCC1=C(C(=O)[O-])N2C(=O)C(NC(=O)C(OC=O)c3ccccc3)C2SC1
D07207_protomer_2,Cc1cc([O-])c(S(=O)(=O)[O-])cc1Cc1c(C)c(Cc2c(C)ccc(S(=O)(=O)[O-])c2[O-])cc(S(=O)(=O)[O-])c1[O-]
D07207_protomer_3,Cc1cc(O)c(S(=O)(=O)O)cc1Cc1c(C)c(Cc2c(C)ccc(S(=O)(=O)O)c2O)cc(S(=O)(=O)O)c1O
D07207_protomer_1,Cc1cc(O)c(S(=O)(=O)[O-])cc1Cc1c(C)c(Cc2c(C)ccc(S(=O)(=O)[O-])c2[O-])cc(S(=O)(=O)[O-])c1[O-]
D02574_protomer_2,CNCCC(Oc1ccccc1C)c1ccccc1
D02574_protomer_1,C[NH2+]CCC(Oc1ccccc1C)c1ccccc1
D07362_protomer_1,CC1CCC2C(C)C(O)OC3OC4(C)CCC1C32OO4
D01337_protomer_1,CCCCCC(O)C=CC1C(O)CC2OC(=CCCCC(=O)[O-])CC21
D07541_protomer_1,Nc1c(CC(=O)[O-])cccc1C(=O)c1ccc(Br)cc1
D07541_protomer_2,Nc1c(CC(=O)O)cccc1C(=O)c1ccc(Br)cc1
D00889_protomer_1,COCc1c(C(C)C)nc(C(C)C)c(C=CC(O)CC(O)CC(=O)[O-])c1-c1ccc(F)cc1
D11557_protomer_1,O=C([N-]N1C(=O)C2C3C=CC(C4CC34)C2C1=O)c1ccc(C(F)(F)F)cc1
D11557_protomer_2,O=C(NN1C(=O)C2C3C=CC(C4CC34)C2C1=O)c1ccc(C(F)(F)F)cc1
D00531_protomer_1,O=C1CN=C(c2ccccc2)c2cc([N+](=O)[O-])ccc2N1
D08237_protomer_2,COc1c(N2CC3CCCNC3C2)c(F)cc2c(=O)c(C(=O)O)cn(C3CC3)c12
D08237_protomer_1,COc1c(N2CC3CCC[NH2+]C3C2)c(F)cc2c(=O)c(C(=O)[O-])cn(C3CC3)c12
D07594_protomer_2,CCC(C(=O)OCCOCCN(CC)CC)c1ccccc1
D07594_protomer_1,CCC(C(=O)OCCOCC[NH+](CC)CC)c1ccccc1
D07715_protomer_1,CC1CC2C3CCC4=CC(=O)C=CC4(C)C3(F)C(O)CC2(C)C1(O)C(=O)CCl
D07897_protomer_1,NC(=O)NC=C1NC(=O)C(CO)NC(=O)C(CO)NC(=O)C(NC(=O)CC([NH3+])C(O)CC[NH3+])CNC(=O)C(C2CC[NH+]=C(N)N2)NC1=O
D07897_protomer_2,NCCC(O)C(N)CC(=O)NC1CNC(=O)C(C2CCN=C(N)N2)NC(=O)C(=CNC(N)=O)NC(=O)C(CO)NC(=O)C(CO)NC1=O
D05029_protomer_1,COC1C(N(C)C(=O)c2ccccc2)CC2OC1(C)n1c3ccccc3c3c4c(c5c6ccccc6n2c5c31)C(=O)NC4
D10476_protomer_1,CCCCCCOC(C)c1cccc(-c2csc(NC(=O)c3cc(Cl)c(C=C(C)C(=O)[O-])c(Cl)c3)n2)c1OC
D10476_protomer_2,CCCCCCOC(C)c1cccc(-c2csc(NC(=O)c3cc(Cl)c(C=C(C)C(=O)O)c(Cl)c3)n2)c1OC
D07658_protomer_1,CON=C(C(=O)NC1C(=O)N2C(C(=O)[O-])=CCSC12)c1csc(N)n1
D07658_protomer_2,CON=C(C(=O)NC1C(=O)N2C(C(=O)O)=CCSC12)c1csc(N)n1
D00806_protomer_3,O=C(O)c1cc2ccccc2c(Cc2c(O)c(C(=O)O)cc3ccccc23)c1O
D00806_protomer_2,O=C([O-])c1cc2ccccc2c(Cc2c([O-])c(C(=O)[O-])cc3ccccc23)c1[O-]
D00806_protomer_1,O=C([O-])c1cc2ccccc2c(Cc2c(O)c(C(=O)[O-])cc3ccccc23)c1[O-]
D02260_protomer_1,Fc1ccc(C2CC[NH2+]CC2COc2ccc3c(c2)OCO3)cc1
D02260_protomer_2,Fc1ccc(C2CCNCC2COc2ccc3c(c2)OCO3)cc1
D00977_protomer_1,CC12CCC(=O)C=C1CCC1C2C(O)CC2(C)C1CCC2(O)C(=O)COP(=O)([O-])[O-]
D03809_protomer_2,N#CC(CCN1CCC(C(=O)O)(c2ccccc2)CC1)(c1ccccc1)c1ccccc1
D03809_protomer_1,N#CC(CC[NH+]1CCC(C(=O)[O-])(c2ccccc2)CC1)(c1ccccc1)c1ccccc1
D07237_protomer_2,Cc1nnc(SCC2=C(C(=O)O)N3C(=O)C(NC(=O)Cn4cc(Cl)c(=O)c(Cl)c4)C3SC2)s1
D07237_protomer_1,Cc1nnc(SCC2=C(C(=O)[O-])N3C(=O)C(NC(=O)Cn4cc(Cl)c(=O)c(Cl)c4)C3SC2)s1
D00908_protomer_1,CC(=O)OCC1=C(C(=O)[O-])N2C(=O)C(NC(=O)CSc3ccncc3)C2SC1
D07496_protomer_2,CC(=O)c1cc2cccc(OCC(O)CNC(C)C)c2o1
D07496_protomer_1,CC(=O)c1cc2cccc(OCC(O)C[NH2+]C(C)C)c2o1
D01160_protomer_1,CC(C)(C)NC(=O)C1CC2CCCCC2C[NH+]1CC(O)C(Cc1ccccc1)NC(=O)C(CC(N)=O)NC(=O)c1ccc2ccccc2n1
D01160_protomer_2,CC(C)(C)NC(=O)C1CC2CCCCC2CN1CC(O)C(Cc1ccccc1)NC(=O)C(CC(N)=O)NC(=O)c1ccc2ccccc2n1
D08265_protomer_1,CCC1C[NH+]2CCC1CC2C(O)c1ccnc2ccc(OC)cc12
D08265_protomer_2,CCC1CN2CCC1CC2C(O)c1ccnc2ccc(OC)cc12
D07685_protomer_1,CC[NH+](CC)CCCN1c2ccccc2Sc2ccc(Cl)cc21
D07685_protomer_2,CCN(CC)CCCN1c2ccccc2Sc2ccc(Cl)cc21
D08288_protomer_2,CNCCC=C1c2ccccc2CCc2ccccc21
D08288_protomer_1,C[NH2+]CCC=C1c2ccccc2CCc2ccccc21
D00444_protomer_2,CC12Cc3cn[n-]c3CC1CCC1C2CCC2(C)C1CCC2(C)O
D00444_protomer_1,CC12Cc3cn[nH]c3CC1CCC1C2CCC2(C)C1CCC2(C)O
D10450_protomer_1,CCc1cc2c(cc1N1CCC([NH+]3CCOCC3)CC1)C(C)(C)c1[nH]c3cc(C#N)ccc3c1C2=O
D10450_protomer_2,CCc1cc2c(cc1N1CCC(N3CCOCC3)CC1)C(C)(C)c1[nH]c3cc(C#N)ccc3c1C2=O
D00722_protomer_2,CCN(CC)CC#CCOC(=O)C(O)(c1ccccc1)C1CCCCC1
D00722_protomer_1,CC[NH+](CC)CC#CCOC(=O)C(O)(c1ccccc1)C1CCCCC1
C07055_protomer_1,CC(C)[N+](C)(CCC(C(N)=O)(c1ccccc1)c1ccccc1)C(C)C
D07364_protomer_2,CSc1nc2cc(Oc3cccc(Cl)c3Cl)c(Cl)cc2[n-]1
D07364_protomer_1,CSc1nc2cc(Oc3cccc(Cl)c3Cl)c(Cl)cc2[nH]1
D02255_protomer_1,C[NH+](C)C1C(=O)C(C(N)=O)=C([O-])C2(O)C(=O)C3=C([O-])c4c(O)ccc(Cl)c4C(C)(O)C3CC12
D02255_protomer_3,CN(C)C1C(=O)C(C(N)=O)=C(O)C2(O)C(=O)C3=C(O)c4c(O)ccc(Cl)c4C(C)(O)C3CC12
D02255_protomer_2,C[NH+](C)C1C(=O)C(C(N)=O)=C([O-])C2(O)C(=O)C3=C([O-])c4c([O-])ccc(Cl)c4C(C)(O)C3CC12
D08379_protomer_2,CCn1cc(C(=O)O)c(=O)c2cnc(N3CCNCC3)nc21
D08379_protomer_1,CCn1cc(C(=O)[O-])c(=O)c2cnc(N3CC[NH2+]CC3)nc21
D01025_protomer_1,CC(C)(C)[NH2+]CC(O)COc1cccc2c1CCCC2=O
D01025_protomer_2,CC(C)(C)NCC(O)COc1cccc2c1CCCC2=O
D07656_protomer_2,O=C(Cn1cnnn1)NC1C(=O)N2C(C(=O)O)=C(CSc3nncs3)CSC12
D07656_protomer_1,O=C(Cn1cnnn1)NC1C(=O)N2C(C(=O)[O-])=C(CSc3nncs3)CSC12
D00122_protomer_1,C=C1CCC(O)CC1=CC=C1CCCC2(C)C1CCC2C(C)CCCC(C)(C)O
D00052_protomer_1,O=C([O-])C[NH+](CC[NH+](CC(=O)[O-])CC(=O)[O-])CC(=O)[O-]
D00052_protomer_2,O=C(O)CN(CCN(CC(=O)O)CC(=O)O)CC(=O)O
D01142_protomer_2,COc1cc(NS(=O)(=O)c2ccc(N)cc2)nc(OC)n1
D01142_protomer_1,COc1cc([N-]S(=O)(=O)c2ccc(N)cc2)nc(OC)n1
D01119_protomer_1,CCOC(=O)C(CCc1ccccc1)[NH2+]C1CSC(c2cccs2)CN(CC(=O)[O-])C1=O
D01119_protomer_2,CCOC(=O)C(CCc1ccccc1)NC1CSC(c2cccs2)CN(CC(=O)O)C1=O
D00075_protomer_1,CC12CCC(=O)C=C1CCC1C2CCC2(C)C(O)CCC12
D08116_protomer_1,CCCC[NH+]1CCCCC1C(=O)Nc1c(C)cccc1C
D08116_protomer_2,CCCCN1CCCCC1C(=O)Nc1c(C)cccc1C
D00185_protomer_1,CC12CCC3c4ccc([O-])cc4CCC3C1CC(O)C2O
D00185_protomer_2,CC12CCC3c4ccc(O)cc4CCC3C1CC(O)C2O
D01531_protomer_1,CCn1cc(C(=O)[O-])c(=O)c2cnc(N3CC[NH2+]CC3)nc21
D01531_protomer_2,CCn1cc(C(=O)O)c(=O)c2cnc(N3CCNCC3)nc21
D10452_protomer_1,COC1C(=O)C2(C)C(OC)CC3OCC3(OC(C)=O)C2C(OC(=O)c2ccccc2)C2(O)CC(OC(=O)C(O)C(NC(=O)OC(C)(C)C)c3ccccc3)C(C)=C1C2(C)C
D07625_protomer_2,NC(=O)OCC1C(NC(=O)C(=NOCC(=O)O)c2csc(N)n2)C(=O)N1S(=O)(=O)O
D00105_protomer_1,CC12CCC3c4ccc(O)cc4CCC3C1CCC2O
D00105_protomer_2,CC12CCC3c4ccc([O-])cc4CCC3C1CCC2O
D07354_protomer_1,O=C(C(Cl)Cl)N(CCO)Cc1ccc(Oc2ccc([N+](=O)[O-])cc2)cc1
D00421_protomer_1,CCOC(=O)C(CCc1ccccc1)[NH2+]C(C)C(=O)N1C(C(=O)[O-])CC2CCCC21
D00421_protomer_2,CCOC(=O)C(CCc1ccccc1)NC(C)C(=O)N1C(C(=O)O)CC2CCCC21
D00201_protomer_1,C[NH+](C)C1C(=O)C(C(N)=O)=C([O-])C2(O)C(=O)C3=C([O-])c4c([O-])cccc4C(C)(O)C3CC12
D00201_protomer_2,C[NH+](C)C1C(=O)C(C(N)=O)=C([O-])C2(O)C(=O)C3=C([O-])c4c(O)cccc4C(C)(O)C3CC12
D00201_protomer_3,CN(C)C1C(=O)C(C(N)=O)=C(O)C2(O)C(=O)C3=C(O)c4c(O)cccc4C(C)(O)C3CC12
D00629_protomer_1,CCOC(=O)C1=C(C)[NH2+]C(C)=C(C(=O)OC)C1c1cccc([N+](=O)[O-])c1
D00629_protomer_2,CCOC(=O)C1=C(C)NC(C)=C(C(=O)OC)C1c1cccc([N+](=O)[O-])c1
D08086_protomer_2,CCc1c2c(nc3ccc(OC(=O)N4CCC(N5CCCCC5)CC4)cc13)-c1cc3c(c(=O)n1C2)COC(=O)C3(O)CC
D08086_protomer_1,CCc1c2c(nc3ccc(OC(=O)N4CCC([NH+]5CCCCC5)CC4)cc13)-c1cc3c(c(=O)n1C2)COC(=O)C3(O)CC
D02549_protomer_3,COC1C=COC2(C)Oc3c(C)c(O)c4c(O)c(cc(O)c4c3C2=O)NC(=O)C(C)=CC=CC(C)C(O)C(C)C(O)C(C)C(OC(C)=O)C1C
D02549_protomer_4,COC1C=COC2(C)Oc3c(C)c([O-])c4c(O)c(cc(O)c4c3C2=O)NC(=O)C(C)=CC=CC(C)C(O)C(C)C(O)C(C)C(OC(C)=O)C1C
D02549_protomer_2,COC1C=COC2(C)Oc3c(C)c([O-])c4c([O-])c(cc([O-])c4c3C2=O)NC(=O)C(C)=CC=CC(C)C(O)C(C)C(O)C(C)C(OC(C)=O)C1C
D02549_protomer_1,COC1C=COC2(C)Oc3c(C)c(O)c4c([O-])c(cc([O-])c4c3C2=O)NC(=O)C(C)=CC=CC(C)C(O)C(C)C(O)C(C)C(OC(C)=O)C1C
D08186_protomer_1,Cc1ncc(CO)c(CO)c1O
D08186_protomer_2,Cc1ncc(CO)c(CO)c1[O-]
D04595_protomer_1,CNC(=O)c1c(I)c(NC(C)=O)c(I)c(C(=O)[O-])c1I
D02165_protomer_1,CC(=O)OC12COC1CC(O)C1(C)C(=O)C(O)C3=C(C)C(OC(=O)C(O)C(NC(=O)OC(C)(C)C)c4ccccc4)CC(O)(C(OC(=O)c4ccccc4)C21)C3(C)C
D00998_protomer_1,CN(C)C(=O)Oc1cccc([N+](C)(C)C)c1
D10491_protomer_2,Nc1nc2ncc(CNc3ccc(C(=O)NC(CCC(=O)NCC([NH3+])C(=O)NC(CC(=O)[O-])C(=O)NC(C[S-])C(=O)[O-])C(=O)[O-])cc3)nc2c(=O)[nH]1
D10491_protomer_1,Nc1nc2ncc(CNc3ccc(C(=O)NC(CCC(=O)NCC([NH3+])C(=O)NC(CC(=O)[O-])C(=O)NC(C[S-])C(=O)[O-])C(=O)[O-])cc3)nc2c(=O)[n-]1
D10491_protomer_3,Nc1nc2ncc(CNc3ccc(C(=O)NC(CCC(=O)NCC(N)C(=O)[N-]C(CC(=O)O)C(=O)[N-]C(C[S-])C(=O)O)C(=O)O)cc3)nc2c(=O)[nH]1
D05082_protomer_1,CCNC(=O)C=C(C)C=CC=C(C)C=Cc1c(C)cc(OC)c(C)c1C
D00104_protomer_1,O=C(NC(CO)C(O)c1ccc([N+](=O)[O-])cc1)C(Cl)Cl
C17729_protomer_1,O=C(NC(Cc1ccccc1)c1ccccc1)c1cccnc1
D07570_protomer_2,CC1(C)SC2C(NC(=O)C(N)c3ccccc3)C(=O)N2C1C(=O)O
D07570_protomer_1,CC1(C)SC2C(NC(=O)C([NH3+])c3ccccc3)C(=O)N2C1C(=O)[O-]
D07395_protomer_2,COc1cc(C(=O)c2ccc(Cl)cc2)cc(OC)c1OCCN1CCOCC1
D07395_protomer_1,COc1cc(C(=O)c2ccc(Cl)cc2)cc(OC)c1OCC[NH+]1CCOCC1
D00408_protomer_1,CC12CCC(=O)C=C1CCC1C2CCC2(C)C1CCC2(C)O
D02541_protomer_2,CCn1cc(C(=O)O)c(=O)c2cc(F)c(N3CCNC(C)C3)c(F)c21
D02541_protomer_1,CCn1cc(C(=O)[O-])c(=O)c2cc(F)c(N3CC[NH2+]C(C)C3)c(F)c21
D08024_protomer_2,CNC1CN(c2ccc3c(=O)c(C(=O)O)cn(-c4nccs4)c3n2)CC1OC
D08024_protomer_1,C[NH2+]C1CN(c2ccc3c(=O)c(C(=O)[O-])cn(-c4nccs4)c3n2)CC1OC
D01153_protomer_1,CC1COc2c(C3([NH3+])CC3)c(F)cc3c(=O)c(C(=O)[O-])cn1c23
D01153_protomer_2,CC1COc2c(C3(N)CC3)c(F)cc3c(=O)c(C(=O)O)cn1c23
D00458_protomer_1,OCCOCC[NH+]1CCN(C2=[NH+]c3ccccc3Sc3ccccc32)CC1
D00458_protomer_2,OCCOCCN1CCN(C2=Nc3ccccc3Sc3ccccc32)CC1
D00245_protomer_1,CC(=O)Oc1ccc(C(c2ccc(OC(C)=O)cc2)c2ccccn2)cc1
D01135_protomer_1,CCOC(=O)COc1ccc2c(=O)cc(-c3ccccc3)oc2c1
D00674_protomer_2,CNS(=O)(=O)CCc1ccc2[nH]cc(C3CC[NH+](C)CC3)c2c1
D00674_protomer_3,CNS(=O)(=O)CCc1ccc2[nH]cc(C3CCN(C)CC3)c2c1
D00674_protomer_1,C[N-]S(=O)(=O)CCc1ccc2[nH]cc(C3CC[NH+](C)CC3)c2c1
D00303_protomer_1,CC(C)[NH+](CCC(C(N)=O)(c1ccccc1)c1ccccn1)C(C)C
D00303_protomer_2,CC(C)N(CCC(C(N)=O)(c1ccccc1)c1ccccn1)C(C)C
D01739_protomer_1,CON=C(C(=O)NC1C(=O)N2C(C(=O)[O-])=C(CSc3nnnn3C)CSC12)c1csc(N)n1
D01739_protomer_2,CON=C(C(=O)NC1C(=O)N2C(C(=O)O)=C(CSc3nnnn3C)CSC12)c1csc(N)n1
D11785_protomer_1,OC(Cn1cnnn1)(c1ccc(F)cc1F)C(F)(F)c1ccc(-c2ccc(OCC(F)(F)F)cc2)cn1
D00642_protomer_2,C=CC1CN2CCC1CC2C(O)c1ccnc2ccc(OC)cc12
D00642_protomer_1,C=CC1C[NH+]2CCC1CC2C(O)c1ccnc2ccc(OC)cc12
D00107_protomer_1,C=CCC1C=C(C)CC(C)CC(OC)C2OC(O)(C(=O)C(=O)N3CCCCC3C(=O)OC(C(C)=CC3CCC(O)C(OC)C3)C(C)C(O)CC1=O)C(C)CC2OC
D07866_protomer_1,CC(=O)OC12COC1CC(O)C1(C)C(=O)C(O)C3=C(C)C(OC(=O)C(O)C(NC(=O)OC(C)(C)C)c4ccccc4)CC(O)(C(OC(=O)c4ccccc4)C21)C3(C)C
D00451_protomer_3,CNS(=O)(=O)Cc1ccc2[nH]cc(CCN(C)C)c2c1
D00451_protomer_2,C[N-]S(=O)(=O)Cc1ccc2[nH]cc(CC[NH+](C)C)c2c1
D07896_protomer_1,C=C1C(CO)C(O)CC1n1cnc2c(=O)[n-]c(N)nc21
D07896_protomer_2,C=C1C(CO)C(O)CC1n1cnc2c(=O)[nH]c(N)nc21
D02481_protomer_1,CC1CCC2C(C)C(=O)OC3OC4(C)CCC1C32OO4
D07894_protomer_1,COc1ccc(C(=O)Nc2ccccc2CCC2CCCC[NH+]2C)cc1
D07894_protomer_2,COc1ccc(C(=O)Nc2ccccc2CCC2CCCCN2C)cc1
D02218_protomer_1,COc1ccc(Cc2nccc3cc(OC)c(OC)cc23)cc1OC
D00472_protomer_1,CC12C=CC(=O)C=C1CCC1C2C(O)CC2(C)C1CCC2(O)C(=O)CO
D07861_protomer_2,CCOC(=O)C1(c2ccccc2)CCN(CCC(C#N)(c2ccccc2)c2ccccc2)CC1
D07861_protomer_1,CCOC(=O)C1(c2ccccc2)CC[NH+](CCC(C#N)(c2ccccc2)c2ccccc2)CC1
D02148_protomer_2,CN1CCC2=C(C1)C(c1ccccc1)c1ccccc12
D02148_protomer_1,C[NH+]1CCC2=C(C1)C(c1ccccc1)c1ccccc12
D11723_protomer_1,CCOC(=O)C1=C(COCC[NH3+])[NH2+]C(C)=C(C(=O)OC)C1c1ccccc1Cl
D11723_protomer_2,CCOC(=O)C1=C(COCCN)NC(C)=C(C(=O)OC)C1c1ccccc1Cl
D02408_protomer_2,CC(CN(C)C)CN1c2ccccc2CCc2ccccc21
D02408_protomer_1,CC(CN1c2ccccc2CCc2ccccc21)C[NH+](C)C
D00927_protomer_1,CCOC(=O)OC(C)OC(=O)C1N2C(=O)C(NC(=O)C([NH3+])c3ccccc3)C2SC1(C)C
D00927_protomer_2,CCOC(=O)OC(C)OC(=O)C1N2C(=O)C(NC(=O)C(N)c3ccccc3)C2SC1(C)C
D02271_protomer_3,CN1CCC23c4c5ccc(O)c4OC2C(O)C=CC3C1C5
D02271_protomer_1,C[NH+]1CCC23c4c5ccc([O-])c4OC2C(O)C=CC3C1C5
D02271_protomer_2,C[NH+]1CCC23c4c5ccc(O)c4OC2C(O)C=CC3C1C5
C14491_protomer_1,CC1(O)CCC2C3CCC4=CC(=O)CCC4C3CCC21C
D00305_protomer_1,CCCCC(CC)COC(=O)CC(C(=O)OCC(CC)CCCC)S(=O)(=O)[O-]
D00357_protomer_1,CCCCc1nc(Cl)c(CO)n1Cc1ccc(-c2ccccc2-c2nnn[nH]2)cc1
D00357_protomer_2,CCCCc1nc(Cl)c(CO)n1Cc1ccc(-c2ccccc2-c2nnn[n-]2)cc1
D02073_protomer_1,CCCCC(C)(C)C(O)C=CC1C(O)CC(=O)C1CCCCC=CC(=O)OC
D11658_protomer_1,CC([NH2+]c1ncnc2nc[n-]c12)c1cc2cccc(Cl)c2c(=O)n1-c1ccccc1
D11658_protomer_3,CC(Nc1ncnc2nc[nH]c12)c1cc2cccc(Cl)c2c(=O)n1-c1ccccc1
D00223_protomer_2,CCCC1CC(C(=O)NC(C(C)O)C2OC(SC)C(O)C(O)C2O)N(C)C1
D00223_protomer_1,CCCC1CC(C(=O)NC(C(C)O)C2OC(SC)C(O)C(O)C2O)[NH+](C)C1
D07785_protomer_1,CC1(C)C(C=C(Br)Br)C1C(=O)OC(C#N)c1cccc(Oc2ccccc2)c1
D07832_protomer_1,COc1ccc2c3c1OC1C(O)CCC4C(C2)[NH+](C)CCC341
D07832_protomer_2,COc1ccc2c3c1OC1C(O)CCC4C(C2)N(C)CCC341
D07917_protomer_1,COc1ccc2nc(S(=O)Cc3ncc(C)c(OC)c3C)[nH]c2c1
D07917_protomer_2,COc1ccc2nc(S(=O)Cc3ncc(C)c(OC)c3C)[n-]c2c1
D00582_protomer_2,O=C(O)C1O[Sb](=O)(O[Sb]2(=O)OC(C(=O)O)C(O)C(C(O)CO)O2)OC(C(O)CO)C1O
D00390_protomer_2,CN(C)CCCN1c2ccccc2Sc2ccc(C(F)(F)F)cc21
C07861_protomer_1,CC[N+](CC)(CC)CCC(O)(c1ccccc1)C1CCCCC1
C07506_protomer_1,CC(C)[N+](C)(CCOC(=O)C1c2ccccc2Oc2ccccc21)C(C)C
D07221_protomer_1,CCCOc1ccc2c(c1)CCC1C2CCC2(C)C(OC)CCC12
D07079_protomer_1,C[NH+](C)C(C)(C)COC(=O)C(O)(c1ccccc1)c1ccccc1
D07079_protomer_2,CN(C)C(C)(C)COC(=O)C(O)(c1ccccc1)c1ccccc1
D07125_protomer_1,CC(CN1c2ccccc2Sc2ccccc21)C[NH+](C)C
D07125_protomer_2,CC(CN(C)C)CN1c2ccccc2Sc2ccccc21
D11421_protomer_2,CC(O)C1C(=O)N2C(C(=O)OCOC(=O)C(C)(C)C)=C(SC3CN(C4=NCCS4)C3)C(C)C12
D11421_protomer_1,CC(O)C1C(=O)N2C(C(=O)OCOC(=O)C(C)(C)C)=C(SC3CN(C4=[NH+]CCS4)C3)C(C)C12
D02524_protomer_2,CCC1OC(=O)C(C)C(OC2CC(C)(OC)C(O)C(C)O2)C(C)C(OC2OC(C)CC(N(C)C)C2O)C(C)(O)CC(C)C(=O)C(C)C(O)C1(C)O
D02524_protomer_1,CCC1OC(=O)C(C)C(OC2CC(C)(OC)C(O)C(C)O2)C(C)C(OC2OC(C)CC([NH+](C)C)C2O)C(C)(O)CC(C)C(=O)C(C)C(O)C1(C)O
D02471_protomer_2,CON=C1CN(c2nc3c(cc2F)c(=O)c(C(=O)O)cn3C2CC2)CC1CN
D02471_protomer_1,CON=C1CN(c2nc3c(cc2F)c(=O)c(C(=O)[O-])cn3C2CC2)CC1C[NH3+]
D00679_protomer_1,C[NH+]1CC(C(=O)NC2(C)OC3(O)C4CCCN4C(=O)C(Cc4ccccc4)N3C2=O)C=C2c3cccc4[nH]cc(c34)CC21
D00679_protomer_2,CN1CC(C(=O)NC2(C)OC3(O)C4CCCN4C(=O)C(Cc4ccccc4)N3C2=O)C=C2c3cccc4[nH]cc(c34)CC21
D01021_protomer_2,c1ccc2c(CC3=NCCN3)cccc2c1
D01021_protomer_1,c1ccc2c(CC3=[NH+]CCN3)cccc2c1
D02210_protomer_1,O=C1OC(c2ccc([O-])c(S(=O)(=O)[O-])c2)(c2ccc([O-])c(S(=O)(=O)[O-])c2)c2c(Br)c(Br)c(Br)c(Br)c21
D02210_protomer_3,O=C1OC(c2ccc(O)c(S(=O)(=O)[O-])c2)(c2ccc(O)c(S(=O)(=O)[O-])c2)c2c(Br)c(Br)c(Br)c(Br)c21
D02210_protomer_2,O=C1OC(c2ccc([O-])c(S(=O)(=O)[O-])c2)(c2ccc(O)c(S(=O)(=O)[O-])c2)c2c(Br)c(Br)c(Br)c(Br)c21
D08363_protomer_1,CCCCc1c(O)n(-c2ccccc2)n(-c2ccccc2)c1=O
D08363_protomer_2,CCCCc1c([O-])n(-c2ccccc2)n(-c2ccccc2)c1=O
D00211_protomer_1,COC1C=COC2(C)Oc3c(C)c(O)c4c([O-])c(c(C=N[NH+]5CC[NH+](C)CC5)c([O-])c4c3C2=O)NC(=O)C(C)=CC=CC(C)C(O)C(C)C(O)C(C)C(OC(C)=O)C1C
D00211_protomer_3,COC1C=COC2(C)Oc3c(C)c(O)c4c(O)c(c(C=NN5CCN(C)CC5)c(O)c4c3C2=O)NC(=O)C(C)=CC=CC(C)C(O)C(C)C(O)C(C)C(OC(C)=O)C1C
D00211_protomer_2,COC1C=COC2(C)Oc3c(C)c([O-])c4c([O-])c(c(C=N[NH+]5CC[NH+](C)CC5)c([O-])c4c3C2=O)NC(=O)C(C)=CC=CC(C)C(O)C(C)C(O)C(C)C(OC(C)=O)C1C
D07944_protomer_2,CC(Cc1ccccc1)NCCn1cnc2c1c(=O)n(C)c(=O)n2C
D07944_protomer_1,CC(Cc1ccccc1)[NH2+]CCn1cnc2c1c(=O)n(C)c(=O)n2C
D03798_protomer_1,O=c1oc2ccccc2c([O-])c1Cc1c([O-])c2ccccc2oc1=O
D03798_protomer_3,O=c1oc2ccccc2c(O)c1Cc1c(O)c2ccccc2oc1=O
D03798_protomer_2,O=c1oc2ccccc2c([O-])c1Cc1c(O)c2ccccc2oc1=O
D08199_protomer_3,O=C(O)c1cc(S(=O)(=O)O)ccc1O
D08199_protomer_2,O=C([O-])c1cc(S(=O)(=O)[O-])ccc1O
D00209_protomer_1,COC1=CC(=O)CC(C)C12Oc1c(Cl)c(OC)cc(OC)c1C2=O
D08025_protomer_1,[NH3+]C(CCC(=O)NC(CS)C(=O)NCC(=O)[O-])C(=O)[O-]
D08025_protomer_2,NC(CCC(=O)NC(CS)C(=O)NCC(=O)O)C(=O)O
D08048_protomer_2,CCC1CN2CCC1CC2C(O)c1ccnc2ccc(OC)cc12
D08048_protomer_1,CCC1C[NH+]2CCC1CC2C(O)c1ccnc2ccc(OC)cc12
D02228_protomer_1,COC1(NC(=O)C2SC(=C(C(N)=O)C(=O)[O-])S2)C(=O)N2C(C(=O)[O-])=C(CSc3nnnn3C)CSC21
D05312_protomer_1,COc1ccc2c3c1OC1C(=O)CCC4(O)C(C2)[NH+](C)CCC314
D05312_protomer_2,COc1ccc2c3c1OC1C(=O)CCC4(O)C(C2)N(C)CCC314
D07781_protomer_1,CCOC(=O)C(CCc1ccccc1)[NH2+]C(C)C(=O)N(CC(=O)[O-])C1Cc2ccccc2C1
D07781_protomer_2,CCOC(=O)C(CCc1ccccc1)NC(C)C(=O)N(CC(=O)O)C1Cc2ccccc2C1
D11788_protomer_1,COC(=O)CCC1N=C(c2ccccn2)c2cc(Br)ccc2-n2c(C)cnc21
D02340_protomer_2,CN1CCN(C2=Nc3ccccc3Oc3ccc(Cl)cc32)CC1
D02340_protomer_1,C[NH+]1CCN(C2=[NH+]c3ccccc3Oc3ccc(Cl)cc32)CC1
D07199_protomer_2,CN(C)CCOCC(=O)NC12CC3CC(CC(C3)C1)C2
D07199_protomer_1,C[NH+](C)CCOCC(=O)NC12CC3CC(CC(C3)C1)C2
D00612_protomer_1,O=C1N(Cc2ccccc2)C2C[S+]3CCCC3C2N1Cc1ccccc1
D07310_protomer_1,CC[NH+]1CCCC1CNC(=O)c1cc(S(=O)(=O)CC)c(N)cc1OC
D07310_protomer_2,CCN1CCCC1CNC(=O)c1cc(S(=O)(=O)CC)c(N)cc1OC
D02725_protomer_1,CS(=O)(=O)[N-]C(=O)CCCC=CCC1C(=O)CC(O)C1C=CC(O)COc1ccccc1
D02725_protomer_2,CS(=O)(=O)NC(=O)CCCC=CCC1C(=O)CC(O)C1C=CC(O)COc1ccccc1
D08217_protomer_2,COCC(=O)OC1(CC[NH+](C)CCCc2nc3ccccc3[nH]2)CCc2cc(F)ccc2C1C(C)C
D08217_protomer_1,COCC(=O)OC1(CC[NH+](C)CCCc2nc3ccccc3[n-]2)CCc2cc(F)ccc2C1C(C)C
D08217_protomer_3,COCC(=O)OC1(CCN(C)CCCc2nc3ccccc3[nH]2)CCc2cc(F)ccc2C1C(C)C
D00205_protomer_1,C[NH+](C)C1C(=O)C(C(N)=O)=C([O-])C2(O)C(=O)C3=C([O-])c4c(O)cccc4C(C)(O)C3C(O)C12
D00205_protomer_2,C[NH+](C)C1C(=O)C(C(N)=O)=C([O-])C2(O)C(=O)C3=C([O-])c4c([O-])cccc4C(C)(O)C3C(O)C12
D00205_protomer_3,CN(C)C1C(=O)C(C(N)=O)=C(O)C2(O)C(=O)C3=C(O)c4c(O)cccc4C(C)(O)C3C(O)C12
D00695_protomer_2,CCN(CC)CCN1C(=O)CN=C(c2ccccc2F)c2cc(Cl)ccc21
D00695_protomer_1,CC[NH+](CC)CCN1C(=O)CN=C(c2ccccc2F)c2cc(Cl)ccc21
D00597_protomer_1,CCCC(=O)Nc1ccc(OCC(O)C[NH2+]C(C)C)c(C(C)=O)c1
D00597_protomer_2,CCCC(=O)Nc1ccc(OCC(O)CNC(C)C)c(C(C)=O)c1
D01004_protomer_2,CN1C2CCC1CC(OC(=O)C(O)c1ccccc1)C2
D01004_protomer_1,C[NH+]1C2CCC1CC(OC(=O)C(O)c1ccccc1)C2
D07981_protomer_1,CC1CC2C3CC(F)C4=CC(=O)C=CC4(C)C3(F)C(O)CC2(C)C1(O)C(=O)SCF
D02178_protomer_1,Cc1c(F)c(N2CC[NH2+]C(C)C2)cc2c1c(=O)c(C(=O)[O-])cn2C1CC1
D02178_protomer_2,Cc1c(F)c(N2CCNC(C)C2)cc2c1c(=O)c(C(=O)O)cn2C1CC1
D07501_protomer_1,Cn1c(CCCC(=O)[O-])nc2cc(N(CCCl)CCCl)ccc21
D07501_protomer_2,Cn1c(CCCC(=O)O)nc2cc(N(CCCl)CCCl)ccc21
D07337_protomer_1,O=C(CCN[N-]C(=O)c1ccncc1)NCc1ccccc1
D07337_protomer_2,O=C(CCNNC(=O)c1ccncc1)NCc1ccccc1
D08629_protomer_1,COc1cc(CC2[NH2+]CCc3cc([O-])c([O-])cc32)cc(OC)c1OC
D08629_protomer_2,COc1cc(CC2[NH2+]CCc3cc(O)c([O-])cc32)cc(OC)c1OC
D08629_protomer_3,COc1cc(CC2NCCc3cc(O)c(O)cc32)cc(OC)c1OC
D01123_protomer_1,CC1=C(C)C(=O)C(C(CCCCCC(=O)[O-])c2ccccc2)=C(C)C1=O
D01123_protomer_2,CC1=C(C)C(=O)C(C(CCCCCC(=O)O)c2ccccc2)=C(C)C1=O
D00778_protomer_1,C[NH+]1C2CCC1CC(OC(c1ccccc1)c1ccccc1)C2
D00778_protomer_2,CN1C2CCC1CC(OC(c1ccccc1)c1ccccc1)C2
D00292_protomer_1,CC1CC2C3CCC4=CC(=O)C=CC4(C)C3(F)C(O)CC2(C)C1(O)C(=O)CO
D01049_protomer_2,CS(=O)(=O)[N-]c1ccc([N+](=O)[O-])cc1Oc1ccccc1
D01049_protomer_1,CS(=O)(=O)Nc1ccc([N+](=O)[O-])cc1Oc1ccccc1
D00969_protomer_1,Cc1cnc(NC(=O)C2=C(O)c3ccccc3S(=O)(=O)[NH+]2C)s1
D00969_protomer_2,Cc1cnc(NC(=O)C2=C(O)c3ccccc3S(=O)(=O)N2C)s1
D00850_protomer_1,CN(C)c1ccc([O-])c2c1CC1CC3C([NH+](C)C)C(=O)C(C(N)=O)=C([O-])C3(O)C(=O)C1=C2[O-]
D00850_protomer_3,CN(C)c1ccc(O)c2c1CC1CC3C(N(C)C)C(=O)C(C(N)=O)=C(O)C3(O)C(=O)C1=C2O
D00850_protomer_2,CN(C)c1ccc(O)c2c1CC1CC3C([NH+](C)C)C(=O)C(C(N)=O)=C([O-])C3(O)C(=O)C1=C2[O-]
D08378_protomer_2,CCc1ccc(CCOc2ccc(CC3SC(=O)NC3=O)cc2)nc1
D08378_protomer_1,CCc1ccc(CCOc2ccc(CC3SC(=O)[N-]C3=O)cc2)nc1
D02222_protomer_1,CC(O)C1C(=O)N2C(C(=O)[O-])=C(SC3C[NH2+]C(C(=O)N(C)C)C3)C(C)C12
D02222_protomer_2,CC(O)C1C(=O)N2C(C(=O)O)=C(SC3CNC(C(=O)N(C)C)C3)C(C)C12
C17719_protomer_1,O=[N+]([O-])OCC[NH+](CCO[N+](=O)[O-])CC[NH+](CCO[N+](=O)[O-])CCO[N+](=O)[O-]
C17719_protomer_2,O=[N+]([O-])OCCN(CCO[N+](=O)[O-])CCN(CCO[N+](=O)[O-])CCO[N+](=O)[O-]
D02575_protomer_1,CN1c2ccccc2C([NH2+]CCCCCCC(=O)[O-])c2ccc(Cl)cc2S1(=O)=O
D02575_protomer_2,CN1c2ccccc2C(NCCCCCCC(=O)O)c2ccc(Cl)cc2S1(=O)=O
D07265_protomer_2,O=C(O)Cc1cn(-c2ccccc2)nc1-c1ccc(Cl)cc1
D07265_protomer_1,O=C([O-])Cc1cn(-c2ccccc2)nc1-c1ccc(Cl)cc1
D02282_protomer_1,C[NH+](C)C1C(=O)C(C(=O)NC[NH+]2CCCC2)=C([O-])C2(O)C(=O)C3=C([O-])c4c(O)cccc4C(C)(O)C3CC12
D02282_protomer_2,C[NH+](C)C1C(=O)C(C(=O)NC[NH+]2CCCC2)=C([O-])C2(O)C(=O)C3=C([O-])c4c([O-])cccc4C(C)(O)C3CC12
D02282_protomer_3,CN(C)C1C(=O)C(C(=O)NCN2CCCC2)=C(O)C2(O)C(=O)C3=C(O)c4c(O)cccc4C(C)(O)C3CC12
D04572_protomer_2,O=C(O)Cn1cc(I)c(=O)c(I)c1
D00306_protomer_2,CCCCCc1cc([O-])c2c(c1)OC(C)(C)C1CCC(C)=CC21
D00306_protomer_1,CCCCCc1cc(O)c2c(c1)OC(C)(C)C1CCC(C)=CC21
D00600_protomer_2,CC(CCc1ccccc1)[NH2+]CC(O)c1ccc([O-])c(C(N)=O)c1
D00600_protomer_1,CC(CCc1ccccc1)[NH2+]CC(O)c1ccc(O)c(C(N)=O)c1
D00600_protomer_3,CC(CCc1ccccc1)NCC(O)c1ccc(O)c(C(N)=O)c1
D08047_protomer_3,CN1CCC23c4c5ccc(O)c4OC2C(=O)CCC3C1C5
D08047_protomer_2,C[NH+]1CCC23c4c5ccc([O-])c4OC2C(=O)CCC3C1C5
D08047_protomer_1,C[NH+]1CCC23c4c5ccc(O)c4OC2C(=O)CCC3C1C5
D00460_protomer_2,CC(C)NCC1CCc2cc(CO)c([N+](=O)[O-])cc2N1
D00460_protomer_1,CC(C)[NH2+]CC1CCc2cc(CO)c([N+](=O)[O-])cc2[NH2+]1
D07311_protomer_2,C=CC[NH+]1CCCC1CNC(=O)c1cc(S([NH-])(=O)=O)cc(OC)c1OC
D07311_protomer_3,C=CCN1CCCC1CNC(=O)c1cc(S(N)(=O)=O)cc(OC)c1OC
D07311_protomer_1,C=CC[NH+]1CCCC1CNC(=O)c1cc(S(N)(=O)=O)cc(OC)c1OC
D00147_protomer_1,C[NH+]1C2CCC1CC(OC(=O)C(CO)c1ccccc1)C2
D00147_protomer_2,CN1C2CCC1CC(OC(=O)C(CO)c1ccccc1)C2
C09421_protomer_2,CCC1CN2CCc3cc(OC)c(OC)cc3C2CC1CC1NCCc2cc(OC)c(OC)cc21
C09421_protomer_1,CCC1C[NH+]2CCc3cc(OC)c(OC)cc3C2CC1CC1[NH2+]CCc2cc(OC)c(OC)cc21
D02352_protomer_1,[NH3+]C(C(=O)NC1C(=O)N2C(C(=O)[O-])=C(Cl)CSC12)c1ccccc1
D02352_protomer_2,NC(C(=O)NC1C(=O)N2C(C(=O)O)=C(Cl)CSC12)c1ccccc1
D07499_protomer_1,CCOC(=O)C(CCc1ccccc1)[NH2+]C1CCc2ccccc2N(CC(=O)[O-])C1=O
D07499_protomer_2,CCOC(=O)C(CCc1ccccc1)NC1CCc2ccccc2N(CC(=O)O)C1=O
D08105_protomer_2,CN1CCC(=C2c3ccccc3CC(=O)c3sccc32)CC1
D08105_protomer_1,C[NH+]1CCC(=C2c3ccccc3CC(=O)c3sccc32)CC1
D03426_protomer_2,O=C(O)C1=C(CSc2nnnn2CS(=O)(=O)[O-])CSC2C(NC(=O)C(O)c3ccccc3)C(=O)N12
D03426_protomer_1,O=C([O-])C1=C(CSc2nnnn2CS(=O)(=O)[O-])CSC2C(NC(=O)C(O)c3ccccc3)C(=O)N12
D01130_protomer_1,CCSc1ccc2c(c1)N(CCC[NH+]1CC[NH+](C)CC1)c1ccccc1S2
D01130_protomer_2,CCSc1ccc2c(c1)N(CCCN1CCN(C)CC1)c1ccccc1S2
D08142_protomer_1,O=C([O-])Cc1cn(-c2ccccc2)nc1-c1ccc(Cl)cc1
D01056_protomer_2,CCc1oc2ccccc2c1C(=O)c1cc(Br)c(O)c(Br)c1
D01056_protomer_1,CCc1oc2ccccc2c1C(=O)c1cc(Br)c([O-])c(Br)c1
D02184_protomer_2,CCC1OC(=O)C(C)C(OC2CC(C)(OC)C(O)C(C)O2)C(C)C(OC2OC(C)CC(N(C)C)C2O)C(C)(O)CC(C)C(=O)C(C)C(O)C1(C)O
D02184_protomer_1,CCC1OC(=O)C(C)C(OC2CC(C)(OC)C(O)C(C)O2)C(C)C(OC2OC(C)CC([NH+](C)C)C2O)C(C)(O)CC(C)C(=O)C(C)C(O)C1(C)O
D05480_protomer_1,CCC1C=C(C)CC(C)CC(OC)C2OC(O)(C(=O)C(=O)N3CCCCC3C(=O)OC(C(C)=CC3CCC(Cl)C(OC)C3)C(C)C(O)CC1=O)C(C)CC2OC
D00885_protomer_1,Clc1ccc(CON=C(Cn2ccnc2)c2ccc(Cl)cc2Cl)c(Cl)c1
D00724_protomer_2,COCCCOc1ccnc(CS(=O)c2nc3ccccc3[nH]2)c1C
D00724_protomer_1,COCCCOc1ccnc(CS(=O)c2nc3ccccc3[n-]2)c1C
D08364_protomer_1,CCCC[c-]1c(=O)n(-c2ccccc2)n(-c2ccccc2)c1=O
D00634_protomer_2,CC(C)NCC(O)COc1ccc(COCCOC(C)C)cc1
D00634_protomer_1,CC(C)[NH2+]CC(O)COc1ccc(COCCOC(C)C)cc1
D08246_protomer_2,Oc1ccc2c3c1OC1C(O)CCC4(O)C(C2)[NH+](CC2CCC2)CCC314
D08246_protomer_1,[O-]c1ccc2c3c1OC1C(O)CCC4(O)C(C2)[NH+](CC2CCC2)CCC314
D08246_protomer_3,Oc1ccc2c3c1OC1C(O)CCC4(O)C(C2)N(CC2CCC2)CCC314
D07908_protomer_2,CC(O)C1C(=O)N2C(C(=O)O)=C(SC3CNC(C(=O)Nc4cccc(C(=O)O)c4)C3)C(C)C12
D07908_protomer_1,CC(O)C1C(=O)N2C(C(=O)[O-])=C(SC3C[NH2+]C(C(=O)Nc4cccc(C(=O)[O-])c4)C3)C(C)C12
D00391_protomer_2,O=c1[nH]c(=O)n(C2CC(O)C(CO)O2)cc1C(F)(F)F
D00391_protomer_1,O=c1[n-]c(=O)n(C2CC(O)C(CO)O2)cc1C(F)(F)F
D00540_protomer_1,C[N+]1(C)CCC(OC(=O)C(O)(c2ccccc2)C2CCCC2)C1
D02712_protomer_1,CC[N+](C)(CC)CCSC1=Nc2ccccc2N=C(c2ccc(Sc3ccccc3)cc2)C1
D08233_protomer_1,C[NH+]1CCC23c4c5ccc([O-])c4OC2C(O)C=CC3C1C5
D08233_protomer_3,CN1CCC23c4c5ccc(O)c4OC2C(O)C=CC3C1C5
D08233_protomer_2,C[NH+]1CCC23c4c5ccc(O)c4OC2C(O)C=CC3C1C5
C07811_protomer_2,C[N+]1(C)CCN(CC(O)(c2ccccc2)C2CCCCC2)CC1
D00280_protomer_1,O=C1CN=C(c2ccccc2Cl)c2cc([N+](=O)[O-])ccc2N1
D08160_protomer_2,CCN(CCCCOC(=O)c1ccc(OC)c(OC)c1)C(C)Cc1ccc(OC)cc1
D08160_protomer_1,CC[NH+](CCCCOC(=O)c1ccc(OC)c(OC)c1)C(C)Cc1ccc(OC)cc1
D01127_protomer_2,Nc1ccc(S(=O)(=O)[N-]C([NH3+])=S)cc1
D01127_protomer_1,Nc1ccc(S(=O)(=O)NC([NH3+])=S)cc1
D01127_protomer_3,NC(=S)NS(=O)(=O)c1ccc(N)cc1
D02163_protomer_2,OCCN1CCN(CCCN2c3ccccc3Sc3ccc(C(F)(F)F)cc32)CC1
D08057_protomer_1,C[NH2+]CCc1ccc(OC(=O)C(C)C)c(OC(=O)C(C)C)c1
D08057_protomer_2,CNCCc1ccc(OC(=O)C(C)C)c(OC(=O)C(C)C)c1
D00225_protomer_1,Cc1nnc2n1-c1ccc(Cl)cc1C(c1ccccc1)=NC2
D01009_protomer_1,C=C1C(=CC=C2CCCC3(C)C2CCC3C(C)C=CC(C)C(C)C)CC(O)CC1O
C12768_protomer_1,COC1CC(=C(c2cccs2)c2cccs2)C[N+](C)(C)C1
D03450_protomer_1,O=C(OCC[NH+]1CCCCCC1)C(c1ccsc1)C1CCCCC1
D03450_protomer_2,O=C(OCCN1CCCCCC1)C(c1ccsc1)C1CCCCC1
D07132_protomer_3,COC12CCC3(CC1C(C)(O)C(C)(C)C)C1Cc4ccc(O)c5c4C3(CCN1CC1CC1)C2O5
D07132_protomer_1,COC12CCC3(CC1C(C)(O)C(C)(C)C)C1Cc4ccc([O-])c5c4C3(CC[NH+]1CC1CC1)C2O5
D07132_protomer_2,COC12CCC3(CC1C(C)(O)C(C)(C)C)C1Cc4ccc(O)c5c4C3(CC[NH+]1CC1CC1)C2O5
D08448_protomer_2,CCCOc1ccc(C(=O)OCCN(CC)CC)cc1N
D08448_protomer_1,CCCOc1ccc(C(=O)OCC[NH+](CC)CC)cc1N
D02174_protomer_1,CC(=O)OCC(=O)C1(O)C(C)CC2C3CCC4=CC(=O)C=CC4(C)C3(F)C(O)CC21C
D08236_protomer_1,CCOc1cc(N)c(Cl)cc1C(=O)NCC1C[NH+](Cc2ccc(F)cc2)CCO1
D08236_protomer_2,CCOc1cc(N)c(Cl)cc1C(=O)NCC1CN(Cc2ccc(F)cc2)CCO1
D08319_protomer_2,CCCCOc1cc(C(=O)OCCN(CC)CC)ccc1N
D08319_protomer_1,CCCCOc1cc(C(=O)OCC[NH+](CC)CC)ccc1N
D00463_protomer_2,O=C(O)CCc1nc(-c2ccccc2)c(-c2ccccc2)o1
D00463_protomer_1,O=C([O-])CCc1nc(-c2ccccc2)c(-c2ccccc2)o1
D07689_protomer_1,C[NH+](C)C1C(=O)C(C(N)=O)=C([O-])C2(O)C(=O)C3=C([O-])c4c([O-])ccc(Cl)c4C(C)(O)C3CC12
D07689_protomer_2,C[NH+](C)C1C(=O)C(C(N)=O)=C([O-])C2(O)C(=O)C3=C([O-])c4c(O)ccc(Cl)c4C(C)(O)C3CC12
D07689_protomer_3,CN(C)C1C(=O)C(C(N)=O)=C(O)C2(O)C(=O)C3=C(O)c4c(O)ccc(Cl)c4C(C)(O)C3CC12
D08667_protomer_1,CCCC(CCC)C(=O)[O-]
D07151_protomer_2,CC(NCCn1cnc2c1c(=O)n(C)c(=O)n2C)C(O)c1ccccc1
D07151_protomer_1,CC([NH2+]CCn1cnc2c1c(=O)n(C)c(=O)n2C)C(O)c1ccccc1
D07757_protomer_2,CCC1(C2=CCCCC2)C(=O)NC(=O)NC1=O
D07757_protomer_1,CCC1(C2=CCCCC2)C(=O)[N-]C(=O)[N-]C1=O
D08307_protomer_2,Cc1onc(-c2ccccc2)c1C(=O)NC1C(=O)N2C1SC(C)(C)C2C(=O)O
D08307_protomer_1,Cc1onc(-c2ccccc2)c1C(=O)NC1C(=O)N2C1SC(C)(C)C2C(=O)[O-]
D00480_protomer_2,CC(CN1c2ccccc2Sc2ccccc21)N(C)C
D00480_protomer_1,CC(CN1c2ccccc2Sc2ccccc21)[NH+](C)C
D00453_protomer_2,CC1COc2c(N3CCN(C)CC3)c(F)cc3c(=O)c(C(=O)O)cn1c23
D00453_protomer_1,CC1COc2c(N3CC[NH+](C)CC3)c(F)cc3c(=O)c(C(=O)[O-])cn1c23
D00502_protomer_1,CCC[NH+]1CC(CSC)CC2c3cccc4[nH]cc(c34)CC21
D00502_protomer_2,CCCN1CC(CSC)CC2c3cccc4[nH]cc(c34)CC21
D08768_protomer_2,CC(CN1c2ccccc2Sc2ccccc21)N(C)C
D08768_protomer_1,CC(CN1c2ccccc2Sc2ccccc21)[NH+](C)C
D00298_protomer_1,CC1OC(OC2C(O)CC(OC3C(O)CC(OC4CCC5(C)C(CCC6C5CC(O)C5(C)C(C7=CC(=O)OC7)CCC65O)C4)OC3C)OC2C)CC(O)C1O
D05744_protomer_1,O=C(Nc1c(Cl)cncc1Cl)c1ccc(OC(F)F)c(OCC2CC2)c1
D02246_protomer_2,OC(CCN1CCCCC1)(c1ccccc1)C1CC2C=CC1C2
D02246_protomer_1,OC(CC[NH+]1CCCCC1)(c1ccccc1)C1CC2C=CC1C2
D00529_protomer_1,CC(C)(O)c1ccccc1CCC(SCC1(CC(=O)[O-])CC1)c1cccc(C=Cc2ccc3ccc(Cl)cc3n2)c1
D07647_protomer_1,CON=C(C(=O)NC1C(=O)N2C(C(=O)[O-])=C(COC(C)=O)CSC12)c1csc(N)n1
D07647_protomer_2,CON=C(C(=O)NC1C(=O)N2C(C(=O)O)=C(COC(C)=O)CSC12)c1csc(N)n1
D02217_protomer_2,O=C(c1ccc(OCC[NH+]2CCCCC2)cc1)c1c(-c2ccc(O)cc2)sc2cc([O-])ccc12
D02217_protomer_4,O=C(c1ccc(OCC[NH+]2CCCCC2)cc1)c1c(-c2ccc(O)cc2)sc2cc(O)ccc12
D02217_protomer_1,O=C(c1ccc(OCC[NH+]2CCCCC2)cc1)c1c(-c2ccc([O-])cc2)sc2cc([O-])ccc12
D02217_protomer_3,O=C(c1ccc(OCCN2CCCCC2)cc1)c1c(-c2ccc(O)cc2)sc2cc(O)ccc12
D00848_protomer_1,COc1ccc2c(c1)C13CCCCC1C(C2)[NH+](C)CC3
D00848_protomer_2,COc1ccc2c(c1)C13CCCCC1C(C2)N(C)CC3
D00664_protomer_2,O=C(O)COCCN1CCN(C(c2ccccc2)c2ccc(Cl)cc2)CC1
D02709_protomer_2,Cc1onc(-c2ccccc2)c1-c1ccc(S([NH-])(=O)=O)cc1
D02709_protomer_1,Cc1onc(-c2ccccc2)c1-c1ccc(S(N)(=O)=O)cc1
D08554_protomer_1,C=C1C(=CC=C2CCCC3(C)C2CCC3C(C)CCC(O)C(C)C)CC(O)CC1O
D05343_protomer_1,O=C1c2cccc3c2C(CCC3)CN1C1C[NH+]2CCC1CC2
D05343_protomer_2,O=C1c2cccc3c2C(CCC3)CN1C1CN2CCC1CC2
D03904_protomer_2,CC1c2cccc(O)c2C([O-])=C2C(=O)C3(O)C([O-])=C(C(N)=O)C(=O)C([NH+](C)C)C3C(O)C21
D03904_protomer_3,CC1c2cccc(O)c2C(O)=C2C(=O)C3(O)C(O)=C(C(N)=O)C(=O)C(N(C)C)C3C(O)C21
D03904_protomer_1,CC1c2cccc([O-])c2C([O-])=C2C(=O)C3(O)C([O-])=C(C(N)=O)C(=O)C([NH+](C)C)C3C(O)C21
D08385_protomer_2,CN(C)S(=O)(=O)c1ccc2c(c1)N(CCCN1CCC(CCO)CC1)c1ccccc1S2
D08654_protomer_2,NC1C2CN(c3nc4c(cc3F)c(=O)c(C(=O)O)cn4-c3ccc(F)cc3F)CC12
D08654_protomer_1,[NH3+]C1C2CN(c3nc4c(cc3F)c(=O)c(C(=O)[O-])cn4-c3ccc(F)cc3F)CC12
D07448_protomer_2,CN(C)CCC=C1c2ccccc2CCc2ccccc21
D07448_protomer_1,C[NH+](C)CCC=C1c2ccccc2CCc2ccccc21
D08012_protomer_2,CON=C1CN(c2nc3c(cc2F)c(=O)c(C(=O)O)cn3C2CC2)CC1CN
D08012_protomer_1,CON=C1CN(c2nc3c(cc2F)c(=O)c(C(=O)[O-])cn3C2CC2)CC1C[NH3+]
D02642_protomer_1,CCCC(=O)c1ccc2c(c1)N(CCC[NH+]1CC[NH+](C)CC1)c1ccccc1S2
D02642_protomer_2,CCCC(=O)c1ccc2c(c1)N(CCCN1CCN(C)CC1)c1ccccc1S2
D08431_protomer_1,CCC(=O)C1(C)CCC2C3CCC4=CC(=O)CCC4=C3CCC21C
D03281_protomer_2,Cc1ncc(COP(=O)([O-])[O-])c(C=O)c1[O-]
D01015_protomer_1,CN(C)C=[NH+]c1c(I)cc(I)c(CCC(=O)[O-])c1I
D01015_protomer_2,CN(C)C=Nc1c(I)cc(I)c(CCC(=O)[O-])c1I
D07438_protomer_1,O=S(=O)([O-])c1cc(I)c([O-])c2ncccc12
D07438_protomer_3,O=S(=O)(O)c1cc(I)c(O)c2ncccc12
D07438_protomer_2,O=S(=O)([O-])c1cc(I)c(O)c2ncccc12
D00893_protomer_1,CCC(C)C(=O)OC1CC(O)C=C2C=CC(C)C(CCC(O)CC(O)CC(=O)[O-])C21
D02089_protomer_2,CC(C)(C)c1ccc(CN2CCN(C(c3ccccc3)c3ccc(Cl)cc3)CC2)cc1
D07552_protomer_2,CCCCN1CCCCC1C(=O)Nc1c(C)cccc1C
D07552_protomer_1,CCCC[NH+]1CCCCC1C(=O)Nc1c(C)cccc1C
D02293_protomer_1,O=C1OC(C(O)CO)C([O-])=C1O
D02293_protomer_2,O=C1OC(C(O)CO)C(O)=C1[O-]
D00601_protomer_1,COCCc1ccc(OCC(O)C[NH2+]C(C)C)cc1
D00601_protomer_2,COCCc1ccc(OCC(O)CNC(C)C)cc1
D08183_protomer_2,COc1ccc(CN(CCN(C)C)c2ccccn2)cc1
D08183_protomer_1,COc1ccc(CN(CC[NH+](C)C)c2ccccn2)cc1
D02110_protomer_1,COc1ccc2c(c1)c(CC(=O)[O-])c(C)n2C(=O)c1ccc(Cl)cc1
D02287_protomer_1,CC1CC2C3CC(F)C4=CC(=O)C=CC4(C)C3(Cl)C(O)CC2(C)C1C(=O)COC(=O)C(C)(C)C
D07271_protomer_3,O=C(O)c1c(O)c(-c2ccccc2)nc2ccccc12
D07271_protomer_2,O=C([O-])c1c(O)c(-c2ccccc2)nc2ccccc12
D07271_protomer_1,O=C([O-])c1c([O-])c(-c2ccccc2)nc2ccccc12
D03303_protomer_1,O=P([O-])([O-])[O-]
D05223_protomer_1,CCCCCCCCN=c1ccn(CCCCCCCCCCn2ccc(=NCCCCCCCC)cc2)cc1
D07549_protomer_1,CCCCC(C(=O)[O-])C(=O)N(Nc1ccccc1)c1ccccc1
D11779_protomer_1,Nc1nc2c(c(=O)[nH]1)[NH2+]C1C([NH2+]2)OC2COP(=O)([O-])OC2C1(O)O
D11779_protomer_3,Nc1nc2c(c(=O)[nH]1)NC1C(N2)OC2COP(=O)(O)OC2C1(O)O
D11779_protomer_2,Nc1nc2c(c(=O)[n-]1)[NH2+]C1C([NH2+]2)OC2COP(=O)([O-])OC2C1(O)O
D02397_protomer_2,NC(N)=NCCCC(N)C(=O)O
D02397_protomer_1,NC(N)=[NH+]CCCC([NH3+])C(=O)[O-]
D03914_protomer_3,CCCCc1oc2ccc(NS(C)(=O)=O)cc2c1C(=O)c1ccc(OCCCN(CCCC)CCCC)cc1
D03914_protomer_1,CCCCc1oc2ccc(NS(C)(=O)=O)cc2c1C(=O)c1ccc(OCCC[NH+](CCCC)CCCC)cc1
D03914_protomer_2,CCCCc1oc2ccc([N-]S(C)(=O)=O)cc2c1C(=O)c1ccc(OCCC[NH+](CCCC)CCCC)cc1
D00142_protomer_2,CN(Cc1cnc2nc(N)nc(N)c2n1)c1ccc(C(=O)NC(CCC(=O)O)C(=O)O)cc1
D07205_protomer_1,NC(=[NH2+])c1ccc(OCCCOc2ccc(C(N)=[NH2+])cc2)cc1
D07205_protomer_2,N=C(N)c1ccc(OCCCOc2ccc(C(=N)N)cc2)cc1
D00843_protomer_3,Oc1ccc2c3c1OC1C(O)CCC4(O)C(C2)N(CC2CCC2)CCC314
D00843_protomer_1,[O-]c1ccc2c3c1OC1C(O)CCC4(O)C(C2)[NH+](CC2CCC2)CCC314
D00843_protomer_2,Oc1ccc2c3c1OC1C(O)CCC4(O)C(C2)[NH+](CC2CCC2)CCC314
D02680_protomer_2,CCCCCCCCCCCCCCCC(=O)OCCC1CCN(CCCN2c3ccccc3Sc3ccc(S(=O)(=O)N(C)C)cc32)CC1
D02121_protomer_1,Nc1nc(C(=CCC(=O)[O-])C(=O)NC2C(=O)N3C(C(=O)[O-])=CCSC23)cs1
D02121_protomer_2,Nc1nc(C(=CCC(=O)O)C(=O)NC2C(=O)N3C(C(=O)O)=CCSC23)cs1
D05657_protomer_1,CN1CCC[NH+]=C1C=Cc1cccs1
D05657_protomer_2,CN1CCCN=C1C=Cc1cccs1
D00958_protomer_1,CCCCCCC(=O)OC1CCC2C3CCC4=CC(=O)CCC4(C)C3CCC12C
D03829_protomer_1,CCC(CC)C(NC(C)=O)C1C([NH+]=C(N)N)CC(C(=O)[O-])C1O
D03829_protomer_2,CCC(CC)C(NC(C)=O)C1C(N=C(N)N)CC(C(=O)O)C1O
D02276_protomer_2,CCCCCCCCC=CCCCCCCCC(=O)O
D02276_protomer_1,CCCCCCCCC=CCCCCCCCC(=O)[O-]
D07810_protomer_1,CC(=O)Oc1ccc2c3c1OC1C(OC(C)=O)C=CC4C(C2)[NH+](C)CCC341
D07810_protomer_2,CC(=O)Oc1ccc2c3c1OC1C(OC(C)=O)C=CC4C(C2)N(C)CCC341
D07270_protomer_2,CC(=O)Oc1cccc2c1C(=O)c1c(OC(C)=O)cc(C(=O)O)cc1C2=O
D07270_protomer_1,CC(=O)Oc1cccc2c1C(=O)c1c(OC(C)=O)cc(C(=O)[O-])cc1C2=O
D07580_protomer_1,CC(=O)Oc1ccccc1C(=O)[O-]
D02343_protomer_2,CCCCCC(C)(O)C=CC1C(O)CC(O)C1CC=CCCCC(=O)O
D02343_protomer_1,CCCCCC(C)(O)C=CC1C(O)CC(O)C1CC=CCCCC(=O)[O-]
D01077_protomer_1,C[N+]1(C)C2CCC1CC(OC(=O)C(CO)c1ccccc1)C2
D07082_protomer_1,CCCCCCOC(=O)NC(=[NH2+])c1ccc(NCc2nc3cc(C(=O)N(CCC(=O)OCC)c4ccccn4)ccc3n2C)cc1
D07082_protomer_2,CCCCCCOC(=O)NC(=N)c1ccc(NCc2nc3cc(C(=O)N(CCC(=O)OCC)c4ccccn4)ccc3n2C)cc1
D00781_protomer_1,CCN(CC)C(=O)C(C#N)=Cc1cc(O)c([O-])c([N+](=O)[O-])c1
D00781_protomer_2,CCN(CC)C(=O)C(C#N)=Cc1cc([O-])c([O-])c([N+](=O)[O-])c1
D00781_protomer_3,CCN(CC)C(=O)C(C#N)=Cc1cc(O)c(O)c([N+](=O)[O-])c1
D08386_protomer_1,COc1cccc2c1C(=O)c1c([O-])c3c(c([O-])c1C2=O)CC(O)(C(=O)CO)CC3OC1CC([NH3+])C(OC2CCCCO2)C(C)O1
D08386_protomer_3,COc1cccc2c1C(=O)c1c(O)c3c(c(O)c1C2=O)CC(O)(C(=O)CO)CC3OC1CC(N)C(OC2CCCCO2)C(C)O1
D08386_protomer_2,COc1cccc2c1C(=O)c1c(O)c3c(c([O-])c1C2=O)CC(O)(C(=O)CO)CC3OC1CC([NH3+])C(OC2CCCCO2)C(C)O1
D08093_protomer_2,CC(COc1ccccc1)[NH2+]C(C)C(O)c1ccc(O)cc1
D08093_protomer_3,CC(COc1ccccc1)NC(C)C(O)c1ccc(O)cc1
D08093_protomer_1,CC(COc1ccccc1)[NH2+]C(C)C(O)c1ccc([O-])cc1
D07601_protomer_2,CC(CC1c2ccccc2CCc2ccccc21)CN(C)C
D07601_protomer_1,CC(CC1c2ccccc2CCc2ccccc21)C[NH+](C)C
D11330_protomer_1,CC(C)n1nccc1-c1ncccc1COc1cccc(O)c1C=O
D11330_protomer_2,CC(C)n1nccc1-c1ncccc1COc1cccc([O-])c1C=O
D02132_protomer_1,CCCC1CC(C(=O)NC(C(C)Cl)C2OC(SC)C(O)C(O)C2O)[NH+](C)C1
D02132_protomer_2,CCCC1CC(C(=O)NC(C(C)Cl)C2OC(SC)C(O)C(O)C2O)N(C)C1
D00960_protomer_1,CC(C)(C#N)c1cc(Cn2cncn2)cc(C(C)(C)C#N)c1
D07547_protomer_2,CC(C)(C)c1ccc(CN2CCN(C(c3ccccc3)c3ccc(Cl)cc3)CC2)cc1
D07836_protomer_1,CC(C)CC1C(=O)N2CCCC2C2(O)OC(NC(=O)C3CC4c5cccc6[nH]cc(c56)CC4[NH+](C)C3)(C(C)C)C(=O)N12
D07836_protomer_2,CC(C)CC1C(=O)N2CCCC2C2(O)OC(NC(=O)C3CC4c5cccc6[nH]cc(c56)CC4N(C)C3)(C(C)C)C(=O)N12
D08039_protomer_3,Oc1ccc(C(O)CNCCCCCCNCC(O)c2ccc(O)c(O)c2)cc1O
D08039_protomer_2,[O-]c1ccc(C(O)C[NH2+]CCCCCC[NH2+]CC(O)c2ccc([O-])c([O-])c2)cc1[O-]
D08039_protomer_1,[O-]c1ccc(C(O)C[NH2+]CCCCCC[NH2+]CC(O)c2ccc(O)c([O-])c2)cc1[O-]
D03217_protomer_2,COc1ccc(CNc2nc(N3CCCC3CO)ncc2C(=O)NCc2ncccn2)cc1Cl
D03217_protomer_1,COc1ccc(CNc2nc([NH+]3CCCC3CO)ncc2C(=O)NCc2ncccn2)cc1Cl
D00141_protomer_2,COc1ccc2c(c1)c(CC(=O)O)c(C)n2C(=O)c1ccc(Cl)cc1
D00141_protomer_1,COc1ccc2c(c1)c(CC(=O)[O-])c(C)n2C(=O)c1ccc(Cl)cc1
D08556_protomer_1,C=CCC1C=C(C)CC(C)CC(OC)C2OC(O)(C(=O)C(=O)N3CCCCC3C(=O)OC(C(C)=CC3CCC(O)C(OC)C3)C(C)C(O)CC1=O)C(C)CC2OC
D00127_protomer_1,C[NH+]1C(C(=O)Nc2ccccn2)=C(O)c2ccccc2S1(=O)=O
D00127_protomer_2,CN1C(C(=O)Nc2ccccn2)=C(O)c2ccccc2S1(=O)=O
D00398_protomer_3,CC(C)C(N)C(=O)OCCOCn1cnc2c(=O)[nH]c(N)nc21
D00398_protomer_1,CC(C)C([NH3+])C(=O)OCCOCn1cnc2c(=O)[n-]c(N)nc21
D02721_protomer_1,CC#CCC(C)C(O)C=CC1C(O)CC2CC(=CCCCC(=O)[O-])CC21
D02721_protomer_2,CC#CCC(C)C(O)C=CC1C(O)CC2CC(=CCCCC(=O)O)CC21
D00278_protomer_1,CC(C)N=c1cc2n(-c3ccc(Cl)cc3)c3ccccc3nc-2cc1Nc1ccc(Cl)cc1
D00888_protomer_2,CC(C)N1CCN(c2ccc(OCC3COC(Cn4cncn4)(c4ccc(Cl)cc4Cl)O3)cc2)CC1
D00888_protomer_1,CC(C)[NH+]1CCN(c2ccc(OCC3COC(Cn4cncn4)(c4ccc(Cl)cc4Cl)O3)cc2)CC1
D00063_protomer_2,NCC1OC(OC2C(N)CC(N)C(OC3OC(CO)C(O)C(N)C3O)C2O)C(N)CC1O
D02627_protomer_1,O=C(CCC[NH+]1CCC(n2c(=O)[nH]c3ccccc32)CC1)c1ccc(F)cc1
D02627_protomer_3,O=C(CCCN1CCC(n2c(=O)[nH]c3ccccc32)CC1)c1ccc(F)cc1
D02627_protomer_2,O=C(CCC[NH+]1CCC(n2c(=O)[n-]c3ccccc32)CC1)c1ccc(F)cc1
D07551_protomer_1,CC(CCc1ccccc1)[NH2+]C(C)C(O)c1ccc([O-])cc1
D07551_protomer_3,CC(CCc1ccccc1)NC(C)C(O)c1ccc(O)cc1
D07551_protomer_2,CC(CCc1ccccc1)[NH2+]C(C)C(O)c1ccc(O)cc1
D02523_protomer_2,CCC1OC(=O)C(C)C(OC2CC(C)(OC)C(O)C(C)O2)C(C)C(OC2OC(C)CC(N(C)C)C2OC(C)=O)C(C)(O)CC(C)C(=O)C(C)C(O)C1(C)O
D02523_protomer_1,CCC1OC(=O)C(C)C(OC2CC(C)(OC)C(O)C(C)O2)C(C)C(OC2OC(C)CC([NH+](C)C)C2OC(C)=O)C(C)(O)CC(C)C(=O)C(C)C(O)C1(C)O
D00081_protomer_1,CCCCCC(O)C=CC1C(O)CC(O)C1CC=CCCCC(=O)[O-]
D00081_protomer_2,CCCCCC(O)C=CC1C(O)CC(O)C1CC=CCCCC(=O)O
D07388_protomer_1,C[N+](C)(C)CCOC(Cc1ccccc1)c1ccccc1
D02461_protomer_2,CC1(C)SC2C(NC(=O)Cc3ccccc3)C(=O)N2C1C(=O)O
D01104_protomer_2,COC(=O)C1=C(C)NC(C)=C(C(=O)OC2CCN(Cc3ccccc3)C2)C1c1cccc([N+](=O)[O-])c1
D01104_protomer_1,COC(=O)C1=C(C)[NH2+]C(C)=C(C(=O)OC2CC[NH+](Cc3ccccc3)C2)C1c1cccc([N+](=O)[O-])c1
D00689_protomer_1,CCC(=O)OCC(=O)C1(OC(=O)CC)C(C)CC2C3CCC4=CC(=O)C=CC4(C)C3(Cl)C(O)CC21C
D02122_protomer_2,C[NH+](C)C1C(=O)C(C(N)=O)=C([O-])C2(O)C(=O)C3=C([O-])c4c([O-])cccc4C(C)(O)C3CC12
D02122_protomer_3,CN(C)C1C(=O)C(C(N)=O)=C(O)C2(O)C(=O)C3=C(O)c4c(O)cccc4C(C)(O)C3CC12
D02122_protomer_1,C[NH+](C)C1C(=O)C(C(N)=O)=C([O-])C2(O)C(=O)C3=C([O-])c4c(O)cccc4C(C)(O)C3CC12
D09654_protomer_1,[NH3+]CCNc1ccc(NCC[NH3+])c2c1C(=O)c1ccncc1C2=O
D09654_protomer_2,NCCNc1ccc(NCCN)c2c1C(=O)c1ccncc1C2=O
D07579_protomer_1,CC(=O)Oc1ccccc1C(=O)[O-]
D06328_protomer_1,O=C(NCC[NH2+]CC(O)COc1ccc(O)cc1)N1CCOCC1
D06328_protomer_2,O=C(NCC[NH2+]CC(O)COc1ccc([O-])cc1)N1CCOCC1
D06328_protomer_3,O=C(NCCNCC(O)COc1ccc(O)cc1)N1CCOCC1
D00663_protomer_1,C[NH+](C)CCC(c1ccc(Br)cc1)c1ccccn1
D00663_protomer_2,CN(C)CCC(c1ccc(Br)cc1)c1ccccn1
D07967_protomer_1,CC12CCC(=O)C=C1CCC1C3CCC(O)(C(=O)CO)C3(C)CC(O)C12F
D02336_protomer_2,CC1(C)SC2C(NC(=O)Cc3ccccc3)C(=O)N2C1C(=O)O
D07165_protomer_1,COc1cc2c(cc1OC)CC(=O)N(CCC[NH+](C)CC1Cc3cc(OC)c(OC)cc31)CC2
D07165_protomer_2,COc1cc2c(cc1OC)CC(=O)N(CCCN(C)CC1Cc3cc(OC)c(OC)cc31)CC2
D05290_protomer_2,CN(C)CCC=C1c2ccccc2OCc2c1oc1ccccc21
D05290_protomer_1,C[NH+](C)CCC=C1c2ccccc2OCc2c1oc1ccccc21
D02706_protomer_1,Cc1cc(S(=O)(=O)[O-])c2c(C)ccc(C(C)C)cc1-2
D02226_protomer_1,Cc1nnc(SCC2=C(C(=O)[O-])N3C(=O)C(NC(=O)Cn4cnnn4)C3SC2)s1
D08163_protomer_2,Cc1cccc(CN2CCN(C(c3ccccc3)c3ccc(Cl)cc3)CC2)c1
D06234_protomer_1,COc1cc2c(N)nc(N3CCN(C(=O)OCC(C)(C)O)CC3)nc2c(OC)c1OC
D07361_protomer_1,CCOC1OC2OC3(C)CCC4C(C)CCC(C1C)C24OO3
D02094_protomer_1,Cc1ncc(C[n+]2csc(CCO)c2C)c(N)n1
D07876_protomer_2,CC1c2cccc([O-])c2C([O-])=C2C(=O)C3(O)C([O-])=C(C(N)=O)C(=O)C([NH+](C)C)C3C(O)C21
D07876_protomer_1,CC1c2cccc(O)c2C([O-])=C2C(=O)C3(O)C([O-])=C(C(N)=O)C(=O)C([NH+](C)C)C3C(O)C21
D07876_protomer_3,CC1c2cccc(O)c2C(O)=C2C(=O)C3(O)C(O)=C(C(N)=O)C(=O)C(N(C)C)C3C(O)C21
D07642_protomer_2,COC1(NC(=O)CSCC(N)C(=O)O)C(=O)N2C(C(=O)O)=C(CSc3nnnn3C)CSC21
D07642_protomer_1,COC1(NC(=O)CSCC([NH3+])C(=O)[O-])C(=O)N2C(C(=O)[O-])=C(CSc3nnnn3C)CSC21
D00145_protomer_1,COc1cc(Cc2cnc(N)nc2N)cc(OC)c1OC
D02842_protomer_1,O=S(=O)(O)O
D02842_protomer_2,O=S(=O)([O-])[O-]
D07880_protomer_1,C[NH2+]CCC(Oc1cccc2ccccc12)c1cccs1
D07880_protomer_2,CNCCC(Oc1cccc2ccccc12)c1cccs1
D00293_protomer_1,CN1C(=O)CN=C(c2ccccc2)c2cc(Cl)ccc21
D08275_protomer_2,O=C(O)c1cccnc1Nc1cccc(C(F)(F)F)c1
D08275_protomer_1,O=C([O-])c1cccnc1Nc1cccc(C(F)(F)F)c1
D00976_protomer_1,CC12CCC(=O)C=C1CCC1C2C(O)CC2(C)C1CCC2(O)C(=O)COC(=O)CCC1CCCC1
D02131_protomer_1,O=c1[nH]c(=O)n(C2CCCO2)cc1F
D02131_protomer_2,O=c1[n-]c(=O)n(C2CCCO2)cc1F
D11725_protomer_1,C=CC(=O)N1CCC(n2nc(C#Cc3cc(OC)cc(OC)c3)c3c(N)ncnc32)C1
D00165_protomer_1,CC(=O)OCC(=O)C1(O)CCC2C3CCC4=CC(=O)CCC4(C)C3C(O)CC21C
D02076_protomer_1,Brc1c(NC2=[NH+]CCN2)ccc2nccnc12
D02076_protomer_2,Brc1c(NC2=NCCN2)ccc2nccnc12
D00836_protomer_2,COC12CCC3(CC1C(C)(O)C(C)(C)C)C1Cc4ccc(O)c5c4C3(CC[NH+]1CC1CC1)C2O5
D00836_protomer_3,COC12CCC3(CC1C(C)(O)C(C)(C)C)C1Cc4ccc(O)c5c4C3(CCN1CC1CC1)C2O5
D00836_protomer_1,COC12CCC3(CC1C(C)(O)C(C)(C)C)C1Cc4ccc([O-])c5c4C3(CC[NH+]1CC1CC1)C2O5
D05095_protomer_2,COc1c(C)c2c(c([O-])c1CC=C(C)CCC(=O)[O-])C(=O)OC2
D05095_protomer_1,COc1c(C)c2c(c(O)c1CC=C(C)CCC(=O)[O-])C(=O)OC2
D01006_protomer_2,CN1CCCN=C1COC(=O)C(O)(c1ccccc1)C1CCCCC1
D07197_protomer_2,CN1CCC(N(Cc2ccccc2)c2ccccc2)CC1
D03786_protomer_1,Cn1nnc2ccc(C(c3ccc(Cl)cc3)n3cncn3)cc21
D01144_protomer_1,Cc1oc(=O)oc1C[NH+]1CCN(c2cc3c(cc2F)c(=O)c(C(=O)[O-])c2n3C(C)S2)CC1
D01144_protomer_2,Cc1oc(=O)oc1CN1CCN(c2cc3c(cc2F)c(=O)c(C(=O)O)c2n3C(C)S2)CC1
D07873_protomer_2,CCN1CC(CCN2CCOCC2)C(c2ccccc2)(c2ccccc2)C1=O
D07873_protomer_1,CCN1CC(CC[NH+]2CCOCC2)C(c2ccccc2)(c2ccccc2)C1=O
D06147_protomer_2,CCOC(=O)C1(c2ccccc2)CCC=CC1N(C)C
D06147_protomer_1,CCOC(=O)C1(c2ccccc2)CCC=CC1[NH+](C)C
D00985_protomer_1,CC(C)(C)CC(=O)OCC(=O)C12OC(C)(C)OC1CC1C3CCC4=CC(=O)C=CC4(C)C3(F)C(O)CC12C
D01664_protomer_1,CC(=C(OCCOc1ccc(Cl)cc1)c1ccc(Cl)cc1Cl)n1ccnc1
D04531_protomer_2,O=C(NC1CCN(CCc2c[nH]c3ccccc23)CC1)c1ccccc1
D04531_protomer_1,O=C(NC1CC[NH+](CCc2c[nH]c3ccccc23)CC1)c1ccccc1
D00945_protomer_2,CCc1ccc(CCOc2ccc(CC3SC(=O)NC3=O)cc2)nc1
D00945_protomer_1,CCc1ccc(CCOc2ccc(CC3SC(=O)[N-]C3=O)cc2)nc1
D00733_protomer_1,CCCCOc1cc(C(=O)NCC[NH+](CC)CC)c2ccccc2n1
D00733_protomer_2,CCCCOc1cc(C(=O)NCCN(CC)CC)c2ccccc2n1
D01005_protomer_1,CC(C)[N+](C)(CCC(C(N)=O)(c1ccccc1)c1ccccc1)C(C)C
D08225_protomer_2,CCOC(=O)C(CCc1ccccc1)NC(C)C(=O)N1Cc2cc(OC)c(OC)cc2CC1C(=O)O
D08225_protomer_1,CCOC(=O)C(CCc1ccccc1)[NH2+]C(C)C(=O)N1Cc2cc(OC)c(OC)cc2CC1C(=O)[O-]
D08242_protomer_2,CCOc1ccc2ccccc2c1C(=O)NC1C(=O)N2C1SC(C)(C)C2C(=O)O
D08242_protomer_1,CCOc1ccc2ccccc2c1C(=O)NC1C(=O)N2C1SC(C)(C)C2C(=O)[O-]
D05972_protomer_1,CC1(C)SC2C(NC(=O)C([NH3+])c3ccccc3)C(=O)N2C1C(=O)OCOC(=O)C1N2C(=O)CC2S(=O)(=O)C1(C)C
D05972_protomer_2,CC1(C)SC2C(NC(=O)C(N)c3ccccc3)C(=O)N2C1C(=O)OCOC(=O)C1N2C(=O)CC2S(=O)(=O)C1(C)C
D07083_protomer_1,CCCCCCCCOc1ccccc1C(=O)Nc1ccc(C(=O)OCC[N+](C)(CC)CC)cc1
D07335_protomer_2,O=C(O)CCCCCCNC1c2ccccc2CCc2ccccc21
D07335_protomer_1,O=C([O-])CCCCCC[NH2+]C1c2ccccc2CCc2ccccc21
D00918_protomer_1,CCN1CCN(C(=O)NC(C(=O)NC2C(=O)N3C(C(=O)[O-])=C(CSc4nnnn4C)CSC23)c2ccc(O)cc2)C(=O)C1=O
D00918_protomer_2,CCN1CCN(C(=O)NC(C(=O)NC2C(=O)N3C(C(=O)[O-])=C(CSc4nnnn4C)CSC23)c2ccc([O-])cc2)C(=O)C1=O
D00564_protomer_1,CC(=O)CC(c1ccccc1)c1c(O)c2ccccc2oc1=O
D00564_protomer_2,CC(=O)CC(c1ccccc1)c1c([O-])c2ccccc2oc1=O
D00066_protomer_1,CC(=O)C1CCC2C3CCC4=CC(=O)CCC4(C)C3CCC12C
D02419_protomer_1,C[NH+](C)CCOC(c1ccccc1)c1ccccc1
D02419_protomer_2,CN(C)CCOC(c1ccccc1)c1ccccc1
D08257_protomer_1,CCc1nn(CCC[NH+]2CCN(c3cccc(Cl)c3)CC2)c(=O)n1CCOc1ccccc1
D08257_protomer_2,CCc1nn(CCCN2CCN(c3cccc(Cl)c3)CC2)c(=O)n1CCOc1ccccc1
D07702_protomer_1,O=C([O-])c1cn(C2CC2)c2cc(N3CC[NH2+]CC3)c(F)cc2c1=O
D07702_protomer_2,O=C(O)c1cn(C2CC2)c2cc(N3CCNCC3)c(F)cc2c1=O
D02253_protomer_1,CCCC(C)C1(CC)C(=O)[N-]C(=O)N=C1O
D02253_protomer_2,CCCC(C)C1(CC)C(=O)NC(=O)N=C1[O-]
D06885_protomer_2,C[NH+](C)C1C(=O)C(C(=O)NCO)=C([O-])C2(O)C(=O)C3=C([O-])c4c([O-])ccc(Cl)c4C(C)(O)C3CC12
D06885_protomer_3,CN(C)C1C(=O)C(C(=O)NCO)=C(O)C2(O)C(=O)C3=C(O)c4c(O)ccc(Cl)c4C(C)(O)C3CC12
D06885_protomer_1,C[NH+](C)C1C(=O)C(C(=O)NCO)=C([O-])C2(O)C(=O)C3=C([O-])c4c(O)ccc(Cl)c4C(C)(O)C3CC12
D07641_protomer_1,CON=C(C(=O)NC1C(=O)N2C(C(=O)[O-])=C(CSc3nnnn3C)CSC12)c1csc(N)n1
D07641_protomer_2,CON=C(C(=O)NC1C(=O)N2C(C(=O)O)=C(CSc3nnnn3C)CSC12)c1csc(N)n1
D02104_protomer_3,C=C1CCC2(O)C3Cc4ccc(O)c5c4C2(CCN3CC2CC2)C1O5
D02104_protomer_2,C=C1CCC2(O)C3Cc4ccc([O-])c5c4C2(CC[NH+]3CC2CC2)C1O5
D02104_protomer_1,C=C1CCC2(O)C3Cc4ccc(O)c5c4C2(CC[NH+]3CC2CC2)C1O5
D05462_protomer_2,COc1ccc2c3c1OC1C(=O)CCC4(O)C(C2)N(C)CCC314
D05462_protomer_1,COc1ccc2c3c1OC1C(=O)CCC4(O)C(C2)[NH+](C)CCC314
D07086_protomer_1,O=C(NCC1CN(c2ccc(N3CCOCC3=O)cc2)C(=O)O1)c1ccc(Cl)s1
D07136_protomer_1,O=C1c2ccccc2C(=O)C1C(=O)C(c1ccccc1)c1ccccc1
D00484_protomer_2,CNCCCC1c2ccccc2C=Cc2ccccc21
D00484_protomer_1,C[NH2+]CCCC1c2ccccc2C=Cc2ccccc21
D01103_protomer_1,O=C(OC1CC2CCC(C1)[N+]21CCCC1)C(O)(c1ccccc1)c1ccccc1
D02565_protomer_2,CN(C)CCCN1c2ccccc2C(C)(C)c2ccccc21
D02565_protomer_1,C[NH+](C)CCCN1c2ccccc2C(C)(C)c2ccccc21
D01152_protomer_2,CN(C(=O)CN(CCO)CC(=O)N(C)C(C)(C)Cc1ccccc1)C(C)(C)Cc1ccccc1
D07143_protomer_2,N=C(N)c1ccc(CNC(=O)C2CCN2C(=O)C(NCC(=O)O)C2CCCCC2)cc1
D07143_protomer_1,NC(=[NH2+])c1ccc(CNC(=O)C2CCN2C(=O)C([NH2+]CC(=O)[O-])C2CCCCC2)cc1
D00603_protomer_2,CC(C)(C)NCC(O)COc1nsnc1N1CCOCC1
D00603_protomer_1,CC(C)(C)[NH2+]CC(O)COc1nsnc1N1CCOCC1
D00454_protomer_2,Cc1cc2c(s1)Nc1ccccc1N=C2N1CCN(C)CC1
D00454_protomer_1,Cc1cc2c(s1)Nc1ccccc1[NH+]=C2N1CC[NH+](C)CC1
D00916_protomer_2,NC(C(=O)NC1C(=O)N2C(C(=O)O)=C(Cl)CCC12)c1ccccc1
D00916_protomer_1,[NH3+]C(C(=O)NC1C(=O)N2C(C(=O)[O-])=C(Cl)CCC12)c1ccccc1
C04931_protomer_2,CC1CNc2c(cccc2S(=O)(=O)[N-]C(CCC[NH+]=C(N)N)C(=O)N2CCC(C)CC2C(=O)[O-])C1
C04931_protomer_3,CC1CNc2c(cccc2S(=O)(=O)NC(CCCN=C(N)N)C(=O)N2CCC(C)CC2C(=O)O)C1
C04931_protomer_1,CC1CNc2c(cccc2S(=O)(=O)NC(CCC[NH+]=C(N)N)C(=O)N2CCC(C)CC2C(=O)[O-])C1
D02570_protomer_1,C[NH+](C)CC(c1ccc([O-])cc1)C1(O)CCCCC1
D02570_protomer_3,CN(C)CC(c1ccc(O)cc1)C1(O)CCCCC1
D02570_protomer_2,C[NH+](C)CC(c1ccc(O)cc1)C1(O)CCCCC1
D10198_protomer_1,C=C1C(=CC=C2CCCC3(C)C2CCC3C(C)C=CC(O)C2CC2)CC(O)CC1O
D01017_protomer_1,C[NH2+]CC(O)c1ccc(OC(=O)C(C)(C)C)c(OC(=O)C(C)(C)C)c1
D01017_protomer_2,CNCC(O)c1ccc(OC(=O)C(C)(C)C)c(OC(=O)C(C)(C)C)c1
D00050_protomer_1,Cc1cc2nc3c(=O)[n-]c(=O)nc-3n(CC(O)C(O)C(O)CO)c2cc1C
D00050_protomer_2,Cc1cc2nc3c(=O)[nH]c(=O)nc-3n(CC(O)C(O)C(O)CO)c2cc1C
D08685_protomer_2,COC(=O)C1C(O)CCC2CN3CCc4c([nH]c5ccccc45)C3CC21
D08685_protomer_1,COC(=O)C1C(O)CCC2C[NH+]3CCc4c([nH]c5ccccc45)C3CC21
D03504_protomer_1,CC([NH2+]CCCc1cccc(C(F)(F)F)c1)c1cccc2ccccc12
D03504_protomer_2,CC(NCCCc1cccc(C(F)(F)F)c1)c1cccc2ccccc12
D03860_protomer_1,CCOC(=O)C1(c2ccccc2)CC[NH+](CCC(C#N)(c2ccccc2)c2ccccc2)CC1
D03860_protomer_2,CCOC(=O)C1(c2ccccc2)CCN(CCC(C#N)(c2ccccc2)c2ccccc2)CC1
D07993_protomer_1,O=C1NC(c2ccccc2)(c2ccccc2)C(=O)N1COP(=O)([O-])[O-]
D07993_protomer_2,O=C1NC(c2ccccc2)(c2ccccc2)C(=O)N1COP(=O)(O)O
D02720_protomer_1,CC#CCC(C)C(O)C=CC1C(O)CC2Oc3c(CCCC(=O)[O-])cccc3C21
D02720_protomer_2,CC#CCC(C)C(O)C=CC1C(O)CC2Oc3c(CCCC(=O)O)cccc3C21
D00180_protomer_2,CCCCCC(O)C=CC1C(O)CC(=O)C1CCCCCCC(=O)O
D00180_protomer_1,CCCCCC(O)C=CC1C(O)CC(=O)C1CCCCCCC(=O)[O-]
D00851_protomer_1,CCC(=O)OC1C(OC2C(C)C(OC3CC(C)(OC)C(O)C(C)O3)C(C)C(=O)OC(CC)C(C)(O)C(O)C(C)C(=O)C(C)CC2(C)O)OC(C)CC1[NH+](C)C
D00851_protomer_2,CCC(=O)OC1C(OC2C(C)C(OC3CC(C)(OC)C(O)C(C)O3)C(C)C(=O)OC(CC)C(C)(O)C(O)C(C)C(=O)C(C)CC2(C)O)OC(C)CC1N(C)C
D08155_protomer_2,COC(=O)C1=C(C)NC(C)=C(C(=O)OCCN2CCN(C(c3ccccc3)c3ccccc3)CC2)C1c1cccc([N+](=O)[O-])c1
D08155_protomer_1,COC(=O)C1=C(C)[NH2+]C(C)=C(C(=O)OCC[NH+]2CC[NH+](C(c3ccccc3)c3ccccc3)CC2)C1c1cccc([N+](=O)[O-])c1
D02234_protomer_2,CN1CCC(=C2c3ccccc3C=Cc3ccccc32)CC1
D02234_protomer_1,C[NH+]1CCC(=C2c3ccccc3C=Cc3ccccc32)CC1
D02536_protomer_2,Cc1ncc(CSSCc2cnc(C)c([O-])c2CO)c(CO)c1[O-]
D02536_protomer_1,Cc1ncc(CSSCc2cnc(C)c(O)c2CO)c(CO)c1[O-]
D02536_protomer_3,Cc1ncc(CSSCc2cnc(C)c(O)c2CO)c(CO)c1O
D00304_protomer_1,CCCC(CCC)C(=O)[O-]
D00304_protomer_2,CCCC(CCC)C(=O)O
D10062_protomer_1,COc1cc2nccc(Oc3ccc(NC(=O)C4(C(=O)Nc5ccc(F)cc5)CC4)cc3)c2cc1OC
D00946_protomer_2,CCC(=C(CC)c1ccc(OP(=O)(O)O)cc1)c1ccc(OP(=O)(O)O)cc1
D00946_protomer_1,CCC(=C(CC)c1ccc(OP(=O)([O-])[O-])cc1)c1ccc(OP(=O)([O-])[O-])cc1
D02362_protomer_1,Fc1ccc(C2CC[NH2+]CC2COc2ccc3c(c2)OCO3)cc1
D02362_protomer_2,Fc1ccc(C2CCNCC2COc2ccc3c(c2)OCO3)cc1
D00809_protomer_2,CN(C)CCC=C1c2ccccc2CCc2ccccc21
D00809_protomer_1,C[NH+](C)CCC=C1c2ccccc2CCc2ccccc21
D00387_protomer_1,Cc1nnc2n1-c1ccc(Cl)cc1C(c1ccccc1Cl)=NC2
D00608_protomer_1,COc1cc2nc(N3CCN(C(=O)C4COc5ccccc5O4)CC3)nc(N)c2cc1OC
D05679_protomer_1,C#CC1(OC(C)=O)CCC2C3CC=C4C=C(OC5CCCC5)CCC4C3CCC21C
D07809_protomer_2,CCC(=O)OC(Cc1ccccc1)(c1ccccc1)C(C)CN(C)C
D07809_protomer_1,CCC(=O)OC(Cc1ccccc1)(c1ccccc1)C(C)C[NH+](C)C
D01010_protomer_1,[NH3+]C(Cc1cc(I)c(Oc2cc(I)c(O)c(I)c2)c(I)c1)C(=O)[O-]
D01010_protomer_3,NC(Cc1cc(I)c(Oc2cc(I)c(O)c(I)c2)c(I)c1)C(=O)[O-]
D01010_protomer_2,[NH3+]C(Cc1cc(I)c(Oc2cc(I)c([O-])c(I)c2)c(I)c1)C(=O)[O-]
D07734_protomer_2,C(=Cc1ccccc1)CN1CCN(C(c2ccccc2)c2ccccc2)CC1
D00120_protomer_2,CC1=C(CC(=O)O)c2cc(F)ccc2C1=Cc1ccc(S(C)=O)cc1
D00812_protomer_1,C[NH2+]CCCN1c2ccccc2CCc2ccccc21
D00812_protomer_2,CNCCCN1c2ccccc2CCc2ccccc21
D01520_protomer_2,COc1ccc2c(c1)N(CC(C)CN(C)C)c1ccccc1S2
D01520_protomer_1,COc1ccc2c(c1)N(CC(C)C[NH+](C)C)c1ccccc1S2
D00181_protomer_1,CC1CNc2c(cccc2S(=O)(=O)[N-]C(CCC[NH+]=C(N)N)C(=O)N2CCC(C)CC2C(=O)[O-])C1
D00181_protomer_2,CC1CNc2c(cccc2S(=O)(=O)NC(CCC[NH+]=C(N)N)C(=O)N2CCC(C)CC2C(=O)[O-])C1
D00181_protomer_3,CC1CNc2c(cccc2S(=O)(=O)NC(CCCN=C(N)N)C(=O)N2CCC(C)CC2C(=O)O)C1
D00982_protomer_1,CC(C)(C)CC(=O)OCC(=O)C1(O)CCC2C3CCC4=CC(=O)C=CC4(C)C3C(O)CC21C
D00486_protomer_2,O=C([O-])c1cc2ccccc2c(Cc2c([O-])c(C(=O)[O-])cc3ccccc23)c1[O-]
D00486_protomer_1,O=C([O-])c1cc2ccccc2c(Cc2c(O)c(C(=O)[O-])cc3ccccc23)c1[O-]
D00486_protomer_3,O=C(O)c1cc2ccccc2c(Cc2c(O)c(C(=O)O)cc3ccccc23)c1O
D00476_protomer_1,CC(C)(Sc1cc(C(C)(C)C)c([O-])c(C(C)(C)C)c1)Sc1cc(C(C)(C)C)c([O-])c(C(C)(C)C)c1
D00476_protomer_2,CC(C)(Sc1cc(C(C)(C)C)c([O-])c(C(C)(C)C)c1)Sc1cc(C(C)(C)C)c(O)c(C(C)(C)C)c1
D00476_protomer_3,CC(C)(Sc1cc(C(C)(C)C)c(O)c(C(C)(C)C)c1)Sc1cc(C(C)(C)C)c(O)c(C(C)(C)C)c1
D00668_protomer_1,C[NH+](C)CCC(c1ccc(Cl)cc1)c1ccccn1
D00668_protomer_2,CN(C)CCC(c1ccc(Cl)cc1)c1ccccn1
D08281_protomer_1,CC(=O)OC1(C(C)=O)CCC2C3C=C(C)C4=CC(=O)CCC4C3CCC21C
C07412_protomer_1,Cc1cc(C=Cc2ccc3cc(N(C)C)ccc3[n+]2C)c(C)n1-c1ccccc1
D07111_protomer_3,O=C(NN=Cc1ccc([N+](=O)[O-])o1)c1ccc(O)cc1
D07111_protomer_2,O=C([N-]N=Cc1ccc([N+](=O)[O-])o1)c1ccc(O)cc1
D07111_protomer_1,O=C([N-]N=Cc1ccc([N+](=O)[O-])o1)c1ccc([O-])cc1
D09205_protomer_1,COCCC[NH+]1CCC(NC(=O)c2cc(Cl)c(N)c3c2OCC3)CC1
D09205_protomer_2,COCCCN1CCC(NC(=O)c2cc(Cl)c(N)c3c2OCC3)CC1
D00665_protomer_2,CN(C)CCC(c1ccc(Cl)cc1)c1ccccn1
D00665_protomer_1,C[NH+](C)CCC(c1ccc(Cl)cc1)c1ccccn1
D00228_protomer_1,Clc1ccc2c(c1)C(N1CC[NH2+]CC1)=[NH+]c1ccccc1O2
D00228_protomer_2,Clc1ccc2c(c1)C(N1CCNCC1)=Nc1ccccc1O2
D07327_protomer_1,O=C1C(O)N=C(c2ccccc2F)c2cc(Cl)ccc2N1CCO
D07679_protomer_1,C[NH+](C)CCN(Cc1ccc(Cl)cc1)c1ccccn1
D07679_protomer_2,CN(C)CCN(Cc1ccc(Cl)cc1)c1ccccn1
D00883_protomer_1,C[NH+](CC=Cc1ccccc1)Cc1cccc2ccccc12
D00883_protomer_2,CN(CC=Cc1ccccc1)Cc1cccc2ccccc12
D02199_protomer_1,CC1(C)SC2C(NC(=O)C(C(=O)Oc3ccccc3)c3ccccc3)C(=O)N2C1C(=O)[O-]
C00220_protomer_1,CN(C)c1ccc2nc3ccc(=[N+](C)C)cc-3sc2c1
D00813_protomer_2,O=C(c1ccccc1)c1ccc2n1CCC2C(=O)O
D07581_protomer_1,CC(=O)Oc1ccccc1C(=O)[O-]
D07464_protomer_1,CC1CC2C3CC(F)C4=CC(=O)C=CC4(C)C3C(O)CC2(C)C1(O)C(=O)CO
D03269_protomer_1,OCC1OC2OC3C(CO)OC(OC4C(CO)OC(OC5C(CO)OC(OC6C(CO)OC(OC7C(CO)OC(OC8C(CO)OC(OC1C(O)C2O)C(O)C8O)C(O)C7O)C(O)C6O)C(O)C5O)C(O)C4O)C(O)C3O
D03947_protomer_1,O=C([O-])C[NH+](CC[NH+](CC(=O)[O-])CC(=O)[O-])CC(=O)[O-]
D00899_protomer_2,Cc1c(O)cccc1C(=O)NC(CSc1ccccc1)C(O)C[NH+]1CC2CCCCC2CC1C(=O)NC(C)(C)C
D00899_protomer_3,Cc1c(O)cccc1C(=O)NC(CSc1ccccc1)C(O)CN1CC2CCCCC2CC1C(=O)NC(C)(C)C
D00899_protomer_1,Cc1c([O-])cccc1C(=O)NC(CSc1ccccc1)C(O)C[NH+]1CC2CCCCC2CC1C(=O)NC(C)(C)C
D08271_protomer_2,COC12CC(COC(=O)c3cncc(Br)c3)CN(C)C1Cc1cn(C)c3cccc2c13
D08271_protomer_1,COC12CC(COC(=O)c3cncc(Br)c3)C[NH+](C)C1Cc1cn(C)c3cccc2c13
D02149_protomer_2,C[NH2+]CC(O)c1ccc([O-])c([O-])c1
D02149_protomer_3,CNCC(O)c1ccc(O)c(O)c1
D02149_protomer_1,C[NH2+]CC(O)c1ccc(O)c([O-])c1
D01157_protomer_2,CON=C(C(=O)NC1C(=O)N2C(C(=O)O)=C(C[N+]3(C)CCCC3)CSC12)c1csc(N)n1
D01157_protomer_1,CON=C(C(=O)NC1C(=O)N2C(C(=O)[O-])=C(C[N+]3(C)CCCC3)CSC12)c1csc(N)n1
D03854_protomer_2,CN(C)CCOC(c1ccccc1)c1ccccc1
D03854_protomer_1,C[NH+](C)CCOC(c1ccccc1)c1ccccc1
D08374_protomer_1,Cc1ccnc(NC(=O)C(C)c2cccc(C(=O)c3ccccc3)c2)c1
D11717_protomer_2,CN1CCC(COc2cnc(-c3cccc(Cn4nc(-c5cccc(C#N)c5)ccc4=O)c3)nc2)CC1
D11717_protomer_1,C[NH+]1CCC(COc2cnc(-c3cccc(Cn4nc(-c5cccc(C#N)c5)ccc4=O)c3)nc2)CC1
D00816_protomer_1,C[NH2+]CCC=C1c2ccccc2CCc2ccccc21
D00816_protomer_2,CNCCC=C1c2ccccc2CCc2ccccc21
D00935_protomer_1,O=C([O-])C(O)C(O)C(O)C(O)CO
D07872_protomer_1,C[NH+](C)CCC=C1c2ccccc2CSc2ccccc21
D07872_protomer_2,CN(C)CCC=C1c2ccccc2CSc2ccccc21
D00907_protomer_1,CC(=O)OCC1=C(C(=O)[O-])N2C(=O)C(NC(=O)Cc3cccs3)C2SC1
D07882_protomer_1,Clc1cc(Cl)c2c(c1)CCc1ccccc1C2n1ccnc1
D00844_protomer_1,C[NH+]1CCC23c4c5ccc(O)c4OC2C(=O)CCC3(O)C1C5
D00844_protomer_3,CN1CCC23c4c5ccc(O)c4OC2C(=O)CCC3(O)C1C5
D00844_protomer_2,C[NH+]1CCC23c4c5ccc([O-])c4OC2C(=O)CCC3(O)C1C5
D02233_protomer_1,CON=C(C(=O)NC1C(=O)N2C(C(=O)[O-])=C(C[n+]3ccn4ncccc43)CSC12)c1nsc(N)n1
D02233_protomer_2,CON=C(C(=O)NC1C(=O)N2C(C(=O)O)=C(C[n+]3ccn4ncccc43)CSC12)c1nsc(N)n1
D07596_protomer_1,C[NH+](Cc1ccc(C(C)(C)C)cc1)Cc1cccc2ccccc12
D07596_protomer_2,CN(Cc1ccc(C(C)(C)C)cc1)Cc1cccc2ccccc12
D03150_protomer_1,CC(C)CC(NC(=O)C(Cc1ccccc1)NC(=O)c1cnccn1)B(O)O
D08064_protomer_1,CC(C(O)c1ccc(O)cc1)[NH+]1CCC(Cc2ccccc2)CC1
D08064_protomer_3,CC(C(O)c1ccc(O)cc1)N1CCC(Cc2ccccc2)CC1
D08064_protomer_2,CC(C(O)c1ccc([O-])cc1)[NH+]1CCC(Cc2ccccc2)CC1
D07858_protomer_3,COc1ccc(-c2cc(=O)c3c(O)cc(OC4OC(COC5OC(C)C(O)C(O)C5O)C(O)C(O)C4O)cc3o2)cc1O
D07858_protomer_1,COc1ccc(-c2cc(=O)c3c([O-])cc(OC4OC(COC5OC(C)C(O)C(O)C5O)C(O)C(O)C4O)cc3o2)cc1[O-]
D07858_protomer_2,COc1ccc(-c2cc(=O)c3c(O)cc(OC4OC(COC5OC(C)C(O)C(O)C5O)C(O)C(O)C4O)cc3o2)cc1[O-]
D07546_protomer_2,CCCC(=O)Nc1ncnc2c1ncn2C1OC2COP(=O)(O)OC2C1OC(=O)CCC
D07546_protomer_1,CCCC(=O)Nc1ncnc2c1ncn2C1OC2COP(=O)([O-])OC2C1OC(=O)CCC
D00717_protomer_2,CCN(CC)CCOC(=O)C1(C2CCCCC2)CCCCC1
D00717_protomer_1,CC[NH+](CC)CCOC(=O)C1(C2CCCCC2)CCCCC1
D07214_protomer_1,O=C([O-])Cc1cc(I)c(Oc2ccc(O)c(I)c2)c(I)c1
D07214_protomer_3,O=C(O)Cc1cc(I)c(Oc2ccc(O)c(I)c2)c(I)c1
C07005_protomer_1,CC1(C)OC2CC3C4CC(F)C5=CC(=O)C=CC5(C)C4C(O)CC3(C)C2(C(=O)CO)O1
C07773_protomer_1,CC[N+](CC)(CCNC(=O)C(=O)NCC[N+](CC)(CC)Cc1ccccc1Cl)Cc1ccccc1Cl
D00726_protomer_2,CCN(CC)CCNC(=O)c1cc(Cl)c(N)cc1OC
D00726_protomer_1,CC[NH+](CC)CCNC(=O)c1cc(Cl)c(N)cc1OC
D07796_protomer_1,CC(=O)OCC(=O)C1(O)C(C)CC2C3CCC4=CC(=O)C=CC4(C)C3(F)C(O)CC21C
D00522_protomer_3,CCOc1nc2cccc(C(=O)O)c2n1Cc1ccc(-c2ccccc2-c2nn[nH]n2)cc1
D00522_protomer_2,CCOc1nc2cccc(C(=O)[O-])c2n1Cc1ccc(-c2ccccc2-c2nn[nH]n2)cc1
D00522_protomer_1,CCOc1nc2cccc(C(=O)[O-])c2n1Cc1ccc(-c2ccccc2-c2nn[n-]n2)cc1
D00244_protomer_1,CC1CC2C3CCC4=CC(=O)C=CC4(C)C3(F)C(O)CC2(C)C1(O)C(=O)CO
D07127_protomer_1,CCC1(O)CCC2C3CCC4=CC(=O)CCC4C3CCC21C
D07085_protomer_2,Cn1c(CCCC(=O)O)nc2cc(N(CCCl)CCCl)ccc21
D07085_protomer_1,Cn1c(CCCC(=O)[O-])nc2cc(N(CCCl)CCCl)ccc21
D07798_protomer_1,CC1CC2C3CCC4=CC(=O)C=CC4(C)C3(F)C(O)CC2(C)C1(O)C(=O)COS(=O)(=O)[O-]
D04219_protomer_1,CCCCCC(=O)OCC(=O)C1C(C)CC2C3CC(F)C4=CC(=O)C=CC4(C)C3C(O)CC21C
D07531_protomer_3,O=C1Nc2ccccc2OC1(c1ccc(O)cc1)c1ccc(O)cc1
D07531_protomer_2,O=C1Nc2ccccc2OC1(c1ccc([O-])cc1)c1ccc([O-])cc1
D07531_protomer_1,O=C1Nc2ccccc2OC1(c1ccc([O-])cc1)c1ccc(O)cc1
D01149_protomer_1,CC12CCC3C4CCC(=O)C(O)=C4CCC3C1CCC2OC(=O)CCC1CCCC1
D00507_protomer_2,CC(COc1ccccc1)N(CCCl)Cc1ccccc1
D08382_protomer_2,CCN1CCCC(OC(=O)C(c2ccccc2)c2ccccc2)C1
D08382_protomer_1,CC[NH+]1CCCC(OC(=O)C(c2ccccc2)c2ccccc2)C1
D07137_protomer_2,O=c1oc2ccccc2c([O-])c1C(CC(O)c1ccc(Cl)cc1)c1ccc(Cl)s1
D07137_protomer_1,O=c1oc2ccccc2c(O)c1C(CC(O)c1ccc(Cl)cc1)c1ccc(Cl)s1
D02734_protomer_1,Nc1nc([NH2+]C2CC2)c2ncn(C3C=CC(CO)C3)c2n1
D02734_protomer_2,Nc1nc(NC2CC2)c2ncn(C3C=CC(CO)C3)c2n1
D10537_protomer_1,CN(C)c1ccc2nc3ccc(=[N+](C)C)cc-3sc2c1
D08688_protomer_2,CC(CSC(=O)c1ccccc1)C(=O)N1CC(Sc2ccccc2)CC1C(=O)O
D08688_protomer_1,CC(CSC(=O)c1ccccc1)C(=O)N1CC(Sc2ccccc2)CC1C(=O)[O-]
D08334_protomer_1,CC[NH+](CC)CCOCCOC(=O)C1(c2ccccc2)CCCC1
D08334_protomer_2,CCN(CC)CCOCCOC(=O)C1(c2ccccc2)CCCC1
D04571_protomer_2,O=C(O)Cn1cc(I)c(=O)c(I)c1
D08084_protomer_2,CC(=O)Nc1c(I)c(C(=O)O)c(I)c(C(=O)NCCO)c1I
D08084_protomer_1,CC(=O)Nc1c(I)c(C(=O)[O-])c(I)c(C(=O)NCCO)c1I
D00397_protomer_1,CCN(Cc1ccncc1)C(=O)C(CO)c1ccccc1
D07189_protomer_1,O=C(OCC1OC(O)(COC(=O)c2cccnc2)C(OC(=O)c2cccnc2)C1OC(=O)c1cccnc1)c1cccnc1
D02482_protomer_2,CC1CCC2C(C)C(OC(=O)CCC(=O)O)OC3OC4(C)CCC1C32OO4
D02482_protomer_1,CC1CCC2C(C)C(OC(=O)CCC(=O)[O-])OC3OC4(C)CCC1C32OO4
D01064_protomer_3,Cc1nc2ccc(CN(C)c3ccc(C(=O)NC(CCC(=O)O)C(=O)O)s3)cc2c(=O)[nH]1
D01064_protomer_1,Cc1nc2ccc(CN(C)c3ccc(C(=O)NC(CCC(=O)[O-])C(=O)[O-])s3)cc2c(=O)[n-]1
D07639_protomer_1,CON=C(C(=O)NC1C(=O)N2C(C(=O)[O-])=C(C=Cc3scnc3C)CSC12)c1csc(N)n1
D07639_protomer_2,CON=C(C(=O)NC1C(=O)N2C(C(=O)O)=C(C=Cc3scnc3C)CSC12)c1csc(N)n1
D07979_protomer_1,CCOC(=O)Nc1ccc(NCc2ccc(F)cc2)nc1N
D01293_protomer_1,CCOC(=O)C1N=C(c2ccccc2F)c2cc(Cl)ccc2NC1=O
D02213_protomer_1,CC[NH+](CC)CCNC(=O)c1cc(Cl)c(N)cc1OC
D02213_protomer_2,CCN(CC)CCNC(=O)c1cc(Cl)c(N)cc1OC
D07124_protomer_1,COc1cc2nc(N(C)CCCNC(=O)C3CCCO3)nc(N)c2cc1OC
D08872_protomer_1,[NH3+]C1CCCCN(c2c(F)cc3c(=O)c(C(=O)[O-])cn(C4CC4)c3c2Cl)C1
D08872_protomer_2,NC1CCCCN(c2c(F)cc3c(=O)c(C(=O)O)cn(C4CC4)c3c2Cl)C1
D03039_protomer_1,CC1(C)SC2C(NC(=O)C(NC(=O)N3CCNC3=O)c3ccccc3)C(=O)N2C1C(=O)[O-]
D02754_protomer_2,COc1cc(C)c(C=CC(C)=CC=CC(C)=CC(=O)O)c(C)c1C
D02754_protomer_1,COc1cc(C)c(C=CC(C)=CC=CC(C)=CC(=O)[O-])c(C)c1C
D07654_protomer_1,CC(C)(ON=C(C(=O)NC1C(=O)N2C(C(=O)[O-])=C(C[n+]3ccccc3)CSC12)c1csc(N)n1)C(=O)[O-]
D07654_protomer_2,CC(C)(ON=C(C(=O)NC1C(=O)N2C(C(=O)[O-])=C(C[n+]3ccccc3)CSC12)c1csc(N)n1)C(=O)O
D07257_protomer_1,O=C([O-])c1nn(Cc2ccc(Cl)cc2Cl)c2ccccc12
D07257_protomer_2,O=C(O)c1nn(Cc2ccc(Cl)cc2Cl)c2ccccc12
D07182_protomer_2,CC(C)(C)NCC(O)COc1cccc2c1SCCC2
D07182_protomer_1,CC(C)(C)[NH2+]CC(O)COc1cccc2c1SCCC2
D01029_protomer_2,CCCCS(=O)(=O)[N-]C(Cc1ccc(OCCCCC2CC[NH2+]CC2)cc1)C(=O)[O-]
D01029_protomer_3,CCCCS(=O)(=O)NC(Cc1ccc(OCCCCC2CCNCC2)cc1)C(=O)O
D01029_protomer_1,CCCCS(=O)(=O)NC(Cc1ccc(OCCCCC2CC[NH2+]CC2)cc1)C(=O)[O-]
D00847_protomer_2,COc1ccc2c3c1OC1C(=O)CCC4(O)C(C2)N(C)CCC314
D00847_protomer_1,COc1ccc2c3c1OC1C(=O)CCC4(O)C(C2)[NH+](C)CCC314
D00424_protomer_3,COC1C=COC2(C)Oc3c(C)c(O)c4c(O)c(c5c(c4c3C2=O)=NC2(CCN(CC(C)C)CC2)N=5)NC(=O)C(C)=CC=CC(C)C(O)C(C)C(O)C(C)C(OC(C)=O)C1C
D00424_protomer_1,COC1C=COC2(C)Oc3c(C)c([O-])c4c([O-])c(c5c(c4c3C2=O)=NC2(CC[NH+](CC(C)C)CC2)N=5)NC(=O)C(C)=CC=CC(C)C(O)C(C)C(O)C(C)C(OC(C)=O)C1C
D00424_protomer_2,COC1C=COC2(C)Oc3c(C)c(O)c4c([O-])c(c5c(c4c3C2=O)=NC2(CC[NH+](CC(C)C)CC2)N=5)NC(=O)C(C)=CC=CC(C)C(O)C(C)C(O)C(C)C(OC(C)=O)C1C
D00537_protomer_2,CC1(C)OC2COC3(COS(N)(=O)=O)OC(C)(C)OC3C2O1
D00537_protomer_1,CC1(C)OC2COC3(COS([NH-])(=O)=O)OC(C)(C)OC3C2O1
D07089_protomer_1,CCc1cc2cc(OC)c(OC)cc2c(Cc2ccccc2)n1
D02554_protomer_3,COC1C=COC2(C)Oc3c(C)c(O)c4c(O)c(c5c(nc6cc(C)ccn65)c4c3C2=O)NC(=O)C(C)=CC=CC(C)C(O)C(C)C(O)C(C)C(OC(C)=O)C1C
D02554_protomer_2,COC1C=COC2(C)Oc3c(C)c([O-])c4c([O-])c(c5c(nc6cc(C)ccn65)c4c3C2=O)NC(=O)C(C)=CC=CC(C)C(O)C(C)C(O)C(C)C(OC(C)=O)C1C
D02554_protomer_1,COC1C=COC2(C)Oc3c(C)c(O)c4c([O-])c(c5c(nc6cc(C)ccn65)c4c3C2=O)NC(=O)C(C)=CC=CC(C)C(O)C(C)C(O)C(C)C(OC(C)=O)C1C
D07222_protomer_1,CC(=O)C1(O)CCC2C3C=C(C)C4=CC(=O)CCC4C3CCC21C
D01338_protomer_1,CC(C)Oc1ccc2c(=O)c(-c3ccccc3)coc2c1
D07776_protomer_3,COc1cccc2c1C(=O)c1c(O)c3c(c(O)c1C2=O)CC(O)(C(C)=O)CC3OC1CC(N)C(O)C(C)O1
D07776_protomer_2,COc1cccc2c1C(=O)c1c([O-])c3c(c([O-])c1C2=O)CC(O)(C(C)=O)CC3OC1CC([NH3+])C(O)C(C)O1
D07776_protomer_1,COc1cccc2c1C(=O)c1c(O)c3c(c([O-])c1C2=O)CC(O)(C(C)=O)CC3OC1CC([NH3+])C(O)C(C)O1
D08317_protomer_2,CCN(CC)CCc1nc(-c2ccccc2)no1
D08317_protomer_1,CC[NH+](CC)CCc1nc(-c2ccccc2)no1
D01115_protomer_1,COC(=O)C1CC2=CC(=O)CCC2(C)C23OC2CC2(C)C(CCC24CCC(=O)O4)C13
D00449_protomer_1,O=C1C(CCS(=O)c2ccccc2)C(=O)N(c2ccccc2)N1c1ccccc1
D07220_protomer_1,C#CC1(O)CCC2C3CCC4=CC(=O)CCC4=C3C=CC21C
D08876_protomer_1,CC(C)(C)NC(=O)NC(C(=O)N1CC2C(C1C(=O)NC(CC1CCC1)C(=O)C(N)=O)C2(C)C)C(C)(C)C
D03208_protomer_2,COCCCOc1cc(CC(CC(N)C(O)CC(C(=O)NCC(C)(C)C(N)=O)C(C)C)C(C)C)ccc1OC
D03208_protomer_1,COCCCOc1cc(CC(CC([NH3+])C(O)CC(C(=O)NCC(C)(C)C(N)=O)C(C)C)C(C)C)ccc1OC
D04488_protomer_1,C[NH2+]CCc1ccc(OC(=O)C(C)C)c(OC(=O)C(C)C)c1
D04488_protomer_2,CNCCc1ccc(OC(=O)C(C)C)c(OC(=O)C(C)C)c1
D02347_protomer_1,O=C1CN(N=Cc2ccc(-c3ccc([N+](=O)[O-])cc3)o2)C(=O)[N-]1
D02347_protomer_2,O=C1CN(N=Cc2ccc(-c3ccc([N+](=O)[O-])cc3)o2)C(=O)N1
D11403_protomer_2,O=C(Nc1ccc(OC(F)(F)Cl)cc1)c1cnc(N2CCC(O)C2)c(-c2ccn[nH]2)c1
D11403_protomer_1,O=C(Nc1ccc(OC(F)(F)Cl)cc1)c1cnc(N2CCC(O)C2)c(-c2ccn[n-]2)c1
D03621_protomer_2,CN1CCN(C(c2ccccc2)c2ccccc2)CC1
D00702_protomer_1,O=C1CC2(CCCC2)CC(=O)N1CCCC[NH+]1CCN(c2ncccn2)CC1
D00702_protomer_2,O=C1CC2(CCCC2)CC(=O)N1CCCCN1CCN(c2ncccn2)CC1
D03783_protomer_2,COc1ccc2c3c1OC1C(=O)CCC4(O)C(C2)N(C)CCC314
D03783_protomer_1,COc1ccc2c3c1OC1C(=O)CCC4(O)C(C2)[NH+](C)CCC314
D05129_protomer_2,CCCc1c2oc(C(=O)O)cc(=O)c2cc2c(=O)cc(C(=O)O)n(CC)c12
D00459_protomer_2,CCOC(=O)C(CCc1ccccc1)NC(C)C(=O)N1Cc2ccccc2CC1C(=O)O
D00459_protomer_1,CCOC(=O)C(CCc1ccccc1)[NH2+]C(C)C(=O)N1Cc2ccccc2CC1C(=O)[O-]
D10699_protomer_2,CC(CCC(=O)O)C1CCC2C3C(O)CC4CC(O)CCC4(C)C3CC(O)C12C
D10699_protomer_1,CC(CCC(=O)[O-])C1CCC2C3C(O)CC4CC(O)CCC4(C)C3CC(O)C12C
D08173_protomer_1,[NH3+]C(Cc1ccc(N(CCCl)CCCl)cc1)C(=O)[O-]
D08173_protomer_2,NC(Cc1ccc(N(CCCl)CCCl)cc1)C(=O)O
D00734_protomer_2,CC(CCC(=O)O)C1CCC2C3C(O)CC4CC(O)CCC4(C)C3CCC12C
D00734_protomer_1,CC(CCC(=O)[O-])C1CCC2C3C(O)CC4CC(O)CCC4(C)C3CCC12C
D00563_protomer_1,C[NH+]1CC[NH+]2c3ncccc3Cc3ccccc3C2C1
D00563_protomer_2,CN1CCN2c3ncccc3Cc3ccccc3C2C1
D02730_protomer_2,CCCCCN=C(N)NN=Cc1c[nH]c2ccc(OC)cc12
D02730_protomer_1,CCCCC[NH+]=C(N)NN=Cc1c[nH]c2ccc(OC)cc12
D00494_protomer_1,CC(CN1c2ccccc2Sc2ccccc21)[NH+](C)C
D00494_protomer_2,CC(CN1c2ccccc2Sc2ccccc21)N(C)C
D08071_protomer_1,O=C([O-])c1cc2ccccc2c(Cc2c([O-])c(C(=O)[O-])cc3ccccc23)c1[O-]
D08071_protomer_3,O=C(O)c1cc2ccccc2c(Cc2c(O)c(C(=O)O)cc3ccccc23)c1O
D07661_protomer_1,COCc1c(C(C)C)nc(C(C)C)c(C=CC(O)CC(O)CC(=O)[O-])c1-c1ccc(F)cc1
D07661_protomer_2,COCc1c(C(C)C)nc(C(C)C)c(C=CC(O)CC(O)CC(=O)O)c1-c1ccc(F)cc1
D01402_protomer_1,CC(=O)OCC(=O)C1(O)C(C)CC2C3CCC4=CC(=O)C=CC4(C)C3(F)C(O)CC21C
D08037_protomer_1,CC([NH3+])CCCC(C)(C)OC(=O)Cn1cnc2c1c(=O)n(C)c(=O)n2C
D08037_protomer_2,CC(N)CCCC(C)(C)OC(=O)Cn1cnc2c1c(=O)n(C)c(=O)n2C
D06637_protomer_1,CC=C1NC(=O)C2CSSCCC=CC(CC(=O)NC(C(C)C)C(=O)N2)OC(=O)C(C(C)C)NC1=O
D04532_protomer_2,O=C(NC1CCN(CCc2c[nH]c3ccccc23)CC1)c1ccccc1
D04532_protomer_1,O=C(NC1CC[NH+](CCc2c[nH]c3ccccc23)CC1)c1ccccc1
D08267_protomer_1,CCC1C[NH+]2CCC1CC2C(O)c1ccnc2ccc(OC)cc12
D08267_protomer_2,CCC1CN2CCC1CC2C(O)c1ccnc2ccc(OC)cc12
D03917_protomer_1,CC12CCC(=O)C=C1C1CC1C1C2CCC2(C)C1C1CC1C21CCC(=O)O1
D10901_protomer_1,CC(C)(O)CNc1nc(Nc2ccnc(C(F)(F)F)c2)nc(-c2cccc(C(F)(F)F)n2)n1
D07804_protomer_2,O=C1CCC(c2ccccc2)(C2CCN(Cc3ccccc3)CC2)C(=O)N1
D07804_protomer_1,O=C1CCC(c2ccccc2)(C2CC[NH+](Cc3ccccc3)CC2)C(=O)N1
D01159_protomer_1,CCCCCC(=O)OC1(C(C)=O)CCC2C3CCC4=CC(=O)CCC4C3CCC21C
D07868_protomer_2,O=c1[nH]c2ccccc2n1CCC[NH+]1CCC(n2c(=O)[n-]c3cc(Cl)ccc32)CC1
D07868_protomer_3,O=c1[nH]c2ccccc2n1CCCN1CCC(n2c(=O)[nH]c3cc(Cl)ccc32)CC1
D07868_protomer_1,O=c1[n-]c2ccccc2n1CCC[NH+]1CCC(n2c(=O)[n-]c3cc(Cl)ccc32)CC1
D05638_protomer_1,Cc1ccc2c(-c3ccccc3)nc(=O)n(C(C)C)c2c1
D03135_protomer_2,[O-]c1c(Cl)cc(Cl)cc1Sc1cc(Cl)cc(Cl)c1[O-]
D03135_protomer_1,[O-]c1c(Cl)cc(Cl)cc1Sc1cc(Cl)cc(Cl)c1O
D08873_protomer_1,COc1ccc(NC(=O)c2ccc(C(=[NH2+])N(C)C)cc2)c(C(=O)Nc2ccc(Cl)cn2)c1
D08873_protomer_2,COc1ccc(NC(=O)c2ccc(C(=N)N(C)C)cc2)c(C(=O)Nc2ccc(Cl)cn2)c1
D08690_protomer_1,Cc1ccc(-c2nc3ccc(C)cn3c2CC(=O)N(C)C)cc1
D00672_protomer_2,OCCOCCN1CCN(C(c2ccccc2)c2ccc(Cl)cc2)CC1
D02367_protomer_1,C#CC1(O)CCC2C3CCC4=CCCCC4C3C(=C)CC21CC
D00635_protomer_2,COCCc1ccc(OCC(O)CNC(C)C)cc1
D00635_protomer_1,COCCc1ccc(OCC(O)C[NH2+]C(C)C)cc1
D08321_protomer_1,COc1cccc(C(=O)CC[NH2+]C(C)C(O)c2ccccc2)c1
D08321_protomer_2,COc1cccc(C(=O)CCNC(C)C(O)c2ccccc2)c1
D07865_protomer_1,CC(CN1c2ccccc2Sc2ccccc21)C[NH+]1CC[NH+](CCOCCO)CC1
D07865_protomer_2,CC(CN1CCN(CCOCCO)CC1)CN1c2ccccc2Sc2ccccc21
D00318_protomer_1,[NH-]S(=O)(=O)[NH+]=C(N)CCSCc1csc([NH+]=C(N)N)n1
D00318_protomer_2,NC(N)=[NH+]c1nc(CSCCC(N)=[NH+]S(N)(=O)=O)cs1
D00318_protomer_3,NC(N)=Nc1nc(CSCCC(N)=NS(N)(=O)=O)cs1
D01057_protomer_1,CC(O)C1C(=O)N2C(C(=O)[O-])=C(SC3Cn4cnc[n+]4C3)C(C)C12
D07234_protomer_2,C=NC(C(=O)NC1C(=O)N2C1SC(C)(C)C2C(=O)O)c1ccccc1
D07234_protomer_1,C=NC(C(=O)NC1C(=O)N2C1SC(C)(C)C2C(=O)[O-])c1ccccc1
D01178_protomer_1,CC(Oc1ccccc1)C(=O)NC1C(=O)N2C1SC(C)(C)C2C(=O)[O-]
D00962_protomer_2,CCN(CC)CCOc1ccc(C(=C(Cl)c2ccccc2)c2ccccc2)cc1
D00962_protomer_1,CC[NH+](CC)CCOc1ccc(C(=C(Cl)c2ccccc2)c2ccccc2)cc1
D07244_protomer_2,CC(C)(C)CC(C)(C)c1ccc([O-])c(Cc2ccc(Cl)cc2Cl)c1
D07244_protomer_1,CC(C)(C)CC(C)(C)c1ccc(O)c(Cc2ccc(Cl)cc2Cl)c1
D01125_protomer_1,C=C1C(=CC=C2CCCC3(C)C2CCC3C(C)C=CC(O)C2CC2)CC(O)CC1O
D00509_protomer_2,Cc1ccc(N(CC2=[NH+]CCN2)c2cccc([O-])c2)cc1
D00509_protomer_1,Cc1ccc(N(CC2=[NH+]CCN2)c2cccc(O)c2)cc1
D00509_protomer_3,Cc1ccc(N(CC2=NCCN2)c2cccc(O)c2)cc1
D07348_protomer_1,O=C(CS(=O)C(c1ccccc1)c1ccccc1)NO
D07717_protomer_1,CC1CC2C3CCC4=CC(=O)C=CC4(C)C3(F)C(=O)CC2(C)C1(O)C(=O)CCl
D00246_protomer_1,CCCC1OC2CC3C4CCC5=CC(=O)C=CC5(C)C4C(O)CC3(C)C2(C(=O)CO)O1
D02698_protomer_2,COc1cc(C2c3cc4c(cc3C(OC3OC5COC(c6cccs6)OC5C(O)C3O)C3COC(=O)C23)OCO4)cc(OC)c1[O-]
D02698_protomer_1,COc1cc(C2c3cc4c(cc3C(OC3OC5COC(c6cccs6)OC5C(O)C3O)C3COC(=O)C23)OCO4)cc(OC)c1O
D00489_protomer_1,Cc1cc(C=Cc2ccc3cc(N(C)C)ccc3[n+]2C)c(C)n1-c1ccccc1
D07333_protomer_1,CC(CC[NH+]1CCN(c2ccc(F)cc2)CC1)NC(=O)c1cccnc1
D07333_protomer_2,CC(CCN1CCN(c2ccc(F)cc2)CC1)NC(=O)c1cccnc1
D01650_protomer_2,CCC(c1ccccc1)c1noc(CCN(CC)CC)n1
D01650_protomer_1,CCC(c1ccccc1)c1noc(CC[NH+](CC)CC)n1
D08293_protomer_1,C[NH+](C)CCC=C1c2ccccc2COc2ccc(CC(=O)[O-])cc21
D08293_protomer_2,CN(C)CCC=C1c2ccccc2COc2ccc(CC(=O)O)cc21
D00818_protomer_1,C[NH2+]CCCC12CCC(c3ccccc31)c1ccccc12
D00818_protomer_2,CNCCCC12CCC(c3ccccc31)c1ccccc12
D00322_protomer_1,OC(Cn1cncn1)(Cn1cncn1)c1ccc(F)cc1F
D00787_protomer_1,OC(CC[NH+]1CCCCC1)(c1ccccc1)C1CCCCC1
D00787_protomer_2,OC(CCN1CCCCC1)(c1ccccc1)C1CCCCC1
D02888_protomer_2,CC1(C)SC2C(N=CN3CCCCCC3)C(=O)N2C1C(=O)O
D02888_protomer_1,CC1(C)SC2C([NH+]=CN3CCCCCC3)C(=O)N2C1C(=O)[O-]
D07508_protomer_2,CC(Cc1cccc(C(F)(F)F)c1)NCCOC(=O)c1ccccc1
D07508_protomer_1,CC(Cc1cccc(C(F)(F)F)c1)[NH2+]CCOC(=O)c1ccccc1
D01082_protomer_1,CC(C)(CO)C(O)C(=O)NCCC(=O)[O-]
D07958_protomer_1,CC(C)(C(=O)[O-])c1ccc(C(O)CCC[NH+]2CCC(C(O)(c3ccccc3)c3ccccc3)CC2)cc1
D07958_protomer_2,CC(C)(C(=O)O)c1ccc(C(O)CCCN2CCC(C(O)(c3ccccc3)c3ccccc3)CC2)cc1
D00187_protomer_1,C=C1CCC(O)CC1=CC=C1CCCC2(C)C1CCC2C(C)C=CC(C)C(C)C
D10481_protomer_2,COC(=O)c1ccc2c(C(=Nc3ccc(N(C)C(=O)C[NH+]4CC[NH+](C)CC4)cc3)c3ccccc3)c([O-])[n-]c2c1
D10481_protomer_1,COC(=O)c1ccc2c(C(=Nc3ccc(N(C)C(=O)C[NH+]4CC[NH+](C)CC4)cc3)c3ccccc3)c(O)[n-]c2c1
D10481_protomer_3,COC(=O)c1ccc2c(C(=Nc3ccc(N(C)C(=O)CN4CCN(C)CC4)cc3)c3ccccc3)c(O)[nH]c2c1
D09919_protomer_1,COc1cc2nccc(Oc3ccc(NC(=O)NC4CC4)c(Cl)c3)c2cc1C(N)=O
D10667_protomer_2,CO[NH+](C)Cc1ccc(O)c2c1CC1CC3C([NH+](C)C)C(=O)C(C(N)=O)=C([O-])C3(O)C(=O)C1=C2[O-]
D10667_protomer_1,CO[NH+](C)Cc1ccc([O-])c2c1CC1CC3C([NH+](C)C)C(=O)C(C(N)=O)=C([O-])C3(O)C(=O)C1=C2[O-]
D10667_protomer_3,CON(C)Cc1ccc(O)c2c1CC1CC3C(N(C)C)C(=O)C(C(N)=O)=C(O)C3(O)C(=O)C1=C2O
D01601_protomer_2,CC(=O)Nc1ccc(S(=O)(=O)[N-]c2cc(C)on2)cc1
D01601_protomer_1,CC(=O)Nc1ccc(S(=O)(=O)Nc2cc(C)on2)cc1
D00774_protomer_1,Cc1ccccc1C(OCC[NH+](C)C)c1ccccc1
D00774_protomer_2,Cc1ccccc1C(OCCN(C)C)c1ccccc1
D07113_protomer_1,CN(C)C(=O)C(CC[N+]1(O)CCC(O)(c2ccc(Cl)cc2)CC1)(c1ccccc1)c1ccccc1
D07113_protomer_2,CN(C)C(=O)C(CC[N+]1([O-])CCC(O)(c2ccc(Cl)cc2)CC1)(c1ccccc1)c1ccccc1
D08280_protomer_1,CC[NH+](CC)Cc1nccn1-c1ccc([N+](=O)[O-])cc1C(=O)c1ccccc1Cl
D08280_protomer_2,CCN(CC)Cc1nccn1-c1ccc([N+](=O)[O-])cc1C(=O)c1ccccc1Cl
D02008_protomer_1,CN1CC(=O)N2C(Cc3c([nH]c4ccccc34)C2c2ccc3c(c2)OCO3)C1=O
D07171_protomer_2,Cc1cc2c(cc1CC(=O)c1sccc1S(=O)(=O)Nc1onc(C)c1Cl)OCO2
D07171_protomer_1,Cc1cc2c(cc1CC(=O)c1sccc1S(=O)(=O)[N-]c1onc(C)c1Cl)OCO2
D02191_protomer_1,Cn1nnnc1SCC1=C(C(=O)[O-])N2C(=O)C(NC(=O)C(O)c3ccccc3)C2SC1
D08108_protomer_1,CS(=O)(=O)CC[NH2+]Cc1ccc(-c2ccc3ncnc(Nc4ccc(OCc5cccc(F)c5)c(Cl)c4)c3c2)o1
D08108_protomer_2,CS(=O)(=O)CCNCc1ccc(-c2ccc3ncnc(Nc4ccc(OCc5cccc(F)c5)c(Cl)c4)c3c2)o1
D08362_protomer_3,Cc1ccc(N(CC2=NCCN2)c2cccc(O)c2)cc1
D08362_protomer_1,Cc1ccc(N(CC2=[NH+]CCN2)c2cccc([O-])c2)cc1
D08362_protomer_2,Cc1ccc(N(CC2=[NH+]CCN2)c2cccc(O)c2)cc1
D01407_protomer_1,CS(=O)(=O)c1ccc(C(O)C(CO)NC(=O)C(Cl)Cl)cc1
D02286_protomer_1,CC1CC2C3CCC4=CC(=O)C=CC4(C)C3(F)C(O)CC2(C)C1(OC(=O)c1ccccc1)C(=O)CO
D02091_protomer_1,C[NH+](C)CCN(Cc1ccccc1)c1ccccn1
D02091_protomer_2,CN(C)CCN(Cc1ccccc1)c1ccccn1
D07700_protomer_1,CCOc1cc(N)c([N+](=O)[O-])cc1C(=O)NC1CC[NH+](CC2CC=CCC2)CC1
D07700_protomer_2,CCOc1cc(N)c([N+](=O)[O-])cc1C(=O)NC1CCN(CC2CC=CCC2)CC1
D00861_protomer_2,O=C([O-])c1ccccc1-c1c2cc(Br)c(=O)cc-2oc2c([Hg])c([O-])c(Br)cc12
D00861_protomer_1,O=C([O-])c1ccccc1-c1c2cc(Br)c(=O)cc-2oc2c([Hg])c(O)c(Br)cc12
D00826_protomer_1,[NH3+]C1CC1c1ccccc1
D00826_protomer_2,NC1CC1c1ccccc1
D00725_protomer_1,O=C(OC1CC2CC3CC(C1)[NH+]2CC3=O)c1c[nH]c2ccccc12
D00725_protomer_2,O=C(OC1CC2CC3CC(C1)N2CC3=O)c1c[nH]c2ccccc12
D00735_protomer_2,CCCCOc1ccc(C(=O)CCN2CCCCC2)cc1
D00735_protomer_1,CCCCOc1ccc(C(=O)CC[NH+]2CCCCC2)cc1
D01011_protomer_2,[NH3+]C(Cc1cc(I)c(Oc2ccc([O-])c(I)c2)c(I)c1)C(=O)[O-]
D01011_protomer_3,NC(Cc1cc(I)c(Oc2ccc(O)c(I)c2)c(I)c1)C(=O)[O-]
D01011_protomer_1,[NH3+]C(Cc1cc(I)c(Oc2ccc(O)c(I)c2)c(I)c1)C(=O)[O-]
D01365_protomer_2,CCOc1cc(OCC)c(C(=O)CCC(=O)O)cc1OCC
D01365_protomer_1,CCOc1cc(OCC)c(C(=O)CCC(=O)[O-])cc1OCC
D08248_protomer_3,C=CCN1CCC23c4c5ccc(O)c4OC2C(O)C=CC3C1C5
D08248_protomer_2,C=CC[NH+]1CCC23c4c5ccc(O)c4OC2C(O)C=CC3C1C5
D08248_protomer_1,C=CC[NH+]1CCC23c4c5ccc([O-])c4OC2C(O)C=CC3C1C5
D01657_protomer_1,CN1C(=O)C(O)N=C(c2ccccc2Cl)c2cc(Cl)ccc21
D02339_protomer_2,CC1(C)SC2C(NC(=O)C(NC(=O)N3CCNC3=O)c3ccccc3)C(=O)N2C1C(=O)O
D02339_protomer_1,CC1(C)SC2C(NC(=O)C(NC(=O)N3CCNC3=O)c3ccccc3)C(=O)N2C1C(=O)[O-]
D07719_protomer_1,CC1CC2C3CC(F)C4=CC(=O)C=CC4(C)C3(Cl)C(O)CC2(C)C1C(=O)CO
D08193_protomer_1,CC1=CC(=O)CC2CCC3C4CCC(O)C4(C)CCC3C12C
D01622_protomer_1,Cc1cc2nc3c(=O)[n-]c(=O)nc-3n(CC(O)C(O)C(O)COP(=O)([O-])[O-])c2cc1C
D01622_protomer_3,Cc1cc2nc3c(=O)[nH]c(=O)nc-3n(CC(O)C(O)C(O)COP(=O)([O-])O)c2cc1C
D00367_protomer_2,OC1(c2ccc(Cl)cc2)c2ccccc2C2=NCCN21
D00367_protomer_1,OC1(c2ccc(Cl)cc2)c2ccccc2C2=[NH+]CCN21
C17728_protomer_1,COc1ccc(C2(c3ccc(OC)cc3)NC(=O)N(CC[NH+]3CCCCC3)C2=O)cc1
C17728_protomer_2,COc1ccc(C2(c3ccc(OC)cc3)NC(=O)N(CCN3CCCCC3)C2=O)cc1
D02878_protomer_3,CC1CN(CC(Cc2ccccc2)C(=O)NCC(=O)O)CCC1(C)c1cccc(O)c1
D02878_protomer_1,CC1C[NH+](CC(Cc2ccccc2)C(=O)NCC(=O)[O-])CCC1(C)c1cccc(O)c1
D02878_protomer_2,CC1C[NH+](CC(Cc2ccccc2)C(=O)NCC(=O)[O-])CCC1(C)c1cccc([O-])c1
D00683_protomer_1,CC(C)(C)[NH2+]CC(O)c1ccc(O)c(CO)c1
D00683_protomer_2,CC(C)(C)[NH2+]CC(O)c1ccc([O-])c(CO)c1
D00683_protomer_3,CC(C)(C)NCC(O)c1ccc(O)c(CO)c1
D01117_protomer_1,C[NH+](c1nccc(=O)[n-]1)C1CCN(c2nc3ccccc3n2Cc2ccc(F)cc2)CC1
D01117_protomer_3,CN(c1nccc(=O)[nH]1)C1CCN(c2nc3ccccc3n2Cc2ccc(F)cc2)CC1
D01117_protomer_2,C[NH+](c1nccc(=O)[nH]1)C1CCN(c2nc3ccccc3n2Cc2ccc(F)cc2)CC1
D00820_protomer_1,O=c1n(CCC[NH+]2CCN(c3cccc(Cl)c3)CC2)nc2ccccn12
D00820_protomer_2,O=c1n(CCCN2CCN(c3cccc(Cl)c3)CC2)nc2ccccn12
D09038_protomer_2,CC(C)(C)S(=O)(=O)CC(Cc1ccccc1)C(=O)NC(Cc1cnc[nH]1)C(=O)NC(CC1CCCCC1)C(O)C(O)C1CC1
D09038_protomer_1,CC(C)(C)S(=O)(=O)CC(Cc1ccccc1)C(=O)NC(Cc1cnc[n-]1)C(=O)NC(CC1CCCCC1)C(O)C(O)C1CC1
D02321_protomer_1,COc1cc(NS(C)(=O)=O)ccc1Nc1c2ccccc2nc2ccccc12
D02321_protomer_2,COc1cc([N-]S(C)(=O)=O)ccc1Nc1c2ccccc2nc2ccccc12
D07635_protomer_1,CC(=O)OCC1=C(C(=O)[O-])N2C(=O)C(NC(=O)Cc3cccs3)C2SC1
D07635_protomer_2,CC(=O)OCC1=C(C(=O)O)N2C(=O)C(NC(=O)Cc3cccs3)C2SC1
D03415_protomer_1,COc1ccccc1OCC[NH2+]CC(O)COc1cccc2[nH]c3ccccc3c12
D03415_protomer_2,COc1ccccc1OCCNCC(O)COc1cccc2[nH]c3ccccc3c12
D03163_protomer_1,Nc1c(CC(=O)[O-])cccc1C(=O)c1ccc(Br)cc1
D01122_protomer_1,CC(C)Cc1ccc(C(C)C(=O)OCc2ccccn2)cc1
D02182_protomer_1,COC(=O)C1C(OC(=O)c2ccccc2)CC2CCC1[NH+]2C
D02182_protomer_2,COC(=O)C1C(OC(=O)c2ccccc2)CC2CCC1N2C
D07277_protomer_1,CN1C(=O)CN=C(C2=CCCCC2)c2cc(Cl)ccc21
D07175_protomer_2,O=C1c2cccc3c2C(CCC3)CN1C1CN2CCC1CC2
D07175_protomer_1,O=C1c2cccc3c2C(CCC3)CN1C1C[NH+]2CCC1CC2
D07144_protomer_1,CCCCCCOC(=O)N=C(N)c1ccc(NCc2nc3cc(C(=O)N(CCC(=O)OCC)c4ccccn4)ccc3n2C)cc1
D08209_protomer_1,C[NH+]1CCCC(CC2c3ccccc3Sc3ccccc32)C1
D08209_protomer_2,CN1CCCC(CC2c3ccccc3Sc3ccccc32)C1
D08692_protomer_2,CCCCCCCCCC(=O)OCCN1CCN(CCC=C2c3ccccc3Sc3ccc(Cl)cc32)CC1
D08692_protomer_1,CCCCCCCCCC(=O)OCC[NH+]1CC[NH+](CCC=C2c3ccccc3Sc3ccc(Cl)cc32)CC1
D05040_protomer_2,Cc1cc(-c2ccccc2)nnc1NCCN1CCOCC1
D05040_protomer_1,Cc1cc(-c2ccccc2)nnc1NCC[NH+]1CCOCC1
D02248_protomer_1,COc1ccc2c(c1)N(CC(C)C[NH+](C)C)c1ccccc1S2
D02248_protomer_2,COc1ccc2c(c1)N(CC(C)CN(C)C)c1ccccc1S2
D00978_protomer_1,CC12CCC(=O)C=C1CCC1C2C(O)CC2(C)C1CCC2(O)C(=O)COC(=O)CCC(=O)[O-]
D00483_protomer_1,CC(C)[NH2+]CC(O)COc1cccc2ccccc12
D00483_protomer_2,CC(C)NCC(O)COc1cccc2ccccc12
D00270_protomer_1,C[NH+](C)CCCN1c2ccccc2Sc2ccc(Cl)cc21
D00270_protomer_2,CN(C)CCCN1c2ccccc2Sc2ccc(Cl)cc21
D01101_protomer_2,O=C(CCCN1CCC(O)(c2ccc(Br)cc2)CC1)c1ccc(F)cc1
D01101_protomer_1,O=C(CCC[NH+]1CCC(O)(c2ccc(Br)cc2)CC1)c1ccc(F)cc1
D01002_protomer_2,CN(C)CCOC(=O)C(c1ccccc1)C1(O)CCCC1
D01002_protomer_1,C[NH+](C)CCOC(=O)C(c1ccccc1)C1(O)CCCC1
D00448_protomer_3,O=C(O)c1cc(N=Nc2ccc(S(=O)(=O)Nc3ccccn3)cc2)ccc1O
D00448_protomer_2,O=C([O-])c1cc(N=Nc2ccc(S(=O)(=O)[N-]c3ccccn3)cc2)ccc1[O-]
D00448_protomer_1,O=C([O-])c1cc(N=Nc2ccc(S(=O)(=O)[N-]c3ccccn3)cc2)ccc1O
D00448_protomer_4,[O]C(=O)c1cc(/N=N\c2ccc(S(=O)(=O)Nc3ccccn3)cc2)ccc1O
D05597_protomer_2,CC(=O)Oc1cc2c(s1)CCN(C(C(=O)C1CC1)c1ccccc1F)C2
D01003_protomer_2,C[N+]1(C)CCN(CC(O)(c2ccccc2)C2CCCCC2)CC1
D00585_protomer_1,CC#CC1(O)CCC2C3CCC4=CC(=O)CCC4=C3C(c3ccc(N(C)C)cc3)CC21C
D00686_protomer_1,CC(C)(C)[NH2+]CC(O)c1ccc(O)c(CO)n1
D00686_protomer_2,CC(C)(C)[NH2+]CC(O)c1ccc([O-])c(CO)n1
D00686_protomer_3,CC(C)(C)NCC(O)c1ccc(O)c(CO)n1
D02185_protomer_1,O=C([O-])CCC(=O)OCC(NC(=O)C(Cl)Cl)C(O)c1ccc([N+](=O)[O-])cc1
D02220_protomer_2,CCCCOc1cc(C(=O)NCCN(CC)CC)c2ccccc2n1
D02220_protomer_1,CCCCOc1cc(C(=O)NCC[NH+](CC)CC)c2ccccc2n1
D07410_protomer_1,COc1ccc2c(=O)c3ccccc3oc2c1C[NH+]1CCCCC1
D07410_protomer_2,COc1ccc2c(=O)c3ccccc3oc2c1CN1CCCCC1
D00706_protomer_1,Cc1ccc(-c2nc3ccc(C)cn3c2CC(=O)N(C)C)cc1
D08171_protomer_2,CN(C)CCC=C1c2ccccc2C(C)(C)c2ccccc21
D08171_protomer_1,C[NH+](C)CCC=C1c2ccccc2C(C)(C)c2ccccc21
D05028_protomer_1,Cc1ncc2n1-c1ccc(Cl)cc1C(c1ccccc1F)=NC2
D02305_protomer_2,CCn1cc(C(=O)O)c(=O)c2ccc(-c3ccncc3)cc21
D02305_protomer_1,CCn1cc(C(=O)[O-])c(=O)c2ccc(-c3ccncc3)cc21
D00798_protomer_1,CSc1ccc2c(c1)N(CCC1CCCC[NH+]1C)c1ccccc1S2
D00798_protomer_2,CSc1ccc2c(c1)N(CCC1CCCCN1C)c1ccccc1S2
D00656_protomer_2,C[NH+]1C(CCl)[NH2+]c2cc(Cl)c(S([NH-])(=O)=O)cc2S1(=O)=O
D00656_protomer_3,CN1C(CCl)Nc2cc(Cl)c(S(N)(=O)=O)cc2S1(=O)=O
D00656_protomer_1,C[NH+]1C(CCl)[NH2+]c2cc(Cl)c(S(N)(=O)=O)cc2S1(=O)=O
D07365_protomer_2,CCCC(=O)C1=C([O-])C(Cc2c(OC)cc([O-])c(C(=O)CCC)c2[O-])=C(O)C(C)(C)C1=O
D07365_protomer_1,CCCC(=O)C1=C([O-])C(Cc2c(OC)cc(O)c(C(=O)CCC)c2[O-])=C(O)C(C)(C)C1=O
D07365_protomer_3,CCCC(=O)C1=C(O)C(Cc2c(OC)cc(O)c(C(=O)CCC)c2O)=C(O)C(C)(C)C1=O
D00727_protomer_2,O=C([O-])c1cc(N=Nc2ccc([O-])c(C(=O)[O-])c2)ccc1[O-]
D00727_protomer_3,O=C(O)c1cc(N=Nc2ccc([O-])c(C(=O)O)c2)ccc1[O-]
D00727_protomer_1,O=C([O-])c1cc(N=Nc2ccc(O)c(C(=O)[O-])c2)ccc1[O-]
D04657_protomer_2,CCOC(=O)C1=C(C)NC(C)=C(C(=O)OCC)C1c1ccccc1C=CC(=O)OC(C)(C)C
D04657_protomer_1,CCOC(=O)C1=C(C)[NH2+]C(C)=C(C(=O)OCC)C1c1ccccc1C=CC(=O)OC(C)(C)C
D08337_protomer_1,COc1cc(Cc2cnc(N)nc2N)c2c(c1OC)OC(C1CC1)C=C2
D00780_protomer_2,CC(C)CC1C(=O)N2CCCC2C2(O)OC(NC(=O)C3C=C4c5cccc6[nH]c(Br)c(c56)CC4N(C)C3)(C(C)C)C(=O)N12
D00780_protomer_1,CC(C)CC1C(=O)N2CCCC2C2(O)OC(NC(=O)C3C=C4c5cccc6[nH]c(Br)c(c56)CC4[NH+](C)C3)(C(C)C)C(=O)N12
D07314_protomer_1,C#CCN1C(=O)CN=C(c2ccccc2)c2cc(Cl)ccc21
D04862_protomer_2,CC(Cc1ccc([O-])c([O-])c1)C(C)Cc1ccc(O)c([O-])c1
D04862_protomer_1,CC(Cc1ccc([O-])c([O-])c1)C(C)Cc1ccc([O-])c([O-])c1
D04862_protomer_3,CC(Cc1ccc(O)c(O)c1)C(C)Cc1ccc(O)c(O)c1
D00658_protomer_2,NS(=O)(=O)c1cc2c(cc1Cl)[NH2+]C(C(Cl)Cl)[N-]S2(=O)=O
D00658_protomer_1,[NH-]S(=O)(=O)c1cc2c(cc1Cl)[NH2+]C(C(Cl)Cl)[N-]S2(=O)=O
D00658_protomer_3,NS(=O)(=O)c1cc2c(cc1Cl)NC(C(Cl)Cl)NS2(=O)=O
D02589_protomer_1,CCOC(=O)c1cc(=O)c2c(OCC(COc3cccc4oc(C(=O)OCC)cc(=O)c34)OC(=O)C([NH3+])CCCC[NH3+])cccc2o1
D02589_protomer_2,CCOC(=O)c1cc(=O)c2c(OCC(COc3cccc4oc(C(=O)OCC)cc(=O)c34)OC(=O)C(N)CCCCN)cccc2o1
D02760_protomer_1,Cc1ccc(C(=CC[NH+]2CCCC2)c2cccc(C=CC(=O)[O-])n2)cc1
D02760_protomer_2,Cc1ccc(C(=CCN2CCCC2)c2cccc(C=CC(=O)O)n2)cc1
D07167_protomer_1,CC[NH+](CC)CCn1c2c(c3ccc(OC)cc31)CC[NH+]1CC3CC(OC(=O)c4cc(OC)c(OC)c(OC)c4)C(OC)C(C(=O)OC)C3CC21
D07167_protomer_2,CCN(CC)CCn1c2c(c3ccc(OC)cc31)CCN1CC3CC(OC(=O)c4cc(OC)c(OC)c(OC)c4)C(OC)C(C(=O)OC)C3CC21
C11250_protomer_1,C[NH2+]C1CCc2cc(OC)c(OC)c(OC)c2-c2ccc(OC)c(=O)cc21
C11250_protomer_2,CNC1CCc2cc(OC)c(OC)c(OC)c2-c2ccc(OC)c(=O)cc21
D08238_protomer_1,CCc1cc2cc(OC)c(OC)cc2c(Cc2ccccc2)n1
D00182_protomer_1,C#CC1(O)CCC2C3CCC4=CC(=O)CCC4C3CCC21C
D05340_protomer_2,CCCCCCCCCCCCCCCC(=O)OC1CCCn2c1nc(C)c(CCN1CCC(c3noc4cc(F)ccc34)CC1)c2=O
D05340_protomer_1,CCCCCCCCCCCCCCCC(=O)OC1CCCn2c1nc(C)c(CC[NH+]1CCC(c3noc4cc(F)ccc34)CC1)c2=O
D08058_protomer_2,CC(C)Cc1ccc(C(C)C(=O)O)cc1
D08058_protomer_1,CC(C)Cc1ccc(C(C)C(=O)[O-])cc1
D01079_protomer_3,CN(C)c1cc(NC(=O)CNC(C)(C)C)c(O)c2c1CC1CC3C(N(C)C)C(=O)C(C(N)=O)=C(O)C3(O)C(=O)C1=C2O
D01079_protomer_1,CN(C)c1cc(NC(=O)C[NH2+]C(C)(C)C)c(O)c2c1CC1CC3C([NH+](C)C)C(=O)C(C(N)=O)=C([O-])C3(O)C(=O)C1=C2[O-]
D01079_protomer_2,CN(C)c1cc(NC(=O)C[NH2+]C(C)(C)C)c([O-])c2c1CC1CC3C([NH+](C)C)C(=O)C(C(N)=O)=C([O-])C3(O)C(=O)C1=C2[O-]
D03505_protomer_2,CC(NCCCc1cccc(C(F)(F)F)c1)c1cccc2ccccc12
D03505_protomer_1,CC([NH2+]CCCc1cccc(C(F)(F)F)c1)c1cccc2ccccc12
D07180_protomer_2,CC1OC(OCC2OC(Oc3c(-c4ccc(OCCO)c(OCCO)c4)oc4cc(OCCO)cc(O)c4c3=O)C(O)C(O)C2O)C(O)C(O)C1O
D07180_protomer_1,CC1OC(OCC2OC(Oc3c(-c4ccc(OCCO)c(OCCO)c4)oc4cc(OCCO)cc([O-])c4c3=O)C(O)C(O)C2O)C(O)C(O)C1O
D08120_protomer_2,CC1COc2c(N3CCN(C)CC3)c(F)cc3c(=O)c(C(=O)O)cn1c23
D08120_protomer_1,CC1COc2c(N3CC[NH+](C)CC3)c(F)cc3c(=O)c(C(=O)[O-])cn1c23
D02100_protomer_2,O=C1Cc2cc(CCN3CCN(c4nsc5ccccc45)CC3)c(Cl)cc2N1
D02100_protomer_1,O=C1Cc2cc(CC[NH+]3CCN(c4nsc5ccccc45)CC3)c(Cl)cc2N1
D00631_protomer_2,CC(C)COCC(CN(Cc1ccccc1)c1ccccc1)N1CCCC1
D00631_protomer_1,CC(C)COCC(CN(Cc1ccccc1)c1ccccc1)[NH+]1CCCC1
D03360_protomer_2,CN(C)CCOC(c1ccccc1)c1ccccc1
D03360_protomer_1,C[NH+](C)CCOC(c1ccccc1)c1ccccc1
D00368_protomer_2,COC(=O)Nc1nc2ccc(C(=O)c3ccccc3)cc2[nH]1
D00368_protomer_1,COC(=O)Nc1nc2ccc(C(=O)c3ccccc3)cc2[n-]1
D01076_protomer_1,CC(=CC(=O)OCCCCCCCCC(=O)[O-])CC1OCC(CC2OC2C(C)C(C)O)C(O)C1O
D01076_protomer_2,CC(=CC(=O)OCCCCCCCCC(=O)O)CC1OCC(CC2OC2C(C)C(C)O)C(O)C1O
D10859_protomer_1,C=CC(=O)Nc1cccc(Oc2nc(Nc3ccc(N4CC[NH+](C)CC4)cc3)nc3ccsc23)c1
D10859_protomer_2,C=CC(=O)Nc1cccc(Oc2nc(Nc3ccc(N4CCN(C)CC4)cc3)nc3ccsc23)c1
D00411_protomer_1,COc1cc(C(=O)[N-]S(=O)(=O)c2ccccc2C)ccc1Cc1cn(C)c2ccc(NC(=O)OC3CCCC3)cc12
D00411_protomer_2,COc1cc(C(=O)NS(=O)(=O)c2ccccc2C)ccc1Cc1cn(C)c2ccc(NC(=O)OC3CCCC3)cc12
D02203_protomer_2,CC1(C)SC2C(N3C(=O)C(c4ccccc4)NC3(C)C)C(=O)N2C1C(=O)[O-]
D02203_protomer_1,CC1(C)SC2C(N3C(=O)C(c4ccccc4)[NH2+]C3(C)C)C(=O)N2C1C(=O)[O-]
D07319_protomer_1,COCc1c(C(=O)OC(C)C)ncc2[nH]c3cccc(Oc4ccc(Cl)cc4)c3c12
D08295_protomer_3,O=C(O)c1cc(N=Nc2ccc(O)c(C(=O)O)c2)ccc1O
D08295_protomer_1,O=C([O-])c1cc(N=Nc2ccc([O-])c(C(=O)[O-])c2)ccc1[O-]
D08295_protomer_2,O=C([O-])c1cc(N=Nc2ccc(O)c(C(=O)[O-])c2)ccc1[O-]
D00492_protomer_1,CC(=O)OC1CC2CCC3C(CCC4(C)C3CC([N+]3(C)CCCCC3)C4OC(C)=O)C2(C)CC1[N+]1(C)CCCCC1
D08106_protomer_3,CC(CCc1ccccc1)NCC(O)c1ccc(O)c(C(N)=O)c1
D08106_protomer_1,CC(CCc1ccccc1)[NH2+]CC(O)c1ccc([O-])c(C(N)=O)c1
D08106_protomer_2,CC(CCc1ccccc1)[NH2+]CC(O)c1ccc(O)c(C(N)=O)c1
D07392_protomer_1,c1ccc(C(Cc2noc(CC[NH+]3CCCCC3)n2)c2ccccc2)cc1
D07392_protomer_2,c1ccc(C(Cc2noc(CCN3CCCCC3)n2)c2ccccc2)cc1
D08626_protomer_1,O=c1n(CCC[NH+]2CCN(c3cccc(Cl)c3)CC2)nc2ccccn12
D08626_protomer_2,O=c1n(CCCN2CCN(c3cccc(Cl)c3)CC2)nc2ccccn12
D00176_protomer_2,NC(=O)C1CCCN1C(=O)C(Cc1cnc[n-]1)NC(=O)C1CCC(=O)N1
D00176_protomer_1,NC(=O)C1CCCN1C(=O)C(Cc1cnc[nH]1)NC(=O)C1CCC(=O)N1
C07818_protomer_1,C[N+]1(C)CCCC(OC(=O)C(O)(c2ccccc2)c2ccccc2)C1
D07312_protomer_1,CC[NH+]1CCCC1CNC(=O)c1cc(S([NH-])(=O)=O)ccc1OC
D07312_protomer_3,CCN1CCCC1CNC(=O)c1cc(S(N)(=O)=O)ccc1OC
D07312_protomer_2,CC[NH+]1CCCC1CNC(=O)c1cc(S(N)(=O)=O)ccc1OC
D07890_protomer_2,CCOCCn1c(N2CCCN(C)CC2)nc2ccccc21
D07890_protomer_1,CCOCCn1c(N2CCC[NH+](C)CC2)nc2ccccc21
C07547_protomer_1,COc1cc2c3cc1Oc1cc(ccc1[O-])CC1c4c(cc(OC)c([O-])c4Oc4ccc(cc4)CC3[NH+](C)CC2)CC[N+]1(C)C
C07547_protomer_3,COc1cc2c3cc1Oc1cc(ccc1O)CC1c4c(cc(OC)c(O)c4Oc4ccc(cc4)CC3N(C)CC2)CC[N+]1(C)C
C07547_protomer_2,COc1cc2c3cc1Oc1cc(ccc1O)CC1c4c(cc(OC)c([O-])c4Oc4ccc(cc4)CC3[NH+](C)CC2)CC[N+]1(C)C
D00429_protomer_2,CC(C)(C)NC(=O)C1CC2CCCCC2CN1CC(O)C(Cc1ccccc1)NC(=O)C(CC(N)=O)NC(=O)c1ccc2ccccc2n1
D00429_protomer_1,CC(C)(C)NC(=O)C1CC2CCCCC2C[NH+]1CC(O)C(Cc1ccccc1)NC(=O)C(CC(N)=O)NC(=O)c1ccc2ccccc2n1
D04157_protomer_3,CC(Cc1ccc(O)cc1)NCC(O)c1cc(O)cc(O)c1
D04157_protomer_1,CC(Cc1ccc(O)cc1)[NH2+]CC(O)c1cc([O-])cc([O-])c1
D04157_protomer_2,CC(Cc1ccc([O-])cc1)[NH2+]CC(O)c1cc([O-])cc([O-])c1
D00948_protomer_1,CC12CCC3c4ccc(OS(=O)(=O)[O-])cc4CCC3C1CCC2=O
D00948_protomer_2,CC12CCC3c4ccc(OS(=O)(=O)O)cc4CCC3C1CCC2=O
D01075_protomer_1,O=C(Cc1cccs1)NC1C(=O)N2C(C(=O)[O-])=C(C[n+]3ccccc3)CSC12
D07176_protomer_2,COc1cc(OC)c(C(=O)CCCN2CCCC2)c(OC)c1
D07176_protomer_1,COc1cc(OC)c(C(=O)CCC[NH+]2CCCC2)c(OC)c1
D03899_protomer_3,COc1cccc2c1C(=O)c1c(O)c3c(c(O)c1C2=O)CC(O)(C(=O)CO)CC3OC1CC(N)C(O)C(C)O1
D03899_protomer_1,COc1cccc2c1C(=O)c1c(O)c3c(c([O-])c1C2=O)CC(O)(C(=O)CO)CC3OC1CC([NH3+])C(O)C(C)O1
D03899_protomer_2,COc1cccc2c1C(=O)c1c([O-])c3c(c([O-])c1C2=O)CC(O)(C(=O)CO)CC3OC1CC([NH3+])C(O)C(C)O1
D07812_protomer_2,CN(C)CCN1C(=O)c2ccccc2N(C)c2ccccc21
D07812_protomer_1,CN1c2ccccc2C(=O)N(CC[NH+](C)C)c2ccccc21
D00858_protomer_2,NC(=NCCCCCCN=C(N)N=C(N)Nc1ccc(Cl)cc1)N=C(N)Nc1ccc(Cl)cc1
D00858_protomer_1,NC(Nc1ccc(Cl)cc1)=[NH+]C(N)=[NH+]CCCCCC[NH+]=C(N)[NH+]=C(N)Nc1ccc(Cl)cc1
D00789_protomer_2,CN(C)CCCN1c2ccccc2Sc2ccc(Cl)cc21
D00789_protomer_1,C[NH+](C)CCCN1c2ccccc2Sc2ccc(Cl)cc21
D00350_protomer_1,CCC(C)n1ncn(-c2ccc(N3CCN(c4ccc(OCC5COC(Cn6cncn6)(c6ccc(Cl)cc6Cl)O5)cc4)CC3)cc2)c1=O
D07382_protomer_2,O=C(Nc1c(Br)cc(Br)cc1CNC1CCC(O)CC1)c1cccs1
D07382_protomer_1,O=C(Nc1c(Br)cc(Br)cc1C[NH2+]C1CCC(O)CC1)c1cccs1
D07288_protomer_2,N#CC(CCN1CCC(C(N)=O)(N2CCCCC2)CC1)(c1ccccc1)c1ccccc1
D08146_protomer_2,CCCCc1nc(Cl)c(CO)n1Cc1ccc(-c2ccccc2-c2nn[nH]n2)cc1
D08146_protomer_1,CCCCc1nc(Cl)c(CO)n1Cc1ccc(-c2ccccc2-c2nn[n-]n2)cc1
D00637_protomer_1,CC(C)[NH+](CCC(C(N)=O)(c1ccccc1)c1ccccn1)C(C)C
D00637_protomer_2,CC(C)N(CCC(C(N)=O)(c1ccccc1)c1ccccn1)C(C)C
D08360_protomer_1,CC1(C)SC2C(NC(=O)COc3ccccc3)C(=O)N2C1C(=O)[O-]
D02604_protomer_2,CC(=O)c1ccc2c(c1)N(CCCN(C)C)c1ccccc1S2
D02604_protomer_1,CC(=O)c1ccc2c(c1)N(CCC[NH+](C)C)c1ccccc1S2
D08172_protomer_1,CC1CC[NH+](CCCC(=O)c2ccc(F)cc2)CC1
D08172_protomer_2,CC1CCN(CCCC(=O)c2ccc(F)cc2)CC1
D01627_protomer_1,C[NH+]1CCC(OC(c2ccccc2)c2ccccc2)CC1
D01627_protomer_2,CN1CCC(OC(c2ccccc2)c2ccccc2)CC1
D00598_protomer_1,CC(C)[NH2+]CC(O)COc1ccc(CCOCC2CC2)cc1
D00598_protomer_2,CC(C)NCC(O)COc1ccc(CCOCC2CC2)cc1
D02396_protomer_1,[O-]c1ccc(C(O)C[NH2+]CCCCCC[NH2+]CC(O)c2ccc(O)c([O-])c2)cc1[O-]
D02396_protomer_3,Oc1ccc(C(O)CNCCCCCCNCC(O)c2ccc(O)c(O)c2)cc1O
D02396_protomer_2,[O-]c1ccc(C(O)C[NH2+]CCCCCC[NH2+]CC(O)c2ccc([O-])c([O-])c2)cc1[O-]
D00669_protomer_2,CN(C)CCOC(c1ccccc1)c1ccccc1
D00669_protomer_1,C[NH+](C)CCOC(c1ccccc1)c1ccccc1
D02780_protomer_1,CC(=O)NCCCS(=O)(=O)[O-]
D02498_protomer_1,CC(C)c1nc(CN(C)C(=O)NC(C(=O)NC(Cc2ccccc2)CC(O)C(Cc2ccccc2)NC(=O)OCc2cncs2)C(C)C)cs1
D00157_protomer_2,CC1(C(=O)O)CCC2(C)CCC3(C)C(=CC(=O)C4C5(C)CCC(OC6OC(C(=O)O)C(O)C(O)C6OC6OC(C(=O)O)C(O)C(O)C6O)C(C)(C)C5CCC43C)C2C1
D07763_protomer_1,CC1(C)C(C=C(Cl)Cl)C1C(=O)OC(C#N)c1cccc(Oc2ccccc2)c1
D01121_protomer_1,O=C(NC(Cc1cc(=O)[n-]c2ccccc12)C(=O)[O-])c1ccc(Cl)cc1
D01121_protomer_3,O=C(NC(Cc1cc(=O)[nH]c2ccccc12)C(=O)O)c1ccc(Cl)cc1
D08254_protomer_1,NNc1cc2c(nn1)CCN(C(=O)c1ccccc1)C2
D07963_protomer_2,COC1(NC(=O)CSC(F)F)C(=O)N2C(C(=O)O)=C(CSc3nnnn3CCO)COC21
D07963_protomer_1,COC1(NC(=O)CSC(F)F)C(=O)N2C(C(=O)[O-])=C(CSc3nnnn3CCO)COC21
D07263_protomer_1,CCCCC1C(=O)N(c2ccccc2)N(c2ccccc2)C1=O
D00951_protomer_1,CC(=O)OC1(C(C)=O)CCC2C3CC(C)C4=CC(=O)CCC4(C)C3CCC21C
D07853_protomer_2,CC(C1=C(CCN(C)C)Cc2ccccc21)c1ccccn1
D07853_protomer_1,CC(C1=C(CC[NH+](C)C)Cc2ccccc21)c1ccccn1
D08358_protomer_2,CC(COc1ccccc1)N(CCCl)Cc1ccccc1
D07405_protomer_1,CCOc1c(N)c2c(c(OCC)c1OCC)C(C1c3c(cc4c(c3OC)OCO4)CC[NH+]1C)OC2=O
D07405_protomer_2,CCOc1c(N)c2c(c(OCC)c1OCC)C(C1c3c(cc4c(c3OC)OCO4)CCN1C)OC2=O
D07847_protomer_2,COc1ccc2c(=O)c(C)c(-c3ccccc3)oc2c1CN(C)C
D07847_protomer_1,COc1ccc2c(=O)c(C)c(-c3ccccc3)oc2c1C[NH+](C)C
D02115_protomer_2,CN(Cc1cnc2nc(N)nc(N)c2n1)c1ccc(C(=O)NC(CCC(=O)[O-])C(=O)O)cc1
D00696_protomer_1,Cc1ncc2n1-c1ccc(Cl)cc1C(c1ccccc1F)=NC2
D08678_protomer_2,CCC12CCCN3CCc4c(n(c5ccccc45)C(O)(C(=O)OC)C1)C32
D08678_protomer_1,CCC12CCC[NH+]3CCc4c(n(c5ccccc45)C(O)(C(=O)OC)C1)C32
D02249_protomer_1,CCOCCn1c(N2CCC[NH+](C)CC2)nc2ccccc21
D02249_protomer_2,CCOCCn1c(N2CCCN(C)CC2)nc2ccccc21
D00213_protomer_1,CC(=O)OC1CC2(C)C(CC(O)C3C4(C)CCC(O)C(C)C4CCC32C)C1=C(CCC=C(C)C)C(=O)[O-]
D11112_protomer_1,CCc1noc(CC)c1C(=O)OC1C(C)=CC23C(=O)C(C=C(CO)C(O)C12O)C1C(CC3C)C1(C)C
D07782_protomer_2,CC(C)[NH2+]c1cccnc1N1CCN(C(=O)c2cc3cc([N-]S(C)(=O)=O)ccc3[nH]2)CC1
D07782_protomer_1,CC(C)[NH2+]c1cccnc1N1CCN(C(=O)c2cc3cc(NS(C)(=O)=O)ccc3[nH]2)CC1
D07782_protomer_3,CC(C)Nc1cccnc1N1CCN(C(=O)c2cc3cc(NS(C)(=O)=O)ccc3[nH]2)CC1
D08670_protomer_2,COc1ccc(C(CN(C)C)C2(O)CCCCC2)cc1
D08670_protomer_1,COc1ccc(C(C[NH+](C)C)C2(O)CCCCC2)cc1
D00319_protomer_1,CCOC(=O)C1=C(C)[NH2+]C(C)=C(C(=O)OC)C1c1cccc(Cl)c1Cl
D00319_protomer_2,CCOC(=O)C1=C(C)NC(C)=C(C(=O)OC)C1c1cccc(Cl)c1Cl
D11692_protomer_1,O=C(Cc1ccc(-c2ccc(OCC[NH+]3CCOCC3)cc2)cn1)NCc1ccccc1
D11692_protomer_2,O=C(Cc1ccc(-c2ccc(OCCN3CCOCC3)cc2)cn1)NCc1ccccc1
D07884_protomer_1,Clc1cc(Cl)c2c(c1)CCc1ccccc1C2n1ccnc1
D06236_protomer_1,COc1cc(Cc2cnc(N)nc2N)cc(OC)c1OC
D07653_protomer_2,NC(=O)c1cc[n+](CC2=C(C(=O)[O-])N3C(=O)C(NC(=O)C(c4ccccc4)S(=O)(=O)O)C3SC2)cc1
D07653_protomer_1,NC(=O)c1cc[n+](CC2=C(C(=O)[O-])N3C(=O)C(NC(=O)C(c4ccccc4)S(=O)(=O)[O-])C3SC2)cc1
D02114_protomer_2,CCN(CCO)CCCC(C)Nc1ccnc2cc(Cl)ccc12
D02114_protomer_1,CC[NH+](CCO)CCCC(C)[NH2+]c1ccnc2cc(Cl)ccc12
D07087_protomer_2,CCCN(CCC)C(=O)C(Cc1ccc(OCCN(CC)CC)cc1)NC(=O)c1ccccc1
D07087_protomer_1,CCCN(CCC)C(=O)C(Cc1ccc(OCC[NH+](CC)CC)cc1)NC(=O)c1ccccc1
D00839_protomer_3,CN1CCC23c4c5ccc(O)c4OC2C(=O)CCC3C1C5
D00839_protomer_1,C[NH+]1CCC23c4c5ccc(O)c4OC2C(=O)CCC3C1C5
D00839_protomer_2,C[NH+]1CCC23c4c5ccc([O-])c4OC2C(=O)CCC3C1C5
D02098_protomer_2,CCCOc1ccc(C(=O)OCCN(CC)CC)cc1N
D02098_protomer_1,CCCOc1ccc(C(=O)OCC[NH+](CC)CC)cc1N
D01943_protomer_1,CC12CCC(=O)C=C1C=CC1C2CCC2(C)C1CCC2(O)CCC(=O)[O-]
D07203_protomer_1,CCC(=O)OC1(C(=O)COC(C)=O)CCC2C3CC(C)C4=CC(=O)C=CC4(C)C3C(O)CC21C
D00795_protomer_2,CN1CCCCC1CCN1c2ccccc2Sc2ccc(S(C)=O)cc21
D00795_protomer_1,C[NH+]1CCCCC1CCN1c2ccccc2Sc2ccc(S(C)=O)cc21
D00659_protomer_1,C[NH+]1CCCC(n2nc(Cc3ccc(Cl)cc3)c3ccccc3c2=O)CC1
D00659_protomer_2,CN1CCCC(n2nc(Cc3ccc(Cl)cc3)c3ccccc3c2=O)CC1
D02995_protomer_2,CN1CC2c3ccccc3Oc3ccc(Cl)cc3C2C1
D02995_protomer_1,C[NH+]1CC2c3ccccc3Oc3ccc(Cl)cc3C2C1
D00667_protomer_1,CN(CCCCCCCCCCN(C)C(=O)Oc1cccc([N+](C)(C)C)c1)C(=O)Oc1cccc([N+](C)(C)C)c1
D08357_protomer_1,CC(C)=CC1C(C(=O)OCc2cccc(Oc3ccccc3)c2)C1(C)C
D07740_protomer_1,COc1ccc2c3c1OC1C(O)C=CC4C(C2)[NH+](C)CCC341
D00379_protomer_1,Cc1ccc(S(=O)(=O)[N-]C(=O)[N-]N2CCCCCC2)cc1
D00379_protomer_2,Cc1ccc(S(=O)(=O)NC(=O)NN2CCCCCC2)cc1
D02733_protomer_1,COc1cc(C(=O)NCc2ccc(OCC[NH+](C)C)cc2)cc(OC)c1OC
D02733_protomer_2,COc1cc(C(=O)NCc2ccc(OCCN(C)C)cc2)cc(OC)c1OC
D03742_protomer_1,COc1ccc2c(c1)C13CCCCC1C(C2)[NH+](C)CC3
D03742_protomer_2,COc1ccc2c(c1)C13CCCCC1C(C2)N(C)CC3
D00894_protomer_2,CC(C)CN(CC(O)C(Cc1ccccc1)NC(=O)OC1CCOC1)S(=O)(=O)c1ccc(N)cc1
D00894_protomer_1,CC(C)C[NH+](CC(O)C(Cc1ccccc1)NC(=O)OC1CCOC1)S(=O)(=O)c1ccc(N)cc1
D08735_protomer_1,CCC(C)C(=O)OC1C(OC(C)=O)c2c(ccc3ccc(=O)oc23)OC1(C)C
D02566_protomer_1,C[NH2+]CCCC12CCC(c3ccccc31)c1ccccc12
D02566_protomer_2,CNCCCC12CCC(c3ccccc31)c1ccccc12
D01072_protomer_1,CCCCCCCCCCCCCCCC(=O)OCC(NC(=O)C(Cl)Cl)C(O)c1ccc([N+](=O)[O-])cc1
D00216_protomer_2,CC1OC(OC2C(CO)OC(OC3C(CO)OC(O)C(O)C3O)C(O)C2O)C(O)C(O)C1NC1C=C(CO)C(O)C(O)C1O
D00416_protomer_1,Clc1ccc(COC(Cn2ccnc2)c2ccc(Cl)cc2Cl)c(Cl)c1
D00197_protomer_1,COC(=O)C1C2CC3c4[nH]c5cc(OC)ccc5c4CC[NH+]3CC2CC(OC(=O)c2cc(OC)c(OC)c(OC)c2)C1OC
D00197_protomer_2,COC(=O)C1C2CC3c4[nH]c5cc(OC)ccc5c4CCN3CC2CC(OC(=O)c2cc(OC)c(OC)c(OC)c2)C1OC
D00163_protomer_1,CC(CCC(=O)[O-])C1CCC2C3C(O)CC4CC(O)CCC4(C)C3CCC12C
D00163_protomer_2,CC(CCC(=O)O)C1CCC2C3C(O)CC4CC(O)CCC4(C)C3CCC12C
D00845_protomer_2,CCC(=O)N(c1ccccc1)C1(COC)CCN(CCc2cccs2)CC1
D00845_protomer_1,CCC(=O)N(c1ccccc1)C1(COC)CC[NH+](CCc2cccs2)CC1
D08053_protomer_1,CC(=O)OC1(C(C)=O)CCC2C3CCC4=CC(=O)CCC4(C)C3CCC21C
D07368_protomer_1,CC(C)=CC1C(C(=O)OCN2C(=O)C3=C(CCCC3)C2=O)C1(C)C
D00497_protomer_1,CC1(C)SC2C(NC(=O)COc3ccccc3)C(=O)N2C1C(=O)[O-]
D04065_protomer_1,CCCCCCCCCCC(=O)OC1CCC2C3CCc4cc([O-])ccc4C3CCC12C
D04065_protomer_2,CCCCCCCCCCC(=O)OC1CCC2C3CCc4cc(O)ccc4C3CCC12C
D00648_protomer_2,CCCCCCC[NH+](CC)CCCC(O)c1ccc(NS(C)(=O)=O)cc1
D00648_protomer_1,CCCCCCC[NH+](CC)CCCC(O)c1ccc([N-]S(C)(=O)=O)cc1
D00648_protomer_3,CCCCCCCN(CC)CCCC(O)c1ccc(NS(C)(=O)=O)cc1
D07080_protomer_2,N#CC1CCCN1C(=O)CNC12CC3CC(CC(O)(C3)C1)C2
D02356_protomer_1,COc1ccc(CC[NH+](C)CCCC(C#N)(c2ccc(OC)c(OC)c2)C(C)C)cc1OC
D02356_protomer_2,COc1ccc(CCN(C)CCCC(C#N)(c2ccc(OC)c(OC)c2)C(C)C)cc1OC
D02214_protomer_2,COc1cccc2c1C(=O)c1c(O)c3c(c([O-])c1C2=O)CC(O)(C(=O)CO)CC3OC1CC([NH3+])C(O)C(C)O1
D02214_protomer_1,COc1cccc2c1C(=O)c1c([O-])c3c(c([O-])c1C2=O)CC(O)(C(=O)CO)CC3OC1CC([NH3+])C(O)C(C)O1
D02214_protomer_3,COc1cccc2c1C(=O)c1c(O)c3c(c(O)c1C2=O)CC(O)(C(=O)CO)CC3OC1CC(N)C(O)C(C)O1
D00289_protomer_1,C#CC1(O)CCC2C3CCC4=Cc5oncc5CC4(C)C3CCC21C
D00316_protomer_1,CCOC(=O)C=C(C)C=CC=C(C)C=Cc1c(C)cc(OC)c(C)c1C
D00924_protomer_1,CON=C(C(=O)NC1C(=O)N2C(C(=O)[O-])=C(CSc3nc(=O)c(O)nn3C)CSC12)c1csc(N)n1
D00924_protomer_2,CON=C(C(=O)NC1C(=O)N2C(C(=O)[O-])=C(CSc3nc(=O)c([O-])nn3C)CSC12)c1csc(N)n1
D03213_protomer_1,COc1ccc(-n2nc(C(N)=O)c3c2C(=O)N(c2ccc(N4CCCCC4=O)cc2)CC3)cc1
D00186_protomer_2,O=C(O)c1cn(C2CC2)c2cc(N3CCNCC3)c(F)cc2c1=O
D00186_protomer_1,O=C([O-])c1cn(C2CC2)c2cc(N3CC[NH2+]CC3)c(F)cc2c1=O
D02354_protomer_1,CCSc1ccc2c(c1)N(CCC[NH+]1CC[NH+](C)CC1)c1ccccc1S2
D02354_protomer_2,CCSc1ccc2c(c1)N(CCCN1CCN(C)CC1)c1ccccc1S2
D02274_protomer_1,O=C1N=C(O)CN1N=Cc1ccc(-c2ccc([N+](=O)[O-])cc2)o1
D02274_protomer_2,O=C1N=C([O-])CN1N=Cc1ccc(-c2ccc([N+](=O)[O-])cc2)o1
D02705_protomer_1,OCC1OC2OC3C(CO)OC(OC4C(CO)OC(OC5C(CO)OC(OC6C(CO)OC(OC7C(CO)OC(OC1C(O)C2O)C(O)C7O)C(O)C6O)C(O)C5O)C(O)C4O)C(O)C3O
D03495_protomer_1,Cc1nccn1CC1CCc2c(c3cccc4c3n2CCC4)C1=O
D00868_protomer_2,NCC1OC(OC2C(CO)OC(OC3C(O)C(N)CC(N)C3OC3OC(CO)C(O)C(O)C3N)C2O)C(N)C(O)C1O
D02394_protomer_1,O=C([O-])C(O)C(O)C(O)C(O)CO
D02383_protomer_2,CC(Cc1ccccc1)NCCC(c1ccccc1)c1ccccc1
D02383_protomer_1,CC(Cc1ccccc1)[NH2+]CCC(c1ccccc1)c1ccccc1
D07595_protomer_1,O=C1NC(c2ccccc2)(c2ccccc2)C(=O)N1COP(=O)([O-])[O-]
D08011_protomer_2,COc1c(N2CCNC(C)C2)c(F)cc2c(=O)c(C(=O)O)cn(C3CC3)c12
D08011_protomer_1,COc1c(N2CC[NH2+]C(C)C2)c(F)cc2c(=O)c(C(=O)[O-])cn(C3CC3)c12
D04979_protomer_2,CN1CCC(CN2c3ccccc3Sc3ccccc32)C1
D04979_protomer_1,C[NH+]1CCC(CN2c3ccccc3Sc3ccccc32)C1
D00681_protomer_2,CCC(CO)NC(=O)C1C=C2c3cccc4c3c(cn4C)CC2N(C)C1
D00681_protomer_1,CCC(CO)NC(=O)C1C=C2c3cccc4c3c(cn4C)CC2[NH+](C)C1
D07813_protomer_1,NC(=[NH2+])c1ccc(OCCCOc2ccc(C(N)=[NH2+])cc2Br)c(Br)c1
D07813_protomer_2,N=C(N)c1ccc(OCCCOc2ccc(C(=N)N)cc2Br)c(Br)c1
D07374_protomer_2,CC(=O)NC(CC(=O)NC(CCC(=O)O)C(=O)O)C(=O)O
D07242_protomer_2,CCC1OC(=O)C(C)C(OC2CC(C)(OC)C(O)C(C)O2)C(C)C(OC2OC(C)CC(N(C)C)C2O)C(C)(O)CC(C)(F)C(=O)C(C)C(O)C1(C)O
D07247_protomer_1,O=C1[N-]OCC1N=Cc1ccc(C=NC2CO[N-]C2=O)cc1
D07247_protomer_2,O=C1NOCC1N=Cc1ccc(C=NC2CONC2=O)cc1
D02626_protomer_1,CCCCCCCCCC(=O)OC1(c2ccc(Br)cc2)CC[NH+](CCCC(=O)c2ccc(F)cc2)CC1
D02626_protomer_2,CCCCCCCCCC(=O)OC1(c2ccc(Br)cc2)CCN(CCCC(=O)c2ccc(F)cc2)CC1
D07735_protomer_2,COC(C(=O)NC1C(=O)N2C1SC(C)(C)C2C(=O)O)c1ccc(Cl)c(Cl)c1
D07735_protomer_1,COC(C(=O)NC1C(=O)N2C1SC(C)(C)C2C(=O)[O-])c1ccc(Cl)c(Cl)c1
D07525_protomer_2,O=C(O)CC(O)(CC(=O)O)C(=O)O
D07850_protomer_2,CN(C)CCOCCOC(=O)N1c2ccccc2Sc2ccccc21
D07850_protomer_1,C[NH+](C)CCOCCOC(=O)N1c2ccccc2Sc2ccccc21
D07313_protomer_2,CN(C)CCCN1c2ccccc2Sc2cccnc21
D07313_protomer_1,C[NH+](C)CCCN1c2ccccc2Sc2cccnc21
D02162_protomer_1,C[NH+](C)CCC=C1c2ccccc2Sc2ccc(Cl)cc21
D02162_protomer_2,CN(C)CCC=C1c2ccccc2Sc2ccc(Cl)cc21
D00359_protomer_1,CCC(C)C(=O)OC1CC(C)C=C2C=CC(C)C(CCC3CC(O)CC(=O)O3)C21
D08289_protomer_1,CCCCCCCCN=c1ccn(CCCCCCCCCCn2ccc(=NCCCCCCCC)cc2)cc1
D03274_protomer_2,CN(C)CCCN1c2ccccc2Sc2ccc(Cl)cc21
D03274_protomer_1,C[NH+](C)CCCN1c2ccccc2Sc2ccc(Cl)cc21
D10518_protomer_3,CC(C)C(N)C(=O)OCCOCn1cnc2c(=O)[nH]c(N)nc21
D10518_protomer_2,CC(C)C([NH3+])C(=O)OCCOCn1cnc2c(=O)[n-]c(N)nc21
D02119_protomer_1,CC1(C)SC2C(NC(=O)C([NH3+])c3ccccc3)C(=O)N2C1C(=O)[O-]
D07202_protomer_1,CC1CC2C3CC(F)C4=CC(=O)C(Cl)=CC4(C)C3(F)C(O)CC2(C)C1(O)C(=O)CO
D07459_protomer_2,c1ccc(CN(CC2=NCCN2)c2ccccc2)cc1
D07459_protomer_1,c1ccc(CN(CC2=[NH+]CCN2)c2ccccc2)cc1
D01131_protomer_1,O=C(CS(=O)Cc1ccco1)NCC=CCOc1cc(C[NH+]2CCCCC2)ccn1
D01131_protomer_2,O=C(CS(=O)Cc1ccco1)NCC=CCOc1cc(CN2CCCCC2)ccn1
D07389_protomer_2,CC(CCN1CCOCC1)OC(=O)C1(c2ccccc2)CCOCC1
D07389_protomer_1,CC(CC[NH+]1CCOCC1)OC(=O)C1(c2ccccc2)CCOCC1
D07482_protomer_1,C[NH+]1CCC(=C2c3ccccc3CCc3cccnc32)CC1
D07482_protomer_2,CN1CCC(=C2c3ccccc3CCc3cccnc32)CC1
D00427_protomer_1,CC(C)c1nc(CN(C)C(=O)NC(C(=O)NC(Cc2ccccc2)CC(O)C(Cc2ccccc2)NC(=O)OCc2cncs2)C(C)C)cs1
D08195_protomer_2,CCC(=O)C(CC(C)N(C)C)(c1ccccc1)c1ccccc1
D08195_protomer_1,CCC(=O)C(CC(C)[NH+](C)C)(c1ccccc1)c1ccccc1
D00426_protomer_2,Cc1nc2n(c(=O)c1CCN1CCC(c3noc4cc(F)ccc34)CC1)CCCC2
D00426_protomer_1,Cc1nc2n(c(=O)c1CC[NH+]1CCC(c3noc4cc(F)ccc34)CC1)CCCC2
D08323_protomer_3,CN1CCC23c4c5ccc(O)c4OC2C(=O)CCC3(O)C1C5
D08323_protomer_1,C[NH+]1CCC23c4c5ccc([O-])c4OC2C(=O)CCC3(O)C1C5
D08323_protomer_2,C[NH+]1CCC23c4c5ccc(O)c4OC2C(=O)CCC3(O)C1C5
D01294_protomer_1,C#CC1(OC(C)=O)CCC2C3CCC4=CC(OC(C)=O)CCC4C3CCC21C
D08668_protomer_3,CCCc1nc(C)c2c(=O)[nH]c(-c3cc(S(=O)(=O)N4CCN(CC)CC4)ccc3OCC)nn12
D02671_protomer_2,CN1CCCCC1CCN1c2ccccc2Sc2ccc(S(C)=O)cc21
D02671_protomer_1,C[NH+]1CCCCC1CCN1c2ccccc2Sc2ccc(S(C)=O)cc21
D02082_protomer_1,CCCCc1ncc(C=C(Cc2cccs2)C(=O)[O-])n1Cc1ccc(C(=O)[O-])cc1
D02082_protomer_2,CCCCc1ncc(C=C(Cc2cccs2)C(=O)O)n1Cc1ccc(C(=O)O)cc1
D07961_protomer_1,Cc1c(-c2ccccc2)oc2c(C(=O)OCC[NH+]3CCCCC3)cccc2c1=O
D07961_protomer_2,Cc1c(-c2ccccc2)oc2c(C(=O)OCCN3CCCCC3)cccc2c1=O
D01060_protomer_1,[CH-]=NCC(C)(C)OC
C07814_protomer_2,CN1C2CCC1CC(OC(=O)C(O)c1ccccc1)C2
C07814_protomer_1,C[NH+]1C2CCC1CC(OC(=O)C(O)c1ccccc1)C2
D00490_protomer_1,CC12CC(=CO)C(=O)CC1CCC1C2CCC2(C)C1CCC2(C)O
D00491_protomer_1,CC(=O)OC1C(=O)C2(C)C(O)CC3OCC3(OC(C)=O)C2C(OC(=O)c2ccccc2)C2(O)CC(OC(=O)C(O)C(NC(=O)c3ccccc3)c3ccccc3)C(C)=C1C2(C)C
D07834_protomer_1,CC(C)C1(NC(=O)C2CC3c4cccc5[nH]cc(c45)CC3[NH+](C)C2)OC2(O)C3CCCN3C(=O)C(Cc3ccccc3)N2C1=O
D07834_protomer_2,CC(C)C1(NC(=O)C2CC3c4cccc5[nH]cc(c45)CC3N(C)C2)OC2(O)C3CCCN3C(=O)C(Cc3ccccc3)N2C1=O
D00892_protomer_1,CC(C)n1c(C=CC(O)CC(O)CC(=O)[O-])c(-c2ccc(F)cc2)c2ccccc21
D06137_protomer_1,Cc1ccc(OC(=O)C(C(=O)NC2C(=O)N3C2SC(C)(C)C3C(=O)[O-])c2ccsc2)cc1
D02877_protomer_2,CCN(CCCc1ccccc1)CCCc1ccccc1
D02877_protomer_1,CC[NH+](CCCc1ccccc1)CCCc1ccccc1
D00550_protomer_1,Cc1ncc2n1-c1ccc(Cl)cc1C(c1ccccc1F)=NC2
D02829_protomer_2,Cc1[n-]cnc1CN1CCc2c(c3ccccc3n2C)C1=O
D02829_protomer_1,Cc1[nH]cnc1CN1CCc2c(c3ccccc3n2C)C1=O
D03225_protomer_1,CCC1(O)C(=O)OCc2c1cc1n(c2=O)Cc2c-1nc1ccccc1c2CC[NH2+]C(C)C
D03225_protomer_2,CCC1(O)C(=O)OCc2c1cc1n(c2=O)Cc2c-1nc1ccccc1c2CCNC(C)C
D07291_protomer_1,CC(=O)Nc1ccc(OC(=O)c2ccccc2OC(C)=O)cc1
D10871_protomer_1,O=C(Nc1nc2cccc(-c3ccc(C[NH+]4CCS(=O)(=O)CC4)cc3)n2n1)C1CC1
D10871_protomer_2,O=C(Nc1nc2cccc(-c3ccc(CN4CCS(=O)(=O)CC4)cc3)n2n1)C1CC1
D00560_protomer_3,O=c1[nH]c2ccccc2n1C1CCN(CCCC(c2ccc(F)cc2)c2ccc(F)cc2)CC1
D00560_protomer_1,O=c1[nH]c2ccccc2n1C1CC[NH+](CCCC(c2ccc(F)cc2)c2ccc(F)cc2)CC1
D00560_protomer_2,O=c1[n-]c2ccccc2n1C1CC[NH+](CCCC(c2ccc(F)cc2)c2ccc(F)cc2)CC1
D10531_protomer_2,CCCC1CC(C(=O)NC(C(C)Cl)C2OC(SC)C(OP(=O)(O)O)C(O)C2O)N(C)C1
D10531_protomer_1,CCCC1CC(C(=O)NC(C(C)Cl)C2OC(SC)C(OP(=O)([O-])[O-])C(O)C2O)[NH+](C)C1
D00188_protomer_1,C=C1CCC(O)CC1=CC=C1CCCC2(C)C1CCC2C(C)CCCC(C)C
D08676_protomer_1,CCC12CCC[NH+]3CCc4c(n(c5ccccc45)C(=O)C1)C32
D08676_protomer_2,CCC12CCCN3CCc4c(n(c5ccccc45)C(=O)C1)C32
D00891_protomer_1,Nc1nc([NH2+]C2CC2)c2ncn(C3C=CC(CO)C3)c2n1
D00891_protomer_2,Nc1nc(NC2CC2)c2ncn(C3C=CC(CO)C3)c2n1
D03431_protomer_1,CON=C(C(=O)NC1C(=O)N2C(C(=O)OC(C)OC(=O)C(C)(C)OC)=C(COC(N)=O)CSC12)c1ccco1
D00616_protomer_1,COc1ccc(C2Sc3ccccc3N(CC[NH+](C)C)C(=O)C2OC(C)=O)cc1
D00616_protomer_2,COc1ccc(C2Sc3ccccc3N(CCN(C)C)C(=O)C2OC(C)=O)cc1
D02592_protomer_1,CC1CC2C3CCC4=CC(=O)C=CC4(C)C3(F)C(O)CC2(C)C1(O)C(=O)COCc1ccccc1
D03463_protomer_1,NC(Nc1ccc(Cl)cc1)=[NH+]C(N)=[NH+]CCCCCC[NH+]=C(N)[NH+]=C(N)Nc1ccc(Cl)cc1
D03463_protomer_2,NC(=NCCCCCCN=C(N)N=C(N)Nc1ccc(Cl)cc1)N=C(N)Nc1ccc(Cl)cc1
D11451_protomer_1,CCC(=O)OC1(C(=O)CO)CCC2C3CCC4=CC(=O)CCC4(C)C3CCC21C
D07792_protomer_1,CC12CCC(=O)C=C1CCC1C2CCC2(C)C(C(=O)CO)CCC12
D08313_protomer_1,Clc1ccc(CON=C(Cn2ccnc2)c2ccc(Cl)cc2Cl)c(Cl)c1
D00753_protomer_1,COC1CC2CCC(C)C(O)(O2)C(=O)C(=O)N2CCCCC2C(=O)OC(C(C)CC2CCC(O)C(OC)C2)CC(=O)C(C)C=C(C)C(O)C(OC)C(=O)C(C)CC(C)C=CC=CC=C1C
D03799_protomer_1,CC12CCC3=C4CCC(=O)C=C4CCC3C1CCC2(O)CC#N
D02084_protomer_1,Nc1cc(-c2ccncc2)c[nH]c1=O
D02084_protomer_2,Nc1cc(-c2ccncc2)c[n-]c1=O
D07819_protomer_1,O=C([O-])Cc1ccccc1Nc1c(Cl)cccc1Cl
D07534_protomer_1,Cc1ccc(C(=O)Oc2ccc(C(O)C[NH2+]C(C)(C)C)cc2OC(=O)c2ccc(C)cc2)cc1
D07534_protomer_2,Cc1ccc(C(=O)Oc2ccc(C(O)CNC(C)(C)C)cc2OC(=O)c2ccc(C)cc2)cc1
D00956_protomer_1,CC12CCC3C4CCC(=O)C=C4CCC3C1CCC2OC(=O)CCc1ccccc1
D01236_protomer_1,Cc1nc2c([nH]1)CCN(C(=O)c1ccc(NC(=O)c3ccccc3-c3ccccc3)cc1)c1ccccc1-2
D01236_protomer_2,Cc1nc2c([n-]1)CCN(C(=O)c1ccc(NC(=O)c3ccccc3-c3ccccc3)cc1)c1ccccc1-2
D02770_protomer_2,CN(C)Cc1nnc2n1-c1ccc(Cl)cc1C(c1ccccc1)=NC2
D02770_protomer_1,C[NH+](C)Cc1nnc2n1-c1ccc(Cl)cc1C(c1ccccc1)=NC2
D00326_protomer_2,CNCCC(Oc1ccc(C(F)(F)F)cc1)c1ccccc1
D00374_protomer_2,CN1CCN(CCC=C2c3ccccc3Sc3ccc(S(=O)(=O)N(C)C)cc32)CC1
D07645_protomer_3,CCN1CCN(C(=O)NC(C(=O)NC2C(=O)N3C(C(=O)O)=C(CSc4nnnn4C)CSC23)c2ccc(O)cc2)C(=O)C1=O
D07645_protomer_2,CCN1CCN(C(=O)NC(C(=O)NC2C(=O)N3C(C(=O)[O-])=C(CSc4nnnn4C)CSC23)c2ccc([O-])cc2)C(=O)C1=O
D07645_protomer_1,CCN1CCN(C(=O)NC(C(=O)NC2C(=O)N3C(C(=O)[O-])=C(CSc4nnnn4C)CSC23)c2ccc(O)cc2)C(=O)C1=O
D00521_protomer_2,CC(C)(C)c1ccc(C(O)CCCN2CCC(C(O)(c3ccccc3)c3ccccc3)CC2)cc1
D00521_protomer_1,CC(C)(C)c1ccc(C(O)CCC[NH+]2CCC(C(O)(c3ccccc3)c3ccccc3)CC2)cc1
D07659_protomer_1,CON=C(C(=O)NC1C(=O)N2C(C(=O)[O-])=C(CSc3nc(=O)c(=O)[nH]n3C)CSC12)c1csc(N)n1
D07659_protomer_3,CON=C(C(=O)NC1C(=O)N2C(C(=O)O)=C(CSc3nc(=O)c(=O)[nH]n3C)CSC12)c1csc(N)n1
D07659_protomer_2,CON=C(C(=O)NC1C(=O)N2C(C(=O)[O-])=C(CSc3nc(=O)c(=O)[n-]n3C)CSC12)c1csc(N)n1
D07394_protomer_1,COc1ccc2c(c1)C(O)(CCC[NH+](C)C)c1ccccc1S2
D07394_protomer_2,COc1ccc2c(c1)C(O)(CCCN(C)C)c1ccccc1S2
D00676_protomer_2,C[N-]S(=O)(=O)Cc1ccc2[nH]cc(CC[NH+](C)C)c2c1
D00676_protomer_3,CNS(=O)(=O)Cc1ccc2[nH]cc(CCN(C)C)c2c1
D07282_protomer_1,CC(=O)C1CCC2C3CCC4CC(O)CCC4(C)C3C(=O)CC12C
D07791_protomer_2,CNCCCN1c2ccccc2CCc2ccccc21
D07791_protomer_1,C[NH2+]CCCN1c2ccccc2CCc2ccccc21
D08426_protomer_2,CCN(CC)C(C)CN1c2ccccc2Sc2ccccc21
D08426_protomer_1,CC[NH+](CC)C(C)CN1c2ccccc2Sc2ccccc21
D00577_protomer_1,CCC(=C(CC)c1ccc(O)cc1)c1ccc([O-])cc1
D00577_protomer_2,CCC(=C(CC)c1ccc([O-])cc1)c1ccc([O-])cc1
D00577_protomer_3,CCC(=C(CC)c1ccc(O)cc1)c1ccc(O)cc1
D02405_protomer_1,CC1(C)SC2C(NC(=O)COc3ccccc3)C(=O)N2C1C(=O)[O-]
D02405_protomer_2,CC1(C)SC2C(NC(=O)COc3ccccc3)C(=O)N2C1C(=O)O
D07286_protomer_1,CC(=O)Oc1ccc2c3c1OC1C(OC(C)=O)C=CC4C(C2)[NH+](C)CCC341
D07286_protomer_2,CC(=O)Oc1ccc2c3c1OC1C(OC(C)=O)C=CC4C(C2)N(C)CCC341
D03325_protomer_1,CC1CC2C3CCC4=CC(=O)C=CC4(C)C3(Cl)C(O)CC2(C)C1(OC(=O)c1ccco1)C(=O)CCl
D07275_protomer_2,CCCCOCC(CN1C(=O)NC(=O)C(CC)(c2ccccc2)C1=O)OC(N)=O
D07275_protomer_1,CCCCOCC(CN1C(=O)[N-]C(=O)C(CC)(c2ccccc2)C1=O)OC(N)=O
D03165_protomer_2,CC(C)CC1C(=O)N2CCCC2C2(O)OC(NC(=O)C3C=C4c5cccc6[nH]c(Br)c(c56)CC4N(C)C3)(C(C)C)C(=O)N12
D03165_protomer_1,CC(C)CC1C(=O)N2CCCC2C2(O)OC(NC(=O)C3C=C4c5cccc6[nH]c(Br)c(c56)CC4[NH+](C)C3)(C(C)C)C(=O)N12
D07660_protomer_1,CCN(CC)C(=O)Nc1ccc(OCC(O)C[NH2+]C(C)(C)C)c(C(C)=O)c1
D07660_protomer_2,CCN(CC)C(=O)Nc1ccc(OCC(O)CNC(C)(C)C)c(C(C)=O)c1
D07138_protomer_1,OCCN(CCO)c1nc(-c2ccccc2)c(-c2ccccc2)o1
D07648_protomer_1,C[NH+](C)CCn1nnnc1SCC1=C(C(=O)[O-])N2C(=O)C(NC(=O)Cc3csc(N)n3)C2SC1
D07648_protomer_2,CN(C)CCn1nnnc1SCC1=C(C(=O)O)N2C(=O)C(NC(=O)Cc3csc(N)n3)C2SC1
D00796_protomer_1,CCc1c(C)[nH]c2c1C(=O)C(C[NH+]1CCOCC1)CC2
D00796_protomer_2,CCc1c(C)[nH]c2c1C(=O)C(CN1CCOCC1)CC2
D00464_protomer_1,O=C1Nc2ccc(Cl)cc2C(c2ccccc2)=NC1O
D02732_protomer_1,O=C(Nc1cccc2c(=O)cc(-c3nn[n-]n3)oc12)c1ccc(OCCCCc2ccccc2)cc1
D02732_protomer_2,O=C(Nc1cccc2c(=O)cc(-c3nn[nH]n3)oc12)c1ccc(OCCCCc2ccccc2)cc1
D07705_protomer_1,C[NH+](C)CCCC1(c2ccc(F)cc2)OCc2cc(C#N)ccc21
D07705_protomer_2,CN(C)CCCC1(c2ccc(F)cc2)OCc2cc(C#N)ccc21
D00465_protomer_1,CC[NH+](CC)CC#CCOC(=O)C(O)(c1ccccc1)C1CCCCC1
D00465_protomer_2,CCN(CC)CC#CCOC(=O)C(O)(c1ccccc1)C1CCCCC1
D07617_protomer_1,C[NH+](C)CCOC(c1ccc(Cl)cc1)c1ccccn1
D07617_protomer_2,CN(C)CCOC(c1ccc(Cl)cc1)c1ccccn1
D03785_protomer_1,Cc1cc(=O)n(-c2ccccc2)n1C
D03813_protomer_1,CC1CC2C3CC(F)C4=CC(=O)C=CC4(C)C3(F)C(O)CC2(C)C1C(=O)COC(=O)C(C)(C)C
D08837_protomer_1,O=C(OC1C[N+]2(CCCOc3ccccc3)CCC1CC2)C(O)(c1cccs1)c1cccs1
D02756_protomer_1,CCC1(O)CC(OC2CC([NH+](C)C)C(OC3CC(O)C(OC4CCC(=O)C(C)O4)C(C)O3)C(C)O2)c2c(cc3c(c2[O-])C(=O)c2c([O-])cccc2C3=O)C1C(=O)OC
D02756_protomer_3,CCC1(O)CC(OC2CC(N(C)C)C(OC3CC(O)C(OC4CCC(=O)C(C)O4)C(C)O3)C(C)O2)c2c(cc3c(c2O)C(=O)c2c(O)cccc2C3=O)C1C(=O)OC
D02756_protomer_2,CCC1(O)CC(OC2CC([NH+](C)C)C(OC3CC(O)C(OC4CCC(=O)C(C)O4)C(C)O3)C(C)O2)c2c(cc3c(c2O)C(=O)c2c([O-])cccc2C3=O)C1C(=O)OC
D05521_protomer_1,CC(C)(C)C(=O)OCOC(=O)C1N2C(=O)C(NC(=O)C([NH3+])c3ccccc3)C2SC1(C)C
D05521_protomer_2,CC(C)(C)C(=O)OCOC(=O)C1N2C(=O)C(NC(=O)C(N)c3ccccc3)C2SC1(C)C
D02448_protomer_1,COc1ncnc([N-]S(=O)(=O)c2ccc(N)cc2)c1OC
D02448_protomer_2,COc1ncnc(NS(=O)(=O)c2ccc(N)cc2)c1OC
D07272_protomer_2,COc1ccc2cc1Oc1cc3c(cc1OC)CCN(C)C3Cc1ccc(cc1)Oc1c(OC)c(OC)cc3c1C(C2)[N+](C)(C)CC3
D07272_protomer_1,COc1ccc2cc1Oc1cc3c(cc1OC)CC[NH+](C)C3Cc1ccc(cc1)Oc1c(OC)c(OC)cc3c1C(C2)[N+](C)(C)CC3
D01093_protomer_2,CN(Cc1ccc(C(C)(C)C)cc1)Cc1cccc2ccccc12
D01093_protomer_1,C[NH+](Cc1ccc(C(C)(C)C)cc1)Cc1cccc2ccccc12
D04790_protomer_1,CCCCC(F)(F)C1(O)CCC2C(CC(=O)C2CCCCCCC(=O)[O-])O1
D04790_protomer_2,CCCCC(F)(F)C1(O)CCC2C(CC(=O)C2CCCCCCC(=O)O)O1
D08234_protomer_3,CN1CCC23c4c5ccc(O)c4OC2C(O)C=CC3C1C5
D08234_protomer_2,C[NH+]1CCC23c4c5ccc([O-])c4OC2C(O)C=CC3C1C5
D08234_protomer_1,C[NH+]1CCC23c4c5ccc(O)c4OC2C(O)C=CC3C1C5
D07511_protomer_2,CN1C2CCC1CC(OC(c1ccccc1)c1ccccc1)C2
D07511_protomer_1,C[NH+]1C2CCC1CC(OC(c1ccccc1)c1ccccc1)C2
D07724_protomer_1,CC(C)(Oc1ccc(Cl)cc1)C(=O)[O-]
D05701_protomer_2,COc1ccccc1OCC(O)CN1CCN(CC(=O)Nc2c(C)cccc2C)CC1
D00325_protomer_1,CC(=O)OCC(=O)C12OC(C)(C)OC1CC1C3CC(F)C4=CC(=O)C=CC4(C)C3(F)C(O)CC12C
D03399_protomer_1,CCCCCC(C)(O)C=CC1C(O)CC(O)C1CC=CCCCC(=O)OC
D03461_protomer_1,O=C(NC(CO)C(O)c1ccc([N+](=O)[O-])cc1)C(Cl)Cl
D00934_protomer_1,O=C([O-])C(O)C(O)C(O)C(O)C(O)CO
D00666_protomer_1,C[NH+]1CCCC1CCOC(C)(c1ccccc1)c1ccc(Cl)cc1
D00666_protomer_2,CN1CCCC1CCOC(C)(c1ccccc1)c1ccc(Cl)cc1
D07500_protomer_1,C[NH+](C)CCCOC1(Cc2ccccc2)CCCCCC1
D07500_protomer_2,CN(C)CCCOC1(Cc2ccccc2)CCCCCC1
D07892_protomer_1,CCOC(=O)C(CCc1ccccc1)[NH2+]C(C)C(=O)N1CCCC1C(=O)[O-]
D07892_protomer_2,CCOC(=O)C(CCc1ccccc1)NC(C)C(=O)N1CCCC1C(=O)O
D00403_protomer_2,COc1ccc2c(c1)N(CC(C)CN(C)C)c1ccccc1S2
D00403_protomer_1,COc1ccc2c(c1)N(CC(C)C[NH+](C)C)c1ccccc1S2
D08035_protomer_1,O=C(CCC[NH+]1CCC(O)(c2ccc(Cl)cc2)CC1)c1ccc(F)cc1
D08035_protomer_2,O=C(CCCN1CCC(O)(c2ccc(Cl)cc2)CC1)c1ccc(F)cc1
D01024_protomer_3,CCOc1ccccc1OCCNC(C)Cc1ccc(OC)c(S(N)(=O)=O)c1
D01024_protomer_1,CCOc1ccccc1OCC[NH2+]C(C)Cc1ccc(OC)c(S(N)(=O)=O)c1
D01024_protomer_2,CCOc1ccccc1OCC[NH2+]C(C)Cc1ccc(OC)c(S([NH-])(=O)=O)c1
D00719_protomer_2,CN1C2CCC1CC(OC(=O)C(CO)c1ccccc1)C2
D00719_protomer_1,C[NH+]1C2CCC1CC(OC(=O)C(CO)c1ccccc1)C2
D06010_protomer_2,Cc1nc(C)c2c(n1)N(Cc1ccc(-c3ccccc3-c3nn[nH]n3)cc1)C(=O)CC2
D06010_protomer_1,Cc1nc(C)c2c(n1)N(Cc1ccc(-c3ccccc3-c3nn[n-]n3)cc1)C(=O)CC2
D03820_protomer_1,CC12C=CC(=O)NC1CCC1C2CCC2(C)C(C(=O)Nc3cc(C(F)(F)F)ccc3C(F)(F)F)CCC12
D02102_protomer_1,CCC(=O)C(CC(C)[NH+](C)C)(c1ccccc1)c1ccccc1
D02102_protomer_2,CCC(=O)C(CC(C)N(C)C)(c1ccccc1)c1ccccc1
D00190_protomer_1,CC1OC(OCC2OC(Oc3c(-c4ccc(O)c([O-])c4)oc4cc([O-])cc([O-])c4c3=O)C(O)C(O)C2O)C(O)C(O)C1O
D00190_protomer_3,CC1OC(OCC2OC(Oc3c(-c4ccc(O)c(O)c4)oc4cc(O)cc(O)c4c3=O)C(O)C(O)C2O)C(O)C(O)C1O
D00190_protomer_2,CC1OC(OCC2OC(Oc3c(-c4ccc([O-])c([O-])c4)oc4cc([O-])cc([O-])c4c3=O)C(O)C(O)C2O)C(O)C(O)C1O
D00190_protomer_4,CC1OC(OCC2OC(Oc3c(-c4ccc(O)c(O)c4)oc4cc([O-])cc([O-])c4c3=O)C(O)C(O)C2O)C(O)C(O)C1O
D08099_protomer_3,O=C(c1ccc(F)cc1)C1CCN(CCn2c(=O)[nH]c3ccccc3c2=O)CC1
D08099_protomer_1,O=C(c1ccc(F)cc1)C1CC[NH+](CCn2c(=O)[n-]c3ccccc3c2=O)CC1
D08099_protomer_2,O=C(c1ccc(F)cc1)C1CC[NH+](CCn2c(=O)[nH]c3ccccc3c2=O)CC1
D00125_protomer_2,COc1cc(C2c3cc4c(cc3C(OC3OC5COC(C)OC5C(O)C3O)C3COC(=O)C23)OCO4)cc(OC)c1O
D00125_protomer_1,COc1cc(C2c3cc4c(cc3C(OC3OC5COC(C)OC5C(O)C3O)C3COC(=O)C23)OCO4)cc(OC)c1[O-]
D06086_protomer_1,CC12CCC(=O)C=C1CCC1C2CCC2(C)C(OC(=O)Cc3ccccc3)CCC12
D07710_protomer_2,CCC1OC(=O)C(C)C(OC2CC(C)(OC)C(O)C(C)O2)C(C)C(OC2OC(C)CC(N(C)C)C2O)C(C)(OC)CC(C)C(=O)C(C)C(O)C1(C)O
D07710_protomer_1,CCC1OC(=O)C(C)C(OC2CC(C)(OC)C(O)C(C)O2)C(C)C(OC2OC(C)CC([NH+](C)C)C2O)C(C)(OC)CC(C)C(=O)C(C)C(O)C1(C)O
D02476_protomer_1,C=C1c2c(Cl)ccc(O)c2C([O-])=C2C(=O)C3(O)C([O-])=C(C(N)=O)C(=O)C([NH+](C)C)C3C(O)C12
D02476_protomer_3,C=C1c2c(Cl)ccc(O)c2C(O)=C2C(=O)C3(O)C(O)=C(C(N)=O)C(=O)C(N(C)C)C3C(O)C12
D02476_protomer_2,C=C1c2c(Cl)ccc([O-])c2C([O-])=C2C(=O)C3(O)C([O-])=C(C(N)=O)C(=O)C([NH+](C)C)C3C(O)C12
D03714_protomer_2,Cc1ccc(Nc2c(F)cccc2Cl)c(CC(=O)O)c1
D03714_protomer_1,Cc1ccc(Nc2c(F)cccc2Cl)c(CC(=O)[O-])c1
D00290_protomer_2,C[NH+](C)C1C(=O)C(C(N)=O)=C([O-])C2(O)C(=O)C3=C([O-])c4c([O-])ccc(Cl)c4C(O)C3CC12
D00290_protomer_3,CN(C)C1C(=O)C(C(N)=O)=C(O)C2(O)C(=O)C3=C(O)c4c(O)ccc(Cl)c4C(O)C3CC12
D00290_protomer_1,C[NH+](C)C1C(=O)C(C(N)=O)=C([O-])C2(O)C(=O)C3=C([O-])c4c(O)ccc(Cl)c4C(O)C3CC12
D01593_protomer_1,CN1C(=O)CN=C(c2ccccc2)c2cc([N+](=O)[O-])ccc21
D03359_protomer_3,CSCCNc1nc(SCCC(F)(F)F)nc2c1ncn2C1OC(COP(=O)(O)OP(=O)(O)C(Cl)(Cl)P(=O)(O)O)C(O)C1O
D03359_protomer_2,CSCCNc1nc(SCCC(F)(F)F)nc2c1ncn2C1OC(COP(=O)(O)OP(=O)(O)C(Cl)(Cl)P(=O)([O-])O)C(O)C1O
D03359_protomer_1,CSCCNc1nc(SCCC(F)(F)F)nc2c1ncn2C1OC(COP(=O)(O)OP(=O)(O)C(Cl)(Cl)P(=O)([O-])[O-])C(O)C1O
D02262_protomer_2,C=CC1CN2CCC1CC2C(O)c1ccnc2ccc(OC)cc12
D02262_protomer_1,C=CC1C[NH+]2CCC1CC2C(O)c1ccnc2ccc(OC)cc12
D07749_protomer_1,CC12CCC(=O)C=C1CCC1C2C(=O)CC2(C)C1CCC2(O)C(=O)CO
D05511_protomer_1,OCC1OC2OC3C(CO)OC(OC4C(CO)OC(OC5C(CO)OC(OC6C(CO)OC(OC7C(CO)OC(OC8C(CO)OC(OC1C(O)C2O)C(O)C8O)C(O)C7O)C(O)C6O)C(O)C5O)C(O)C4O)C(O)C3O
D08675_protomer_2,CCC1(O)CC2CN(CCc3c([nH]c4ccccc34)C(C(=O)OC)(c3cc4c(cc3OC)N(C)C3C(O)(C(=O)OC)C(OC(C)=O)C5(CC)C=CCN6CCC43C65)C2)C1
D08675_protomer_1,CCC1(O)CC2C[NH+](CCc3c([nH]c4ccccc34)C(C(=O)OC)(c3cc4c(cc3OC)[NH+](C)C3C(O)(C(=O)OC)C(OC(C)=O)C5(CC)C=CC[NH+]6CCC43C65)C2)C1
D00501_protomer_1,CC(=O)CCCCn1c(=O)c2c(ncn2C)n(C)c1=O
D08285_protomer_1,C#CC1(OC(=O)CCCCCC)CCC2C3CCC4=CC(=O)CCC4C3CCC21C
D03046_protomer_1,CCCCCCCCCCCCCCCCCCOP(=O)([O-])OCC1OC(n2ccc(N)nc2=O)C(O)C1O
D02822_protomer_2,C=CCNc1nc(NCC=C)nc(N2CCN(C(c3ccc(F)cc3)c3ccc(F)cc3)CC2)n1
D08870_protomer_1,O=C(C=Cc1cccc(S(=O)(=O)Nc2ccccc2)c1)NO
D08870_protomer_2,O=C(C=Cc1cccc(S(=O)(=O)[N-]c2ccccc2)c1)NO
D07503_protomer_1,O=C([O-])COc1nn(Cc2ccccc2)c2ccccc12
D02587_protomer_1,COC1C(O)CC(OC2C(O)CC(OC3C(O)CC(OC4CCC5(C)C(CCC6C5CC(O)C5(C)C(C7=CC(=O)OC7)CCC65O)C4)OC3C)OC2C)OC1C
D02724_protomer_1,CCNC(=O)CCCC=CCC1C(O)CC(O)C1C=CC(O)CCc1ccccc1
D08095_protomer_1,COc1cc2c(cc1OC)CC(=O)N(CCC[NH+](C)CC1Cc3cc(OC)c(OC)cc31)CC2
D08095_protomer_2,COc1cc2c(cc1OC)CC(=O)N(CCCN(C)CC1Cc3cc(OC)c(OC)cc31)CC2
D08166_protomer_1,CC(=O)C1(O)CCC2C3CC(C)C4=CC(=O)CCC4(C)C3CCC21C
D01741_protomer_2,CCN(CC)C(=O)Nc1ccc(OCC(O)CNC(C)(C)C)c(C(C)=O)c1
D01741_protomer_1,CCN(CC)C(=O)Nc1ccc(OCC(O)C[NH2+]C(C)(C)C)c(C(C)=O)c1
D04370_protomer_2,CN1C2CCCC1CC(NC(=O)c1nn(C)c3ccccc13)C2
D04370_protomer_1,Cn1nc(C(=O)NC2CC3CCCC(C2)[NH+]3C)c2ccccc21
D00589_protomer_1,COc1c(N2CC[NH2+]C(C)C2)c(F)cc2c(=O)c(C(=O)[O-])cn(C3CC3)c12
D00589_protomer_2,COc1c(N2CCNC(C)C2)c(F)cc2c(=O)c(C(=O)O)cn(C3CC3)c12
C07849_protomer_1,CC[N+](C)(CC)CCOC(=O)C1c2ccccc2Oc2ccccc21
D01217_protomer_1,CC(=O)C1CCC2C3C=CC4=CC(=O)CCC4(C)C3CCC12C
D00328_protomer_1,CC1(C)OC2CC3C4CC(F)C5=CC(=O)CCC5(C)C4C(O)CC3(C)C2(C(=O)CO)O1
D00571_protomer_1,O=C([O-])C[NH+](CC[NH+](CC(=O)[O-])CC(=O)[O-])CC(=O)[O-]
D01630_protomer_1,CCCn1cnc2c1c(=O)n(CCCCC(C)=O)c(=O)n2C
D02386_protomer_2,O=C(O)COc1ccc(C(=O)c2cccs2)c(Cl)c1Cl
D05463_protomer_1,O=C([O-])C(O)C(O)C(O)C(O)CO
D00751_protomer_1,CC1CC2C(C(O)CC3(C)C2CCC3(O)C(=O)COC(=O)CCC(=O)[O-])C2(C)C=CC(=O)C=C12
D02571_protomer_2,CC(C)CC(N(C)C)C1(c2ccc(Cl)cc2)CCC1
D07213_protomer_1,CCCCCC=CCC=CCC=CCCCCC(=O)[O-]
D07213_protomer_2,CCCCCC=CCC=CCC=CCCCCC(=O)O
D02376_protomer_1,CON=C(C(=O)NC1C(=O)N2C(C(=O)[O-])=C(C[N+]3(C)CCCC3)CSC12)c1csc(N)n1
D07638_protomer_1,CCC=C(C(=O)NC1C(=O)N2C(C(=O)[O-])=C(COC(N)=O)CSC12)c1csc(N)n1
D07638_protomer_2,CCC=C(C(=O)NC1C(=O)N2C(C(=O)O)=C(COC(N)=O)CSC12)c1csc(N)n1
D11720_protomer_1,CC#CC(=O)N1CCCC1c1nc(-c2ccc(C(=O)Nc3ccccn3)cc2)c2c(N)nccn12
D08102_protomer_2,CC(C(=O)O)c1cccc(C(=O)c2ccccc2)c1
D02127_protomer_2,O=C(O)CC(O)(CC(=O)O)C(=O)O
D00106_protomer_1,CCCCCC(O)C=CC1C(O)CC2OC(=CCCCC(=O)[O-])CC21
D00106_protomer_2,CCCCCC(O)C=CC1C(O)CC2OC(=CCCCC(=O)O)CC21
D02643_protomer_2,CCCC(=O)c1ccc2c(c1)N(CCCN1CCN(C)CC1)c1ccccc1S2
D02643_protomer_1,CCCC(=O)c1ccc2c(c1)N(CCC[NH+]1CC[NH+](C)CC1)c1ccccc1S2
D11673_protomer_1,N#Cc1cccc(C([NH2+]CC2CC2)c2ccc(F)c(NC(=O)c3cc(C(F)(F)F)nn3-c3cccc(C[NH3+])c3)c2)c1
D11673_protomer_2,N#Cc1cccc(C(NCC2CC2)c2ccc(F)c(NC(=O)c3cc(C(F)(F)F)nn3-c3cccc(CN)c3)c2)c1
D10729_protomer_1,Cc1c(C(=O)Nc2ccc(N3CC(C)OC(C)C3)nc2)cccc1-c1ccc(OC(F)(F)F)cc1
D02360_protomer_2,CNC1CCC(c2ccc(Cl)c(Cl)c2)c2ccccc21
D02360_protomer_1,C[NH2+]C1CCC(c2ccc(Cl)c(Cl)c2)c2ccccc21
D08060_protomer_2,CCCCCCC[NH+](CC)CCCC(O)c1ccc(NS(C)(=O)=O)cc1
D08060_protomer_3,CCCCCCCN(CC)CCCC(O)c1ccc(NS(C)(=O)=O)cc1
D08060_protomer_1,CCCCCCC[NH+](CC)CCCC(O)c1ccc([N-]S(C)(=O)=O)cc1
D00636_protomer_1,CCCCc1oc2ccccc2c1C(=O)c1cc(I)c(OCC[NH+](CC)CC)c(I)c1
D00636_protomer_2,CCCCc1oc2ccccc2c1C(=O)c1cc(I)c(OCCN(CC)CC)c(I)c1
D07116_protomer_1,CC1CC2C3C(Cl)CC4=CC(=O)C=CC4(C)C3C(O)CC2(C)C1(O)C(=O)CO
D02968_protomer_2,CC(OC1OCC[NH+](Cc2n[nH]c(=O)[n-]2)C1c1ccc(F)cc1)c1cc(C(F)(F)F)cc(C(F)(F)F)c1
D02968_protomer_3,CC(OC1OCCN(Cc2n[nH]c(=O)[nH]2)C1c1ccc(F)cc1)c1cc(C(F)(F)F)cc(C(F)(F)F)c1
D02968_protomer_1,CC(OC1OCC[NH+](Cc2n[n-]c(=O)[n-]2)C1c1ccc(F)cc1)c1cc(C(F)(F)F)cc(C(F)(F)F)c1
C14487_protomer_1,C#CC1(O)CCC2C3CCC4=CC(=O)CCC4(C)C3CCC21C
D07406_protomer_1,C[NH+]1CCC(=C2c3ccccc3Sc3ccccc32)CC1
D07406_protomer_2,CN1CCC(=C2c3ccccc3Sc3ccccc32)CC1
D00482_protomer_2,CCC(=O)OC(Cc1ccccc1)(c1ccccc1)C(C)CN(C)C
D00482_protomer_1,CCC(=O)OC(Cc1ccccc1)(c1ccccc1)C(C)C[NH+](C)C
D06107_protomer_1,CC(CN1c2ccccc2Sc2ccccc21)[N+](C)(C)C
D07615_protomer_2,CC1(C(=O)O)CCC2(C)CCC3(C)C(=CC(=O)C4C5(C)CCC(OC(=O)CCC(=O)O)C(C)(C)C5CCC43C)C2C1
D07615_protomer_1,CC1(C(=O)[O-])CCC2(C)CCC3(C)C(=CC(=O)C4C5(C)CCC(OC(=O)CCC(=O)[O-])C(C)(C)C5CCC43C)C2C1
D00613_protomer_2,[O-]c1cc2c(c(Cl)c1[O-])CC[NH2+]CC2c1ccc(O)cc1
D00613_protomer_1,[O-]c1ccc(C2C[NH2+]CCc3c2cc([O-])c([O-])c3Cl)cc1
D00613_protomer_3,Oc1ccc(C2CNCCc3c2cc(O)c(O)c3Cl)cc1
D08865_protomer_1,CCOc1nc2cccc(C(=O)OCc3oc(=O)oc3C)c2n1Cc1ccc(-c2ccccc2-c2noc(=O)[n-]2)cc1
D08865_protomer_2,CCOc1nc2cccc(C(=O)OCc3oc(=O)oc3C)c2n1Cc1ccc(-c2ccccc2-c2noc(=O)[nH]2)cc1
D07084_protomer_1,CC[N+]1(C)CCCC(OC(=O)C(O)(c2ccccc2)c2ccccc2)C1
D00014_protomer_2,NC(CCC(=O)NC(CS)C(=O)NCC(=O)O)C(=O)O
D00014_protomer_1,[NH3+]C(CCC(=O)NC(CS)C(=O)NCC(=O)[O-])C(=O)[O-]
D00383_protomer_2,CCOC(=O)C(CCc1ccccc1)NC(C)C(=O)N1C(C(=O)O)CC2CCCCC21
D00383_protomer_1,CCOC(=O)C(CCc1ccccc1)[NH2+]C(C)C(=O)N1C(C(=O)[O-])CC2CCCCC21
